source_row_id,state_code,city_name,normalized_city_name,centre_area,rate_zone_code,surcharge_code,surcharge_type,surcharge_amount_minor
56,AB,ABALA IBEME,ABALAIBEME,ABA,21,629,R,700000
57,AB,ABIRIBA,ABIRIBA,ABA,21,629,R,700000
58,AB,AHABA,AHABA,ABA,21,629,R,700000
1,AB,AHIABA OKPUALA,AHIABAOKPUALA,ABA,21,524,E,500000
2,AB,AHIABA UBI,AHIABAUBI,ABA,21,524,E,500000
59,AB,AKANU ITEM,AKANUITEM,ABA,21,629,R,700000
60,AB,AKOLI,AKOLI,ABA,21,629,R,700000
61,AB,AKWETE,AKWETE,ABA,21,629,R,700000
62,AB,ALAYI,ALAYI,ABA,21,629,R,700000
63,AB,AMAAKE-ITEM,AMAAKEITEM,ABA,21,629,R,700000
64,AB,AMABA,AMABA,ABA,21,629,R,700000
3,AB,AMACHARA,AMACHARA,ABA,21,524,E,500000
4,AB,AMACHI NSULU,AMACHINSULU,ABA,21,524,E,500000
65,AB,AMAEKE ABAM,AMAEKEABAM,ABA,21,629,R,700000
66,AB,AMAEKPU,AMAEKPU,ABA,21,629,R,700000
5,AB,AMAKAMA,AMAKAMA,ABA,21,524,E,500000
67,AB,AMANGWU,AMANGWU,ABA,21,629,R,700000
68,AB,AMANKALU,AMANKALU,ABA,21,629,R,700000
69,AB,AMAOGUDU,AMAOGUDU,ABA,21,629,R,700000
6,AB,AMAORJI,AMAORJI,ABA,21,524,E,500000
70,AB,AMAPU NTIGHA,AMAPUNTIGHA,ABA,21,629,R,700000
71,AB,AMAWOM,AMAWOM,ABA,21,629,R,700000
7,AB,AMEKE-IBEKU,AMEKEIBEKU,ABA,21,524,E,500000
72,AB,AMURU ABAM,AMURUABAM,ABA,21,629,R,700000
73,AB,ANIA,ANIA,ABA,21,629,R,700000
74,AB,ARIAM,ARIAM,ABA,21,629,R,700000
75,AB,AROCHUKWU,AROCHUKWU,ABA,21,629,R,700000
77,AB,ASAGA,ASAGA,ABA,21,629,R,700000
76,AB,ASA NNENTU,ASANNENTU,ABA,21,629,R,700000
8,AB,ASA OKPUAJA,ASAOKPUAJA,ABA,21,524,E,500000
78,AB,ASIYI OLOKO,ASIYIOLOKO,ABA,21,629,R,700000
79,AB,AWOMUKWU,AWOMUKWU,ABA,21,629,R,700000
9,AB,AZUMINI,AZUMINI,ABA,21,524,E,500000
80,AB,BENDE,BENDE,ABA,21,629,R,700000
81,AB,EBEM,EBEM,ABA,21,629,R,700000
82,AB,EBERI OMUMA,EBERIOMUMA,ABA,21,629,R,700000
10,AB,EHUME,EHUME,ABA,21,524,E,500000
11,AB,EKENOBIZI,EKENOBIZI,ABA,21,524,E,500000
12,AB,EKWEREASU NGWA,EKWEREASUNGWA,ABA,21,524,E,500000
13,AB,ESIAMA NTIGHA,ESIAMANTIGHA,ABA,21,524,E,500000
83,AB,IBERE,IBERE,ABA,21,629,R,700000
84,AB,IBOM,IBOM,ABA,21,629,R,700000
85,AB,IDIMA ABAM,IDIMAABAM,ABA,21,629,R,700000
86,AB,IGBERE,IGBERE,ABA,21,629,R,700000
87,AB,IHECHIOWA,IHECHIOWA,ABA,21,629,R,700000
88,AB,IHEORJI,IHEORJI,ABA,21,629,R,700000
14,AB,IHIE NGWA UKWU,IHIENGWAUKWU,ABA,21,524,E,500000
16,AB,IHIEORJI,IHIEORJI,ABA,21,524,E,500000
15,AB,IHIE UMUDURU,IHIEUMUDURU,ABA,21,524,E,500000
17,AB,IKWUORIE OHANKU,IKWUORIEOHANKU,ABA,21,524,E,500000
18,AB,IMO RIVER,IMORIVER,ABA,21,524,E,500000
19,AB,ISIALA NGWA NORTH,ISIALANGWANORTH,ABA,21,524,E,500000
20,AB,ISIALA NGWA SOUTH,ISIALANGWASOUTH,ABA,21,524,E,500000
89,AB,ISIUGWU,ISIUGWU,ABA,21,629,R,700000
90,AB,ISIUKUATO,ISIUKUATO,ABA,21,629,R,700000
91,AB,ITEM,ITEM,ABA,21,629,R,700000
92,AB,ITUBUZO,ITUBUZO,ABA,21,629,R,700000
21,AB,ITUKPA,ITUKPA,ABA,21,524,E,500000
22,AB,ITU-NGWA,ITUNGWA,ABA,21,524,E,500000
23,AB,MBAWUSI,MBAWUSI,ABA,21,524,E,500000
24,AB,MBUTU NGWA,MBUTUNGWA,ABA,21,524,E,500000
93,AB,NBIENKU,NBIENKU,ABA,21,629,R,700000
25,AB,NDIKATA,NDIKATA,ABA,21,524,E,500000
94,AB,NDI OJI ABAM,NDIOJIABAM,ABA,21,629,R,700000
26,AB,NDIOLUMBE,NDIOLUMBE,ABA,21,524,E,500000
95,AB,NDI TOTTY,NDITOTTY,ABA,21,629,R,700000
96,AB,NDI UDUMA AWOKO,NDIUDUMAAWOKO,ABA,21,629,R,700000
97,AB,NDIWO ITUMBAUZO,NDIWOITUMBAUZO,ABA,21,629,R,700000
27,AB,NENU,NENU,ABA,21,524,E,500000
28,AB,NGBOKO HALT,NGBOKOHALT,ABA,21,524,E,500000
98,AB,NKPA,NKPA,ABA,21,629,R,700000
99,AB,NKPORO,NKPORO,ABA,21,629,R,700000
100,AB,NKWEBI,NKWEBI,ABA,21,629,R,700000
101,AB,NKWOEGWU-OKAIUGA,NKWOEGWUOKAIUGA,ABA,21,629,R,700000
102,AB,NNONO,NNONO,ABA,21,629,R,700000
29,AB,NSIRIMO,NSIRIMO,ABA,21,524,E,500000
30,AB,NSULU,NSULU,ABA,21,524,E,500000
103,AB,NUNYA,NUNYA,ABA,21,629,R,700000
31,AB,OBEHIE,OBEHIE,ABA,21,524,E,500000
32,AB,OBERETE,OBERETE,ABA,21,524,E,500000
33,AB,OBETE NCHINA,OBETENCHINA,ABA,21,524,E,500000
105,AB,OBIENE,OBIENE,ABA,21,629,R,700000
106,AB,OBINKITA,OBINKITA,ABA,21,629,R,700000
107,AB,OBORO,OBORO,ABA,21,629,R,700000
108,AB,OBUAHIA IBERE,OBUAHIAIBERE,ABA,21,629,R,700000
35,AB,OBUOHIA NDOKI,OBUOHIANDOKI,ABA,21,524,E,500000
36,AB,OFEKE NDUME,OFEKENDUME,ABA,21,524,E,500000
37,AB,OGWE,OGWE,ABA,21,524,E,500000
109,AB,OHAFIA,OHAFIA,ABA,21,629,R,700000
38,AB,OHAMBELE,OHAMBELE,ABA,21,524,E,500000
39,AB,OHANKU,OHANKU,ABA,21,524,E,500000
110,AB,OHIYA,OHIYA,ABA,21,629,R,700000
40,AB,OHUHU EKWURU,OHUHUEKWURU,ABA,21,524,E,500000
111,AB,OKAM,OKAM,ABA,21,629,R,700000
112,AB,OKPUALA NGWA,OKPUALANGWA,ABA,21,629,R,700000
113,AB,OLOKO,OLOKO,ABA,21,629,R,700000
41,AB,OLOKORO,OLOKORO,ABA,21,524,E,500000
42,AB,OMOBA,OMOBA,ABA,21,524,E,500000
43,AB,OSUSU NGWA UKWU,OSUSUNGWAUKWU,ABA,21,524,E,500000
114,AB,OTAMKPA,OTAMKPA,ABA,21,629,R,700000
115,AB,OVIM,OVIM,ABA,21,629,R,700000
44,AB,OWASA,OWASA,ABA,21,524,E,500000
116,AB,OWAZA,OWAZA,ABA,21,629,R,700000
45,AB,OWERRIENTA,OWERRIENTA,ABA,21,524,E,500000
117,AB,OZUABAM,OZUABAM,ABA,21,629,R,700000
118,AB,OZUITEM,OZUITEM,ABA,21,629,R,700000
46,AB,UBAKALA,UBAKALA,ABA,21,524,E,500000
119,AB,Uburu-Ohaozara,UBURUOHAOZARA,ABA,21,629,R,700000
120,AB,UGWUEKE,UGWUEKE,ABA,21,629,R,700000
121,AB,UGWUNAGBO,UGWUNAGBO,ABA,21,629,R,700000
47,AB,UKWA EAST L.G.,UKWAEASTLG,ABA,21,524,E,500000
48,AB,UKWA WEST L.G.,UKWAWESTLG,ABA,21,524,E,500000
122,AB,UMIOBORO,UMIOBORO,ABA,21,629,R,700000
49,AB,UMUARO,UMUARO,ABA,21,524,E,500000
50,AB,UMUDA,UMUDA,ABA,21,524,E,500000
51,AB,UMUDIKE,UMUDIKE,ABA,21,524,E,500000
123,AB,UMUHU ESECHI,UMUHUESECHI,ABA,21,629,R,700000
52,AB,UMUIRE,UMUIRE,ABA,21,524,E,500000
124,AB,UMUNWANWA,UMUNWANWA,ABA,21,629,R,700000
53,AB,UMUOBIALA,UMUOBIALA,ABA,21,524,E,500000
54,AB,UMUOSU,UMUOSU,ABA,21,524,E,500000
55,AB,URATTA UMUOHA,URATTAUMUOHA,ABA,21,524,E,500000
125,AB,UTUTU,UTUTU,ABA,21,629,R,700000
126,AB,UZIOMA NNEATO,UZIOMANNEATO,ABA,21,629,R,700000
127,AB,UZUAKOLI,UZUAKOLI,ABA,21,629,R,700000
2068,AD,BAISSA,BAISSA,YOLA,20,629,R,700000
2069,AD,BALI,BALI,YOLA,20,629,R,700000
2059,AD,BANJIRAM,BANJIRAM,YOLA,20,524,E,500000
2071,AD,BARE,BARE,YOLA,20,629,R,700000
2072,AD,Bemsa/Gyawana/Guyuk,BEMSAGYAWANAGUYUK,YOLA,20,629,R,700000
2073,AD,BURRONG,BURRONG,YOLA,20,629,R,700000
2074,AD,DAN ANACHA,DANANACHA,YOLA,20,629,R,700000
2060,AD,DEMSA,DEMSA,YOLA,20,524,E,500000
2075,AD,DONGA,DONGA,YOLA,20,629,R,700000
2076,AD,DUMME,DUMME,YOLA,20,629,R,700000
2061,AD,FUFORE,FUFORE,YOLA,20,524,E,500000
2077,AD,GANYE,GANYE,YOLA,20,629,R,700000
2078,AD,GARKIDA,GARKIDA,YOLA,20,629,R,700000
2079,AD,GEMBU,GEMBU,YOLA,20,629,R,700000
2080,AD,GEMBU MAYONDAGA NGUREJE,GEMBUMAYONDAGANGUREJE,YOLA,20,629,R,700000
2081,AD,GULAK,GULAK,YOLA,20,629,R,700000
2082,AD,GUMTI,GUMTI,YOLA,20,629,R,700000
2083,AD,GUYAKU,GUYAKU,YOLA,20,629,R,700000
2084,AD,GUYUK,GUYUK,YOLA,20,629,R,700000
2062,AD,GYAWANA,GYAWANA,YOLA,20,524,E,500000
2063,AD,HONG,HONG,YOLA,20,524,E,500000
2085,AD,IBI,IBI,YOLA,20,629,R,700000
2086,AD,IBI /DONGA,IBIDONGA,YOLA,20,629,R,700000
2064,AD,JADA,JADA,YOLA,20,524,E,500000
2087,AD,JALINGO,JALINGO,YOLA,20,629,R,700000
2088,AD,Jalingo/Bali,JALINGOBALI,YOLA,20,629,R,700000
2090,AD,JEN,JEN,YOLA,20,629,R,700000
2091,AD,KARIM-LAMIDO,KARIMLAMIDO,YOLA,20,629,R,700000
2092,AD,KIRI DAM,KIRIDAM,YOLA,20,629,R,700000
2093,AD,KOLA,KOLA,YOLA,20,629,R,700000
2094,AD,KURMI MUSA,KURMIMUSA,YOLA,20,629,R,700000
2095,AD,KWAMBULA,KWAMBULA,YOLA,20,629,R,700000
2096,AD,LAFIA-LAMURDE,LAFIALAMURDE,YOLA,20,629,R,700000
2097,AD,LAU,LAU,YOLA,20,629,R,700000
2098,AD,MADAGALI,MADAGALI,YOLA,20,629,R,700000
2099,AD,MAIHA,MAIHA,YOLA,20,629,R,700000
2100,AD,MARARABA MUBI,MARARABAMUBI,YOLA,20,629,R,700000
2101,AD,Maye/Belwa/Jada,MAYEBELWAJADA,YOLA,20,629,R,700000
2102,AD,MICHIKA,MICHIKA,YOLA,20,629,R,700000
2103,AD,MUBI,MUBI,YOLA,20,629,R,700000
2104,AD,MUTUM BIYU,MUTUMBIYU,YOLA,20,629,R,700000
2065,AD,NUMAN,NUMAN,YOLA,20,524,E,500000
2105,AD,PANTISAWA,PANTISAWA,YOLA,20,629,R,700000
2106,AD,PELLA,PELLA,YOLA,20,629,R,700000
2107,AD,Sert-Baruwa,SERTBARUWA,YOLA,20,629,R,700000
2108,AD,SERTI,SERTI,YOLA,20,629,R,700000
2109,AD,SERTI-BARUWA,SERTIBARUWA,YOLA,20,629,R,700000
2110,AD,SHELLENG,SHELLENG,YOLA,20,629,R,700000
2066,AD,SONG,SONG,YOLA,20,524,E,500000
2111,AD,TAKUM,TAKUM,YOLA,20,629,R,700000
2112,AD,UBA,UBA,YOLA,20,629,R,700000
2113,AD,WUKARI,WUKARI,YOLA,20,629,R,700000
2114,AD,YORRO,YORRO,YOLA,20,629,R,700000
2067,AD,ZING,ZING,YOLA,20,524,E,500000
1862,AK,ABIA OKPO,ABIAOKPO,UYO,21,524,E,500000
1863,AK,ADIASIM,ADIASIM,UYO,21,524,E,500000
1864,AK,AFUA EDEMAYA,AFUAEDEMAYA,UYO,21,524,E,500000
1909,AK,EASTERN OBOLO,EASTERNOBOLO,UYO,21,629,R,700000
1865,AK,EBUGHU,EBUGHU,UYO,21,524,E,500000
1910,AK,EDEMAYA,EDEMAYA,UYO,21,629,R,700000
1866,AK,EKEYA,EKEYA,UYO,21,524,E,500000
1867,AK,EKPARAKWA,EKPARAKWA,UYO,21,524,E,500000
1868,AK,EKPENE OBO,EKPENEOBO,UYO,21,524,E,500000
1869,AK,ESA EKPO,ESAEKPO,UYO,21,524,E,500000
1870,AK,ESSENE,ESSENE,UYO,21,524,E,500000
1871,AK,ESSIEN UDIM,ESSIENUDIM,UYO,21,524,E,500000
1872,AK,ETE PO,ETEPO,UYO,21,524,E,500000
1873,AK,ETIM EKPO,ETIMEKPO,UYO,21,524,E,500000
1874,AK,ETIP EDIENE,ETIPEDIENE,UYO,21,524,E,500000
1875,AK,IBENO,IBENO,UYO,21,524,E,500000
1911,AK,IBIONO,IBIONO,UYO,21,629,R,700000
1913,AK,IKONO,IKONO,UYO,21,629,R,700000
1884,AK,IKOT-ABASI,IKOTABASI,UYO,21,524,E,500000
1876,AK,IKOT AKPADEN,IKOTAKPADEN,UYO,21,524,E,500000
1877,AK,IKOT ANTIA IDIDEP,IKOTANTIAIDIDEP,UYO,21,524,E,500000
1878,AK,IKOT ETUKUDO,IKOTETUKUDO,UYO,21,524,E,500000
1879,AK,IKOT IDAHA,IKOTIDAHA,UYO,21,524,E,500000
1914,AK,IKOT INUEN,IKOTINUEN,UYO,21,629,R,700000
1880,AK,IKOT MFON,IKOTMFON,UYO,21,524,E,500000
1915,AK,IKOT NAKANDA,IKOTNAKANDA,UYO,21,629,R,700000
1881,AK,IKOT OKORO UDIUM,IKOTOKOROUDIUM,UYO,21,524,E,500000
1912,AK,IKO TOWN,IKOTOWN,UYO,21,629,R,700000
1885,AK,IKOT-UBO,IKOTUBO,UYO,21,524,E,500000
1882,AK,IKOT UDOFIA,IKOTUDOFIA,UYO,21,524,E,500000
1883,AK,IKOT UKPONG NSIT,IKOTUKPONGNSIT,UYO,21,524,E,500000
1886,AK,IKPE IKOT NKON,IKPEIKOTNKON,UYO,21,524,E,500000
1916,AK,ITU MBONUSO,ITUMBONUSO,UYO,21,629,R,700000
1887,AK,IWUKEM,IWUKEM,UYO,21,524,E,500000
1888,AK,MBIASO,MBIASO,UYO,21,524,E,500000
1889,AK,MKPAT ENIN,MKPATENIN,UYO,21,524,E,500000
1890,AK,NSIE,NSIE,UYO,21,524,E,500000
1891,AK,NTO EDINO,NTOEDINO,UYO,21,524,E,500000
1892,AK,OBO,OBO,UYO,21,524,E,500000
1893,AK,OBONG NTAK,OBONGNTAK,UYO,21,524,E,500000
1894,AK,OBOT AKARA,OBOTAKARA,UYO,21,524,E,500000
1917,AK,OBOTME/IWERE,OBOTMEIWERE,UYO,21,629,R,700000
1895,AK,OBUFI,OBUFI,UYO,21,524,E,500000
1896,AK,ODOBO,ODOBO,UYO,21,524,E,500000
1918,AK,ODORO IKOT,ODOROIKOT,UYO,21,629,R,700000
1897,AK,ODORO IKPE,ODOROIKPE,UYO,21,524,E,500000
1919,AK,OFI UDA,OFIUDA,UYO,21,629,R,700000
1920,AK,OKU MBIABO AYADEGHE,OKUMBIABOAYADEGHE,UYO,21,629,R,700000
1898,AK,ONNA,ONNA,UYO,21,524,E,500000
1899,AK,ORON,ORON,UYO,21,524,E,500000
1901,AK,OTI ORON,OTIORON,UYO,21,524,E,500000
1902,AK,OYUBIA,OYUBIA,UYO,21,524,E,500000
1903,AK,UDUNG AFFIANG,UDUNGAFFIANG,UYO,21,524,E,500000
1904,AK,UDUNG UKO,UDUNGUKO,UYO,21,524,E,500000
1905,AK,UKANAFUN,UKANAFUN,UYO,21,524,E,500000
1906,AK,UKUKUDUNG,UKUKUDUNG,UYO,21,524,E,500000
1907,AK,UNIVERSITY OF UYO,UNIVERSITYOFUYO,UYO,21,524,E,500000
1908,AK,UQUO,UQUO,UYO,21,524,E,500000
1216,AN,ABACHA TOWN,ABACHATOWN,ONITSHA,21,629,R,700000
1137,AN,ABAGANA,ABAGANA,ONITSHA,21,524,E,500000
1138,AN,ABATETE,ABATETE,ONITSHA,21,524,E,500000
1217,AN,ACHALLA,ACHALLA,ONITSHA,21,629,R,700000
1139,AN,ACHINA,ACHINA,ONITSHA,21,524,E,500000
1140,AN,ADAAZI - ANI,ADAAZIANI,ONITSHA,21,524,E,500000
1347,AN,ADAZI ANI,ADAZIANI,ONTISHA,21,524,E,500000
1141,AN,ADAZI - ENU,ADAZIENU,ONITSHA,21,524,E,500000
1142,AN,ADAZI-NNUKWU,ADAZINNUKWU,ONITSHA,21,524,E,500000
1218,AN,AFOH-AGULU,AFOHAGULU,ONITSHA,21,629,R,700000
1143,AN,AFOIGWE,AFOIGWE,ONITSHA,21,524,E,500000
1219,AN,AFOR AGULU,AFORAGULU,ONITSHA,21,629,R,700000
1220,AN,AFOR -AKPO,AFORAKPO,ONITSHA,21,629,R,700000
1221,AN,AFOR AKPU,AFORAKPU,ONITSHA,21,629,R,700000
1222,AN,AGUATA,AGUATA,ONITSHA,21,629,R,700000
1349,AN,AGUKWU NRI,AGUKWUNRI,ONTISHA,21,524,E,500000
1223,AN,AGULERI,AGULERI,ONITSHA,21,629,R,700000
1144,AN,AGULU,AGULU,ONITSHA,21,524,E,500000
1224,AN,AGULU UZOIGBO,AGULUUZOIGBO,ONITSHA,21,629,R,700000
1225,AN,AGURELI,AGURELI,ONITSHA,21,629,R,700000
1350,AN,Agwokwa,AGWOKWA,ONTISHA,21,524,E,500000
1226,AN,AJALLI,AJALLI,ONITSHA,21,629,R,700000
1145,AN,AKILI OGIDI,AKILIOGIDI,ONITSHA,21,524,E,500000
1227,AN,AKPO,AKPO,ONITSHA,21,629,R,700000
1228,AN,AKUORA UMOTA,AKUORAUMOTA,ONITSHA,21,629,R,700000
1146,AN,AKWAEZE,AKWAEZE,ONITSHA,21,524,E,500000
1229,AN,AKWAIHEDI,AKWAIHEDI,ONITSHA,21,629,R,700000
1351,AN,Akwukwo Igbo,AKWUKWOIGBO,ONTISHA,21,524,E,500000
1352,AN,AKWUKWU-IGBO,AKWUKWUIGBO,ONTISHA,21,524,E,500000
1230,AN,ALOR,ALOR,ONITSHA,21,629,R,700000
1147,AN,AMADUNNU,AMADUNNU,ONITSHA,21,524,E,500000
1231,AN,AMADUNU,AMADUNU,ONITSHA,21,629,R,700000
1232,AN,AMAESI,AMAESI,ONITSHA,21,629,R,700000
1148,AN,AMANSEA,AMANSEA,ONITSHA,21,524,E,500000
1233,AN,AMANUKE,AMANUKE,ONITSHA,21,629,R,700000
1353,AN,Amarobia,AMAROBIA,ONTISHA,21,524,E,500000
1354,AN,AMAWBIA,AMAWBIA,ONTISHA,21,524,E,500000
1234,AN,AMICHI,AMICHI,ONITSHA,21,629,R,700000
1149,AN,AMIKWO,AMIKWO,ONITSHA,21,524,E,500000
1235,AN,AMORKA,AMORKA,ONITSHA,21,629,R,700000
1236,AN,AMORKA TOWN,AMORKATOWN,ONITSHA,21,629,R,700000
1237,AN,AMUOKA,AMUOKA,ONITSHA,21,629,R,700000
1238,AN,ANAM,ANAM,ONITSHA,21,629,R,700000
1150,AN,ANWBIA,ANWBIA,ONITSHA,21,524,E,500000
1239,AN,ATANI,ATANI,ONITSHA,21,629,R,700000
1240,AN,AWGBU,AWGBU,ONITSHA,21,629,R,700000
1151,AN,AWKA ETITI,AWKAETITI,ONITSHA,21,524,E,500000
1241,AN,AWKA - NORTH,AWKANORTH,ONITSHA,21,629,R,700000
1242,AN,AWKUZU,AWKUZU,ONITSHA,21,629,R,700000
1243,AN,AWUDA,AWUDA,ONITSHA,21,629,R,700000
1244,AN,AYAMMELUM,AYAMMELUM,ONITSHA,21,629,R,700000
1245,AN,AZIA,AZIA,ONITSHA,21,629,R,700000
1246,AN,EBENATO -AMAEFALA,EBENATOAMAEFALA,ONITSHA,21,629,R,700000
1152,AN,EBENEBE,EBENEBE,ONITSHA,21,524,E,500000
1153,AN,EKUSIGO,EKUSIGO,ONITSHA,21,524,E,500000
1154,AN,EKWULOBIA,EKWULOBIA,ONITSHA,21,524,E,500000
1247,AN,EKWULUMIBI,EKWULUMIBI,ONITSHA,21,629,R,700000
1155,AN,EKWUSIGO,EKWUSIGO,ONITSHA,21,524,E,500000
1248,AN,ENEKWASUMP,ENEKWASUMP,ONITSHA,21,629,R,700000
1249,AN,ENEKWESUMP,ENEKWESUMP,ONITSHA,21,629,R,700000
1250,AN,ENUGU - ABOH,ENUGUABOH,ONITSHA,21,629,R,700000
1251,AN,ENUGU-ADAZI,ENUGUADAZI,ONITSHA,21,629,R,700000
1156,AN,ENUGU - AGIDI,ENUGUAGIDI,ONITSHA,21,524,E,500000
1252,AN,ENUGWU NANKA,ENUGWUNANKA,ONITSHA,21,629,R,700000
1157,AN,ENUGWU UKWU,ENUGWUUKWU,ONITSHA,21,524,E,500000
1253,AN,ETTE,ETTE,ONITSHA,21,629,R,700000
1158,AN,EZEOWLLE,EZEOWLLE,ONITSHA,21,524,E,500000
1159,AN,EZI-ABBA,EZIABBA,ONITSHA,21,524,E,500000
1254,AN,EZIAGU TOWN,EZIAGUTOWN,ONITSHA,21,629,R,700000
1255,AN,EZIEBENEBE,EZIEBENEBE,ONITSHA,21,629,R,700000
1256,AN,EZINANO,EZINANO,ONITSHA,21,629,R,700000
1257,AN,EZINIFITE,EZINIFITE,ONITSHA,21,629,R,700000
1160,AN,GIRLS SEC. SCH OZUBULU,GIRLSSECSCHOZUBULU,ONITSHA,21,524,E,500000
1161,AN,IBUSA,IBUSA,ONITSHA,21,524,E,500000
1258,AN,ICHI,ICHI,ONITSHA,21,629,R,700000
1162,AN,ICHIDA,ICHIDA,ONITSHA,21,524,E,500000
1259,AN,IFITE -ANI,IFITEANI,ONITSHA,21,629,R,700000
1164,AN,IFITE-DUNU,IFITEDUNU,ONITSHA,21,524,E,500000
1163,AN,IFITE ORAIFITE,IFITEORAIFITE,ONITSHA,21,524,E,500000
1261,AN,IFITE-UKPO,IFITEUKPO,ONITSHA,21,629,R,700000
1260,AN,IFITE VILLAGE,IFITEVILLAGE,ONITSHA,21,629,R,700000
1165,AN,IGBAKWU,IGBAKWU,ONITSHA,21,524,E,500000
1166,AN,IGBARIAM,IGBARIAM,ONITSHA,21,524,E,500000
1167,AN,IGBOUKWU,IGBOUKWU,ONITSHA,21,524,E,500000
1168,AN,IHEMBOSI,IHEMBOSI,ONITSHA,21,524,E,500000
1169,AN,IHIALA,IHIALA,ONITSHA,21,524,E,500000
1262,AN,IHITTE,IHITTE,ONITSHA,21,629,R,700000
1170,AN,ILAH,ILAH,ONITSHA,21,524,E,500000
1355,AN,ILLAH,ILLAH,ONTISHA,21,524,E,500000
1171,AN,IREFI-ORAIFITE,IREFIORAIFITE,ONITSHA,21,524,E,500000
1263,AN,ISSELE UKU,ISSELEUKU,ONITSHA,21,629,R,700000
1172,AN,ISUANIOCHA,ISUANIOCHA,ONITSHA,21,524,E,500000
1173,AN,ISUGWU OROFIA,ISUGWUOROFIA,ONITSHA,21,524,E,500000
1264,AN,ISULO,ISULO,ONITSHA,21,629,R,700000
1265,AN,ISUOFIA,ISUOFIA,ONITSHA,21,629,R,700000
1174,AN,MAKUM,MAKUM,ONITSHA,21,524,E,500000
1175,AN,MBAUKWU,MBAUKWU,ONITSHA,21,524,E,500000
1266,AN,MBESI,MBESI,ONITSHA,21,629,R,700000
1267,AN,MBOSI,MBOSI,ONITSHA,21,629,R,700000
1268,AN,MBUDU ICHIDA,MBUDUICHIDA,ONITSHA,21,629,R,700000
1176,AN,MGBAGO,MGBAGO,ONITSHA,21,524,E,500000
1177,AN,MGBAKWU,MGBAKWU,ONITSHA,21,524,E,500000
1269,AN,MGBUEZENWA,MGBUEZENWA,ONITSHA,21,629,R,700000
1270,AN,MMIATA-ANAM,MMIATAANAM,ONITSHA,21,629,R,700000
1271,AN,MODEBE AVENUE,MODEBEAVENUE,ONITSHA,21,629,R,700000
1178,AN,NANDO,NANDO,ONITSHA,21,524,E,500000
1179,AN,NANKA,NANKA,ONITSHA,21,524,E,500000
1180,AN,NAWFIA,NAWFIA,ONITSHA,21,524,E,500000
1181,AN,NAWGU,NAWGU,ONITSHA,21,524,E,500000
1272,AN,NDIAKPU OTOLO,NDIAKPUOTOLO,ONITSHA,21,629,R,700000
1273,AN,NDIKELIONWU,NDIKELIONWU,ONITSHA,21,629,R,700000
1274,AN,NDIOKPALA -EZE,NDIOKPALAEZE,ONITSHA,21,629,R,700000
1275,AN,NDIOWU,NDIOWU,ONITSHA,21,629,R,700000
1182,AN,NENI,NENI,ONITSHA,21,524,E,500000
1356,AN,Niri,NIRI,ONTISHA,21,524,E,500000
1276,AN,NKOR,NKOR,ONITSHA,21,629,R,700000
1277,AN,NKPOLOGWU,NKPOLOGWU,ONITSHA,21,629,R,700000
1278,AN,NKUNU,NKUNU,ONITSHA,21,629,R,700000
1357,AN,NKWELLE EZUNAKA,NKWELLEEZUNAKA,ONTISHA,21,524,E,500000
1279,AN,NKWO-AGU AMICHI,NKWOAGUAMICHI,ONITSHA,21,629,R,700000
1183,AN,NKWO-OGBE,NKWOOGBE,ONITSHA,21,524,E,500000
1280,AN,NKWUKWE UNUBI,NKWUKWEUNUBI,ONITSHA,21,629,R,700000
1281,AN,NNEISE,NNEISE,ONITSHA,21,629,R,700000
1184,AN,NNEWI,NNEWI,ONITSHA,21,524,E,500000
1185,AN,NNIBO,NNIBO,ONITSHA,21,524,E,500000
1186,AN,NNIMO,NNIMO,ONITSHA,21,524,E,500000
1187,AN,NNOBI,NNOBI,ONITSHA,21,524,E,500000
1188,AN,NNOKWA,NNOKWA,ONITSHA,21,524,E,500000
1189,AN,NRI,NRI,ONITSHA,21,524,E,500000
1190,AN,NSUGBE,NSUGBE,ONITSHA,21,524,E,500000
1282,AN,NTEJE,NTEJE,ONITSHA,21,629,R,700000
1283,AN,NZAM,NZAM,ONITSHA,21,629,R,700000
1191,AN,OBA,OBA,ONITSHA,21,524,E,500000
1284,AN,OBA-OFEMILI,OBAOFEMILI,ONITSHA,21,629,R,700000
1285,AN,OBEAGU ORJI,OBEAGUORJI,ONITSHA,21,629,R,700000
1286,AN,OBELEDU,OBELEDU,ONITSHA,21,629,R,700000
1287,AN,OBU-AGU-ORJI,OBUAGUORJI,ONITSHA,21,629,R,700000
1288,AN,ODEKPE,ODEKPE,ONITSHA,21,629,R,700000
1289,AN,OFEMILI UGBENE,OFEMILIUGBENE,ONITSHA,21,629,R,700000
1290,AN,OFUFE ZIXTON,OFUFEZIXTON,ONITSHA,21,629,R,700000
1291,AN,OGBEOLU,OGBEOLU,ONITSHA,21,629,R,700000
1292,AN,OGBOJI,OGBOJI,ONITSHA,21,629,R,700000
1293,AN,OGBUNKA,OGBUNKA,ONITSHA,21,629,R,700000
1192,AN,OGWASHI UKU,OGWASHIUKU,ONITSHA,21,524,E,500000
1294,AN,OGWUANIOCHA,OGWUANIOCHA,ONITSHA,21,629,R,700000
1193,AN,OGWUGWU OBA,OGWUGWUOBA,ONITSHA,21,524,E,500000
1295,AN,OGWUIKPELE,OGWUIKPELE,ONITSHA,21,629,R,700000
1194,AN,OJOTO,OJOTO,ONITSHA,21,524,E,500000
1195,AN,OJOTO-UNO,OJOTOUNO,ONITSHA,21,524,E,500000
1196,AN,OKIJA,OKIJA,ONITSHA,21,524,E,500000
1296,AN,OKO EBENESE,OKOEBENESE,ONITSHA,21,629,R,700000
1297,AN,OKOFIA,OKOFIA,ONITSHA,21,629,R,700000
1197,AN,OKOH,OKOH,ONITSHA,21,524,E,500000
1359,AN,Okoli,OKOLI,ONTISHA,21,524,E,500000
1298,AN,OLUMBANASAA,OLUMBANASAA,ONITSHA,21,629,R,700000
1299,AN,OMOGHOR,OMOGHOR,ONITSHA,21,629,R,700000
1300,AN,OMOR,OMOR,ONITSHA,21,629,R,700000
1360,AN,ONICHA OLONA,ONICHAOLONA,ONTISHA,21,524,E,500000
1301,AN,ONIOCHA - OLONA,ONIOCHAOLONA,ONITSHA,21,629,R,700000
1198,AN,ORAIFITE,ORAIFITE,ONITSHA,21,524,E,500000
1199,AN,ORAUKU,ORAUKU,ONITSHA,21,524,E,500000
1200,AN,ORAUKWU,ORAUKWU,ONITSHA,21,524,E,500000
1302,AN,ORERI,ORERI,ONITSHA,21,629,R,700000
1303,AN,OROMA - ETITI,OROMAETITI,ONITSHA,21,629,R,700000
1304,AN,OROMA-ETITI- ANAM,OROMAETITIANAM,ONITSHA,21,629,R,700000
1305,AN,ORSU,ORSU,ONITSHA,21,629,R,700000
1306,AN,OSUMENYI,OSUMENYI,ONITSHA,21,629,R,700000
1201,AN,OTUOCHA,OTUOCHA,ONITSHA,21,524,E,500000
1307,AN,OWERRIZULEA,OWERRIZULEA,ONITSHA,21,629,R,700000
1202,AN,OZUBULU,OZUBULU,ONITSHA,21,524,E,500000
1308,AN,UBULU UKU,UBULUUKU,ONITSHA,21,629,R,700000
1309,AN,UDEABOR,UDEABOR,ONITSHA,21,629,R,700000
1310,AN,UFUMA,UFUMA,ONITSHA,21,629,R,700000
1311,AN,UGA,UGA,ONITSHA,21,629,R,700000
1203,AN,UGAMUMA IDENI,UGAMUMAIDENI,ONITSHA,21,524,E,500000
1312,AN,UGWUOBA,UGWUOBA,ONITSHA,21,629,R,700000
1204,AN,UKE,UKE,ONITSHA,21,524,E,500000
1313,AN,UKPOR,UKPOR,ONITSHA,21,629,R,700000
1314,AN,UKWO -EZINIFITE,UKWOEZINIFITE,ONITSHA,21,629,R,700000
1205,AN,UKWULU,UKWULU,ONITSHA,21,524,E,500000
1315,AN,ULI,ULI,ONITSHA,21,629,R,700000
1316,AN,UMUASE,UMUASE,ONITSHA,21,629,R,700000
1317,AN,UMUAWULU,UMUAWULU,ONITSHA,21,629,R,700000
1318,AN,UMUCHIANA,UMUCHIANA,ONITSHA,21,629,R,700000
1206,AN,UMUCHU,UMUCHU,ONITSHA,21,524,E,500000
1319,AN,UMUDALA,UMUDALA,ONITSHA,21,629,R,700000
1207,AN,UMUDIOKA,UMUDIOKA,ONITSHA,21,524,E,500000
1208,AN,UMUDONU,UMUDONU,ONITSHA,21,524,E,500000
1320,AN,UMUEJI UFUMA,UMUEJIUFUMA,ONITSHA,21,629,R,700000
1321,AN,UMUEKPU,UMUEKPU,ONITSHA,21,629,R,700000
1322,AN,UMUEZE ANAM,UMUEZEANAM,ONITSHA,21,629,R,700000
1323,AN,UMULERI,UMULERI,ONITSHA,21,629,R,700000
1324,AN,UMUMEBOGWU,UMUMEBOGWU,ONITSHA,21,629,R,700000
1325,AN,UMUMEGBU,UMUMEGBU,ONITSHA,21,629,R,700000
1326,AN,UMUMEJIAKU,UMUMEJIAKU,ONITSHA,21,629,R,700000
1209,AN,UMUNACHI,UMUNACHI,ONITSHA,21,524,E,500000
1327,AN,UMUNACHI-UKPOR,UMUNACHIUKPOR,ONITSHA,21,629,R,700000
1328,AN,UMUNANKWO,UMUNANKWO,ONITSHA,21,629,R,700000
1210,AN,UMUNEDE,UMUNEDE,ONITSHA,21,524,E,500000
1329,AN,UMUNIYA,UMUNIYA,ONITSHA,21,629,R,700000
1330,AN,UMUNKE-UKPO,UMUNKEUKPO,ONITSHA,21,629,R,700000
1331,AN,UMUNOWU,UMUNOWU,ONITSHA,21,629,R,700000
1211,AN,UMUNYA,UMUNYA,ONITSHA,21,524,E,500000
1332,AN,UMUNZE,UMUNZE,ONITSHA,21,629,R,700000
1333,AN,UMUOBA-ANAM,UMUOBAANAM,ONITSHA,21,629,R,700000
1334,AN,UMUOBANAM,UMUOBANAM,ONITSHA,21,629,R,700000
1335,AN,UMUOGBU,UMUOGBU,ONITSHA,21,629,R,700000
1336,AN,UMUOGEM,UMUOGEM,ONITSHA,21,629,R,700000
1337,AN,UMUOHI-OKIJA,UMUOHIOKIJA,ONITSHA,21,629,R,700000
1212,AN,UMUOJI,UMUOJI,ONITSHA,21,524,E,500000
1338,AN,UMUOMAKU,UMUOMAKU,ONITSHA,21,629,R,700000
1213,AN,UMUONYENUORA,UMUONYENUORA,ONITSHA,21,524,E,500000
1339,AN,UMUONYIBA,UMUONYIBA,ONITSHA,21,629,R,700000
1214,AN,UMUOTA,UMUOTA,ONITSHA,21,524,E,500000
1340,AN,UMURELI,UMURELI,ONITSHA,21,629,R,700000
1341,AN,UNUBI,UNUBI,ONITSHA,21,629,R,700000
1215,AN,URUDEKE,URUDEKE,ONITSHA,21,524,E,500000
1342,AN,URUEKWO,URUEKWO,ONITSHA,21,629,R,700000
1343,AN,URUMEBO,URUMEBO,ONITSHA,21,629,R,700000
1344,AN,URUOKPALAEKE,URUOKPALAEKE,ONITSHA,21,629,R,700000
1345,AN,UTUH,UTUH,ONITSHA,21,629,R,700000
1346,AN,UZOLI,UZOLI,ONITSHA,21,629,R,700000
459,BA,ALKALERI,ALKALERI,BAUCHI,20,629,R,700000
460,BA,AZARE,AZARE,BAUCHI,20,629,R,700000
461,BA,BOGORO,BOGORO,BAUCHI,20,629,R,700000
462,BA,DAMBAM,DAMBAM,BAUCHI,20,629,R,700000
454,BA,DARAZO,DARAZO,BAUCHI,20,524,E,500000
455,BA,DASS,DASS,BAUCHI,20,524,E,500000
463,BA,GAJUWA,GAJUWA,BAUCHI,20,629,R,700000
464,BA,GAMAWA,GAMAWA,BAUCHI,20,629,R,700000
465,BA,GIADE,GIADE,BAUCHI,20,629,R,700000
466,BA,ITAS,ITAS,BAUCHI,20,629,R,700000
468,BA,KAFIN MADAKI,KAFINMADAKI,BAUCHI,20,629,R,700000
469,BA,KARI,KARI,BAUCHI,20,629,R,700000
470,BA,KATAGUM,KATAGUM,BAUCHI,20,629,R,700000
471,BA,KIRFI,KIRFI,BAUCHI,20,629,R,700000
472,BA,LIMAN KATAGUM,LIMANKATAGUM,BAUCHI,20,629,R,700000
473,BA,MISAU,MISAU,BAUCHI,20,629,R,700000
474,BA,NABORDO,NABORDO,BAUCHI,20,629,R,700000
475,BA,NINGI,NINGI,BAUCHI,20,629,R,700000
476,BA,SHIRA,SHIRA,BAUCHI,20,629,R,700000
457,BA,TAFAWA BALEWA,TAFAWABALEWA,BAUCHI,20,524,E,500000
477,BA,YANA,YANA,BAUCHI,20,629,R,700000
478,BA,YANKARI GAME RESERVE,YANKARIGAMERESERVE,BAUCHI,20,629,R,700000
1051,BE,ABEDE-SHITTILE,ABEDESHITTILE,MAKURDI,20,629,R,700000
1043,BE,ABINSI,ABINSI,MAKURDI,20,524,E,500000
1052,BE,ADI,ADI,MAKURDI,20,629,R,700000
1053,BE,ADIKPO,ADIKPO,MAKURDI,20,629,R,700000
1054,BE,ADO,ADO,MAKURDI,20,629,R,700000
1055,BE,ADOKA,ADOKA,MAKURDI,20,629,R,700000
1056,BE,AGASHA,AGASHA,MAKURDI,20,629,R,700000
1057,BE,AGATU,AGATU,MAKURDI,20,629,R,700000
1058,BE,AGILA,AGILA,MAKURDI,20,629,R,700000
1059,BE,AILFAM,AILFAM,MAKURDI,20,629,R,700000
1060,BE,AJIO,AJIO,MAKURDI,20,629,R,700000
1061,BE,ALIADE,ALIADE,MAKURDI,20,629,R,700000
1062,BE,AMUA,AMUA,MAKURDI,20,629,R,700000
1063,BE,ANVAMBE,ANVAMBE,MAKURDI,20,629,R,700000
1064,BE,ANYIIN,ANYIIN,MAKURDI,20,629,R,700000
1065,BE,APA,APA,MAKURDI,20,629,R,700000
1044,BE,APIR,APIR,MAKURDI,20,524,E,500000
1066,BE,BARAKUR,BARAKUR,MAKURDI,20,629,R,700000
1067,BE,BURUKU,BURUKU,MAKURDI,20,629,R,700000
1045,BE,DAUDU,DAUDU,MAKURDI,20,524,E,500000
1068,BE,EPEILO-OTUKPA,EPEILOOTUKPA,MAKURDI,20,629,R,700000
1046,BE,FED HOUSING AUTHORITY,FEDHOUSINGAUTHORITY,MAKURDI,20,524,E,500000
1069,BE,F.G.G.C.,FGGC,MAKURDI,20,629,R,700000
1047,BE,GBAJIMBA,GBAJIMBA,MAKURDI,20,524,E,500000
1070,BE,GBANYI -YANDEV,GBANYIYANDEV,MAKURDI,20,629,R,700000
1071,BE,GBOKO,GBOKO,MAKURDI,20,629,R,700000
1040,BE,GBOKO AND YANDEV,GBOKOANDYANDEV,Makurdi,20,524,E,500000
1072,BE,HARGA,HARGA,MAKURDI,20,629,R,700000
1073,BE,IGEDDE IDOMA,IGEDDEIDOMA,MAKURDI,20,629,R,700000
1074,BE,IGUMALE,IGUMALE,MAKURDI,20,629,R,700000
1075,BE,IGUMALI,IGUMALI,MAKURDI,20,629,R,700000
1076,BE,IHUGH,IHUGH,MAKURDI,20,629,R,700000
1077,BE,IKYURAV YA,IKYURAVYA,MAKURDI,20,629,R,700000
1078,BE,IPEDE-EDUMOGA,IPEDEEDUMOGA,MAKURDI,20,629,R,700000
1079,BE,IPIGWEBE-ADOKA,IPIGWEBEADOKA,MAKURDI,20,629,R,700000
1080,BE,ISE-AGBERAGBA,ISEAGBERAGBA,MAKURDI,20,629,R,700000
1081,BE,ITO,ITO,MAKURDI,20,629,R,700000
1082,BE,ITOGO EKINGO,ITOGOEKINGO,MAKURDI,20,629,R,700000
1083,BE,JATO -AKA,JATOAKA,MAKURDI,20,629,R,700000
1041,BE,KATSINA ALA,KATSINAALA,Makurdi,20,629,R,700000
1085,BE,KORINYA CITY,KORINYACITY,MAKURDI,20,629,R,700000
1086,BE,KOTI SHANGEV-YA,KOTISHANGEVYA,MAKURDI,20,629,R,700000
1087,BE,KOTI-YOUGH,KOTIYOUGH,MAKURDI,20,629,R,700000
1088,BE,LESSEL,LESSEL,MAKURDI,20,629,R,700000
1089,BE,MBAAKON,MBAAKON,MAKURDI,20,629,R,700000
1090,BE,MBAYONGO,MBAYONGO,MAKURDI,20,629,R,700000
1091,BE,MIKAR,MIKAR,MAKURDI,20,629,R,700000
1092,BE,MKAR,MKAR,MAKURDI,20,629,R,700000
1093,BE,NAKA,NAKA,MAKURDI,20,629,R,700000
1094,BE,OJU,OJU,MAKURDI,20,629,R,700000
1095,BE,OKPOGA,OKPOGA,MAKURDI,20,629,R,700000
1096,BE,ONYEGEDE,ONYEGEDE,MAKURDI,20,629,R,700000
1097,BE,OROKAM,OROKAM,MAKURDI,20,629,R,700000
1098,BE,OTADA,OTADA,MAKURDI,20,629,R,700000
1099,BE,OTOBI,OTOBI,MAKURDI,20,629,R,700000
1100,BE,OTUKPA,OTUKPA,MAKURDI,20,629,R,700000
1048,BE,OTUKPO,OTUKPO,MAKURDI,20,524,E,500000
1101,BE,PALSIHUGH,PALSIHUGH,MAKURDI,20,629,R,700000
1102,BE,SAI,SAI,MAKURDI,20,629,R,700000
1103,BE,SANKERA,SANKERA,MAKURDI,20,629,R,700000
1104,BE,TSAR-MADUKU,TSARMADUKU,MAKURDI,20,629,R,700000
1105,BE,UGBA(LOGO),UGBALOGO,MAKURDI,20,629,R,700000
1049,BE,UGBOKOLO,UGBOKOLO,MAKURDI,20,524,E,500000
1050,BE,UNICORD,UNICORD,MAKURDI,20,524,E,500000
1106,BE,USHONGO,USHONGO,MAKURDI,20,629,R,700000
1107,BE,UTONKON,UTONKON,MAKURDI,20,629,R,700000
1108,BE,VANDEIKYA,VANDEIKYA,MAKURDI,20,629,R,700000
1109,BE,WANNUNE,WANNUNE,MAKURDI,20,629,R,700000
1110,BE,ZAKI - BAIM,ZAKIBAIM,MAKURDI,20,629,R,700000
1042,BE,ZAKI BIAM,ZAKIBIAM,Makurdi,20,629,R,700000
1017,BO,ASKIRA UBA,ASKIRAUBA,MAIDUGURI,21,629,R,700000
1018,BO,BADE GASHUA,BADEGASHUA,MAIDUGURI,21,629,R,700000
1019,BO,BAGA,BAGA,MAIDUGURI,21,629,R,700000
1020,BO,BAMA,BAMA,MAIDUGURI,21,629,R,700000
1021,BO,BIU,BIU,MAIDUGURI,21,629,R,700000
1022,BO,CHIBOK,CHIBOK,MAIDUGURI,21,629,R,700000
1023,BO,DAMBOA,DAMBOA,MAIDUGURI,21,629,R,700000
1024,BO,DIKWA,DIKWA,MAIDUGURI,21,629,R,700000
1025,BO,GAMBORU-NGALA,GAMBORUNGALA,MAIDUGURI,21,629,R,700000
1026,BO,GUBIO,GUBIO,MAIDUGURI,21,629,R,700000
1027,BO,GWOZAONA,GWOZAONA,MAIDUGURI,21,629,R,700000
1028,BO,HAWUL,HAWUL,MAIDUGURI,21,629,R,700000
1029,BO,JERE,JERE,MAIDUGURI,21,629,R,700000
1030,BO,KUKAWA,KUKAWA,MAIDUGURI,21,629,R,700000
1031,BO,KWAYA KURSA,KWAYAKURSA,MAIDUGURI,21,629,R,700000
1033,BO,LASSA,LASSA,MAIDUGURI,21,629,R,700000
1034,BO,MAFA,MAFA,MAIDUGURI,21,629,R,700000
1035,BO,MALLAM FATORI,MALLAMFATORI,MAIDUGURI,21,629,R,700000
1036,BO,MARTE,MARTE,MAIDUGURI,21,629,R,700000
1037,BO,MOBBAR,MOBBAR,MAIDUGURI,21,629,R,700000
1038,BO,MONGUNO,MONGUNO,MAIDUGURI,21,629,R,700000
1039,BO,SHANI,SHANI,MAIDUGURI,21,629,R,700000
1,CR,ABABENE,ABABENE,CALABAR,21,524,E,500000
99,CR,ABANGORK,ABANGORK,CALABAR,21,524,E,500000
100,CR,ABANKANG,ABANKANG,CALABAR,21,524,E,500000
101,CR,ABANWAN EREI,ABANWANEREI,CALABAR,21,524,E,500000
129,CR,ABAOMEGE,ABAOMEGE,CALABAR,21,629,R,700000
2,CR,ABIJANG,ABIJANG,CALABAR,21,524,E,500000
102,CR,ABINI,ABINI,CALABAR,21,524,E,500000
3,CR,ABO EBAM,ABOEBAM,CALABAR,21,524,E,500000
4,CR,ABUOCHICHE,ABUOCHICHE,CALABAR,21,524,E,500000
130,CR,ADADAMA,ADADAMA,CALABAR,21,629,R,700000
131,CR,ADIABO,ADIABO,CALABAR,21,629,R,700000
5,CR,ADIM,ADIM,CALABAR,21,524,E,500000
104,CR,ADUM TOWN,ADUMTOWN,CALABAR,21,524,E,500000
6,CR,AFAFANYI,AFAFANYI,CALABAR,21,524,E,500000
7,CR,AGBA,AGBA,CALABAR,21,524,E,500000
8,CR,AGBIKOM,AGBIKOM,CALABAR,21,524,E,500000
9,CR,AGOI EKPO,AGOIEKPO,CALABAR,21,524,E,500000
10,CR,AGWAGUNA,AGWAGUNA,CALABAR,21,524,E,500000
11,CR,AJASSOR,AJASSOR,CALABAR,21,524,E,500000
12,CR,AJIDINKPOR,AJIDINKPOR,CALABAR,21,524,E,500000
105,CR,AKAMKPA,AKAMKPA,CALABAR,21,524,E,500000
13,CR,AKIM AKIM,AKIMAKIM,CALABAR,21,524,E,500000
14,CR,AKPAP OKOYONG,AKPAPOKOYONG,CALABAR,21,524,E,500000
15,CR,AKPARABONG,AKPARABONG,CALABAR,21,524,E,500000
106,CR,AKPET,AKPET,CALABAR,21,524,E,500000
16,CR,AKPET CENTRAL,AKPETCENTRAL,CALABAR,21,524,E,500000
17,CR,AKWA IKOT EFFANGA,AKWAIKOTEFFANGA,CALABAR,21,524,E,500000
18,CR,ANINGEJE,ANINGEJE,CALABAR,21,524,E,500000
19,CR,APIAPUM,APIAPUM,CALABAR,21,524,E,500000
20,CR,ARAGBAN,ARAGBAN,CALABAR,21,524,E,500000
21,CR,ASSIGA,ASSIGA,CALABAR,21,524,E,500000
22,CR,ATAN ONOYOM,ATANONOYOM,CALABAR,21,524,E,500000
23,CR,AWI,AWI,CALABAR,21,524,E,500000
108,CR,AYIP EKU PALM PLANTATION,AYIPEKUPALMPLANTATION,CALABAR,21,524,E,500000
24,CR,AZARE,AZARE,CALABAR,21,524,E,500000
132,CR,BAKASSI,BAKASSI,CALABAR,21,629,R,700000
109,CR,BANSARA,BANSARA,CALABAR,21,524,E,500000
110,CR,BATERIKO,BATERIKO,CALABAR,21,524,E,500000
111,CR,BENDEGHE-EKIEM,BENDEGHEEKIEM,CALABAR,21,524,E,500000
112,CR,BIAKPAN,BIAKPAN,CALABAR,21,524,E,500000
25,CR,BOGORO,BOGORO,CALABAR,21,524,E,500000
133,CR,BOJE,BOJE,CALABAR,21,629,R,700000
26,CR,BUSI,BUSI,CALABAR,21,524,E,500000
113,CR,CREEK TOWN,CREEKTOWN,CALABAR,21,524,E,500000
27,CR,ECHUMOFANA,ECHUMOFANA,CALABAR,21,524,E,500000
29,CR,EDOR,EDOR,CALABAR,21,524,E,500000
136,CR,EKORI,EKORI,CALABAR,21,629,R,700000
31,CR,EKPRI IKANG,EKPRIIKANG,CALABAR,21,524,E,500000
32,CR,EKPRI OBIO ABAKPA,EKPRIOBIOABAKPA,CALABAR,21,524,E,500000
33,CR,EKUMTAK,EKUMTAK,CALABAR,21,524,E,500000
137,CR,EKUREKU,EKUREKU,CALABAR,21,629,R,700000
34,CR,EMANGHABE,EMANGHABE,CALABAR,21,524,E,500000
35,CR,ESIGHI,ESIGHI,CALABAR,21,524,E,500000
36,CR,ETOMI,ETOMI,CALABAR,21,524,E,500000
37,CR,ETONO CENTRAL,ETONOCENTRAL,CALABAR,21,524,E,500000
38,CR,GAKEM,GAKEM,CALABAR,21,524,E,500000
39,CR,GANJUAA,GANJUAA,CALABAR,21,524,E,500000
40,CR,IBIJAKARA,IBIJAKARA,CALABAR,21,524,E,500000
41,CR,IBIL,IBIL,CALABAR,21,524,E,500000
42,CR,IDOMI,IDOMI,CALABAR,21,524,E,500000
43,CR,IDUNDU,IDUNDU,CALABAR,21,524,E,500000
44,CR,IFIANG AYONG,IFIANGAYONG,CALABAR,21,524,E,500000
45,CR,IFIANG NSUNG,IFIANGNSUNG,CALABAR,21,524,E,500000
138,CR,IGBO IMABANA,IGBOIMABANA,CALABAR,21,629,R,700000
46,CR,IJIBOR,IJIBOR,CALABAR,21,524,E,500000
47,CR,IKANG,IKANG,CALABAR,21,524,E,500000
48,CR,IKO EUPEREM,IKOEUPEREM,CALABAR,21,524,E,500000
139,CR,IKOM,IKOM,CALABAR,21,629,R,700000
49,CR,IKOT ASUQUO AFFIONG AYE,IKOTASUQUOAFFIONGAYE,CALABAR,21,524,E,500000
50,CR,IKOT EDM ODO,IKOTEDMODO,CALABAR,21,524,E,500000
51,CR,IKOT ENE,IKOTENE,CALABAR,21,524,E,500000
52,CR,IKOT OFFIONG AMBAI,IKOTOFFIONGAMBAI,CALABAR,21,524,E,500000
53,CR,IKOT OFFIONG OTOP,IKOTOFFIONGOTOP,CALABAR,21,524,E,500000
54,CR,IKOT OKPORA,IKOTOKPORA,CALABAR,21,524,E,500000
55,CR,INE ABASI,INEABASI,CALABAR,21,524,E,500000
56,CR,IPUOLE EBO,IPUOLEEBO,CALABAR,21,524,E,500000
57,CR,ISOBENDEGHE,ISOBENDEGHE,CALABAR,21,524,E,500000
58,CR,ITAKA,ITAKA,CALABAR,21,524,E,500000
114,CR,ITIGIDI,ITIGIDI,CALABAR,21,524,E,500000
59,CR,IWURU,IWURU,CALABAR,21,524,E,500000
60,CR,KAKWAGOM,KAKWAGOM,CALABAR,21,524,E,500000
116,CR,KAKWAGON,KAKWAGON,CALABAR,21,524,E,500000
61,CR,KETABEBE,KETABEBE,CALABAR,21,524,E,500000
62,CR,KIRFI,KIRFI,CALABAR,21,524,E,500000
63,CR,MBARAKOM,MBARAKOM,CALABAR,21,524,E,500000
64,CR,MBOTI,MBOTI,CALABAR,21,524,E,500000
118,CR,MFAMOSINE,MFAMOSINE,CALABAR,21,524,E,500000
65,CR,MFAMOSING,MFAMOSING,CALABAR,21,524,E,500000
67,CR,MMA EFA,MMAEFA,CALABAR,21,524,E,500000
68,CR,NDE,NDE,CALABAR,21,524,E,500000
119,CR,NETIM,NETIM,CALABAR,21,524,E,500000
69,CR,NKAKAT EYAMBA,NKAKATEYAMBA,CALABAR,21,524,E,500000
120,CR,NKO,NKO,CALABAR,21,524,E,500000
70,CR,NSADOP,NSADOP,CALABAR,21,524,E,500000
71,CR,NWANG,NWANG,CALABAR,21,524,E,500000
72,CR,NYANYA,NYANYA,CALABAR,21,524,E,500000
73,CR,OBA,OBA,CALABAR,21,524,E,500000
141,CR,OBUBRA,OBUBRA,CALABAR,21,629,R,700000
142,CR,OBUDU,OBUDU,CALABAR,21,629,R,700000
143,CR,OBUDU CATTLE RANCH,OBUDUCATTLERANCH,CALABAR,21,629,R,700000
74,CR,OBUTONG,OBUTONG,CALABAR,21,524,E,500000
75,CR,OCHAGBE,OCHAGBE,CALABAR,21,524,E,500000
76,CR,OCHON,OCHON,CALABAR,21,524,E,500000
121,CR,ODUKPANI,ODUKPANI,CALABAR,21,524,E,500000
77,CR,OFODUA,OFODUA,CALABAR,21,524,E,500000
78,CR,OFONBONGHA,OFONBONGHA,CALABAR,21,524,E,500000
144,CR,OGOJA,OGOJA,CALABAR,21,629,R,700000
79,CR,OKOYONG USANG ABASI,OKOYONGUSANGABASI,CALABAR,21,524,E,500000
80,CR,OKPECHE,OKPECHE,CALABAR,21,524,E,500000
123,CR,OKUKU,OKUKU,CALABAR,21,524,E,500000
81,CR,OKUKU CALABAR,OKUKUCALABAR,CALABAR,21,524,E,500000
82,CR,OKUNDI,OKUNDI,CALABAR,21,524,E,500000
83,CR,OKUNI,OKUNI,CALABAR,21,524,E,500000
124,CR,OKURIKANG,OKURIKANG,CALABAR,21,524,E,500000
84,CR,OLACHOR,OLACHOR,CALABAR,21,524,E,500000
125,CR,OOKPOMA,OOKPOMA,CALABAR,21,524,E,500000
85,CR,OYADAMA,OYADAMA,CALABAR,21,524,E,500000
86,CR,SANKWALA,SANKWALA,CALABAR,21,524,E,500000
87,CR,SHIKPECHE,SHIKPECHE,CALABAR,21,524,E,500000
88,CR,UGAGA,UGAGA,CALABAR,21,524,E,500000
145,CR,UGEP,UGEP,CALABAR,21,629,R,700000
89,CR,UKPA,UKPA,CALABAR,21,524,E,500000
90,CR,UKPE,UKPE,CALABAR,21,524,E,500000
91,CR,UKWA,UKWA,CALABAR,21,524,E,500000
127,CR,USUMUTONG,USUMUTONG,CALABAR,21,524,E,500000
92,CR,UTANGA,UTANGA,CALABAR,21,524,E,500000
93,CR,UTUHU,UTUHU,CALABAR,21,524,E,500000
94,CR,UTUKPURU,UTUKPURU,CALABAR,21,524,E,500000
128,CR,WANAKOM,WANAKOM,CALABAR,21,524,E,500000
96,CR,WARJI,WARJI,CALABAR,21,524,E,500000
97,CR,WONYE,WONYE,CALABAR,21,524,E,500000
98,CR,WULA,WULA,CALABAR,21,524,E,500000
147,CR,YAHE,YAHE,CALABAR,21,629,R,700000
2053,DE,ABALA-IZAH,ABALAIZAH,WARRI,21,629,R,700000
1921,DE,ABBI,ABBI,WARRI,21,524,E,500000
1922,DE,ABEDEI,ABEDEI,WARRI,21,524,E,500000
1923,DE,ABOH,ABOH,WARRI,21,524,E,500000
1924,DE,ABRAKA,ABRAKA,WARRI,21,524,E,500000
1925,DE,ADEJE,ADEJE,WARRI,21,524,E,500000
1926,DE,AFIESERE TOWN,AFIESERETOWN,WARRI,21,524,E,500000
1927,DE,AGBARHO,AGBARHO,WARRI,21,524,E,500000
1928,DE,AGBARHO-OTOR,AGBARHOOTOR,WARRI,21,524,E,500000
1929,DE,AGBOR ALIADIMA,AGBORALIADIMA,WARRI,21,524,E,500000
1930,DE,AGBOR-NTAH,AGBORNTAH,WARRI,21,524,E,500000
1931,DE,AJAGBODUDU,AJAGBODUDU,WARRI,21,524,E,500000
1932,DE,AKOKU,AKOKU,WARRI,21,524,E,500000
1933,DE,AKUMANZI-UMUORA,AKUMANZIUMUORA,WARRI,21,524,E,500000
1934,DE,ALISIUINA,ALISIUINA,WARRI,21,524,E,500000
1935,DE,AMAI,AMAI,WARRI,21,524,E,500000
1936,DE,ANYALA-OBINA,ANYALAOBINA,WARRI,21,524,E,500000
1937,DE,ARADHE,ARADHE,WARRI,21,524,E,500000
1938,DE,ARAGBA,ARAGBA,WARRI,21,524,E,500000
2054,DE,ASHAKA WARRI,ASHAKAWARRI,WARRI,21,629,R,700000
2055,DE,ASHAMA,ASHAMA,WARRI,21,629,R,700000
1939,DE,ATIAVWANERI,ATIAVWANERI,WARRI,21,524,E,500000
1940,DE,ATIME-IGAJ,ATIMEIGAJ,WARRI,21,524,E,500000
1941,DE,AYAKOROMO,AYAKOROMO,WARRI,21,524,E,500000
1942,DE,BOMADI,BOMADI,WARRI,21,524,E,500000
1943,DE,BURUTU,BURUTU,WARRI,21,524,E,500000
1944,DE,EJEME-UNOR,EJEMEUNOR,WARRI,21,524,E,500000
1945,DE,EMEDE,EMEDE,WARRI,21,524,E,500000
1946,DE,EME-UNOR,EMEUNOR,WARRI,21,524,E,500000
1947,DE,ENHWE,ENHWE,WARRI,21,524,E,500000
1948,DE,ERUEMUKOWHARIAN,ERUEMUKOWHARIAN,WARRI,21,524,E,500000
1949,DE,ESCRAVOS,ESCRAVOS,WARRI,21,524,E,500000
1951,DE,ETUA,ETUA,WARRI,21,524,E,500000
1952,DE,EUN,EUN,WARRI,21,524,E,500000
1953,DE,EVRENI,EVRENI,WARRI,21,524,E,500000
1954,DE,FORCADOS,FORCADOS,WARRI,21,524,E,500000
1956,DE,FUPRE - 0KPE,FUPRE0KPE,WARRI,21,524,E,500000
1957,DE,GANGANA,GANGANA,WARRI,21,524,E,500000
1958,DE,IBEDEM,IBEDEM,WARRI,21,524,E,500000
1959,DE,IBREDE,IBREDE,WARRI,21,524,E,500000
1960,DE,IDUMEJE-UNOR,IDUMEJEUNOR,WARRI,21,524,E,500000
1961,DE,IDUMIOGO,IDUMIOGO,WARRI,21,524,E,500000
1962,DE,IDUNUJE-UNOR,IDUNUJEUNOR,WARRI,21,524,E,500000
1963,DE,IGBIDE,IGBIDE,WARRI,21,524,E,500000
1964,DE,IKPIDIAMA,IKPIDIAMA,WARRI,21,524,E,500000
1965,DE,IKWOLE,IKWOLE,WARRI,21,524,E,500000
1966,DE,ILUOLOGBO S.O.,ILUOLOGBOSO,WARRI,21,524,E,500000
1967,DE,IRRI,IRRI,WARRI,21,524,E,500000
1968,DE,ISIOKOLO,ISIOKOLO,WARRI,21,524,E,500000
1969,DE,ISSELLE-ASAGBA,ISSELLEASAGBA,WARRI,21,524,E,500000
1970,DE,JEDDO,JEDDO,WARRI,21,524,E,500000
1971,DE,KAGBODO,KAGBODO,WARRI,21,524,E,500000
1972,DE,KOKO,KOKO,WARRI,21,524,E,500000
1974,DE,KOKORI,KOKORI,WARRI,21,524,E,500000
1973,DE,KOKO WARRI,KOKOWARRI,WARRI,21,524,E,500000
1975,DE,KWALE,KWALE,WARRI,21,524,E,500000
1977,DE,KWALE ASHAKA,KWALEASHAKA,WARRI,21,524,E,500000
1978,DE,OBIARUKU,OBIARUKU,WARRI,21,524,E,500000
1979,DE,OBI-OBETI,OBIOBETI,WARRI,21,524,E,500000
1980,DE,ODEDEGO,ODEDEGO,WARRI,21,524,E,500000
1981,DE,OFAGBE,OFAGBE,WARRI,21,524,E,500000
2056,DE,OGRIAGBENE,OGRIAGBENE,WARRI,21,629,R,700000
1982,DE,OGULAGHA,OGULAGHA,WARRI,21,524,E,500000
1983,DE,OGUME,OGUME,WARRI,21,524,E,500000
1984,DE,OJOBE,OJOBE,WARRI,21,524,E,500000
1985,DE,OJOBO,OJOBO,WARRI,21,524,E,500000
1986,DE,OKARE,OKARE,WARRI,21,524,E,500000
1987,DE,OKERENKOKO,OKERENKOKO,WARRI,21,524,E,500000
1988,DE,OKI -IDUMUEKA,OKIIDUMUEKA,WARRI,21,524,E,500000
1989,DE,OKPARA INLAND,OKPARAINLAND,WARRI,21,524,E,500000
1990,DE,OKPARA WATERSIDE,OKPARAWATERSIDE,WARRI,21,524,E,500000
1991,DE,OKPE-ISOKO,OKPEISOKO,WARRI,21,524,E,500000
1992,DE,OKUOKOKO,OKUOKOKO,WARRI,21,524,E,500000
1993,DE,OKWAGBE,OKWAGBE,WARRI,21,524,E,500000
1994,DE,OKWU-OBA,OKWUOBA,WARRI,21,524,E,500000
1995,DE,OLEH,OLEH,WARRI,21,524,E,500000
1996,DE,OLOGWE-ISUMPE,OLOGWEISUMPE,WARRI,21,524,E,500000
1997,DE,OLONEMU,OLONEMU,WARRI,21,524,E,500000
1998,DE,OMOSOMO,OMOSOMO,WARRI,21,524,E,500000
2000,DE,ONICHA-UKU,ONICHAUKU,WARRI,21,524,E,500000
1999,DE,ONICHA -UKUANI,ONICHAUKUANI,WARRI,21,524,E,500000
2001,DE,ONOGBOKOR,ONOGBOKOR,WARRI,21,524,E,500000
2002,DE,ORERE,ORERE,WARRI,21,524,E,500000
2003,DE,OREROKPE,OREROKPE,WARRI,21,524,E,500000
2004,DE,ORIA WATERSIDE,ORIAWATERSIDE,WARRI,21,524,E,500000
2005,DE,OSUBI,OSUBI,WARRI,21,524,E,500000
2006,DE,OTAGBE,OTAGBE,WARRI,21,524,E,500000
2007,DE,OTEFE,OTEFE,WARRI,21,524,E,500000
2008,DE,OTOGOR,OTOGOR,WARRI,21,524,E,500000
2009,DE,OTOLOKPO,OTOLOKPO,WARRI,21,524,E,500000
2010,DE,OTOR-IYEDE S.O,OTORIYEDESO,WARRI,21,524,E,500000
2011,DE,OTUJEREMI,OTUJEREMI,WARRI,21,524,E,500000
2013,DE,OTUREKPE,OTUREKPE,WARRI,21,524,E,500000
2014,DE,OUT -JEREMI,OUTJEREMI,WARRI,21,524,E,500000
2015,DE,OVORI-OLOMU,OVORIOLOMU,WARRI,21,524,E,500000
2016,DE,OVRODE,OVRODE,WARRI,21,524,E,500000
2018,DE,OWA-ALADINMA,OWAALADINMA,WARRI,21,524,E,500000
2017,DE,OWA ALISUNI,OWAALISUNI,WARRI,21,524,E,500000
2019,DE,OWA-ALIZOMOR,OWAALIZOMOR,WARRI,21,524,E,500000
2020,DE,OWEVWE,OWEVWE,WARRI,21,524,E,500000
2021,DE,OWHRE-OLUBOR,OWHREOLUBOR,WARRI,21,524,E,500000
2022,DE,OWRHODE,OWRHODE,WARRI,21,524,E,500000
2023,DE,OYARO,OYARO,WARRI,21,524,E,500000
2024,DE,OYEDE,OYEDE,WARRI,21,524,E,500000
2025,DE,OZORO,OZORO,WARRI,21,524,E,500000
2026,DE,PATANI,PATANI,WARRI,21,524,E,500000
2057,DE,TORUGBENE,TORUGBENE,WARRI,21,629,R,700000
2027,DE,TUOMO,TUOMO,WARRI,21,524,E,500000
2028,DE,UBEJI,UBEJI,WARRI,21,524,E,500000
2029,DE,UBULU -OKITI,UBULUOKITI,WARRI,21,524,E,500000
2030,DE,UDUERE,UDUERE,WARRI,21,524,E,500000
2031,DE,UGBOKO,UGBOKO,WARRI,21,524,E,500000
2032,DE,UGBOKODO,UGBOKODO,WARRI,21,524,E,500000
2033,DE,UGBOLU,UGBOLU,WARRI,21,524,E,500000
2034,DE,UGHELLI,UGHELLI,WARRI,21,524,E,500000
2035,DE,UGIZI-AMAN,UGIZIAMAN,WARRI,21,524,E,500000
2036,DE,UGWUOTON,UGWUOTON,WARRI,21,524,E,500000
2037,DE,UKALA UKPUNOR,UKALAUKPUNOR,WARRI,21,524,E,500000
2038,DE,UKPUDE,UKPUDE,WARRI,21,524,E,500000
2039,DE,UKWUPNZU,UKWUPNZU,WARRI,21,524,E,500000
2040,DE,UMEGHE,UMEGHE,WARRI,21,524,E,500000
2041,DE,UMUEKUM AMAI,UMUEKUMAMAI,WARRI,21,524,E,500000
2042,DE,UMUKWATA,UMUKWATA,WARRI,21,524,E,500000
2043,DE,UMUORU,UMUORU,WARRI,21,524,E,500000
2058,DE,UMUSETI,UMUSETI,WARRI,21,629,R,700000
2044,DE,UMU-ZEBUGA,UMUZEBUGA,WARRI,21,524,E,500000
2045,DE,USIEFRUN,USIEFRUN,WARRI,21,524,E,500000
2047,DE,UTAGBA-OGBE,UTAGBAOGBE,WARRI,21,524,E,500000
2046,DE,UTAGBA -UNOR,UTAGBAUNOR,WARRI,21,524,E,500000
2048,DE,UTE-ALOHAN,UTEALOHAN,WARRI,21,524,E,500000
2049,DE,UTE-ERUMI,UTEERUMI,WARRI,21,524,E,500000
2050,DE,UTE-OKPU,UTEOKPU,WARRI,21,524,E,500000
2051,DE,UTE-UGBEJE,UTEUGBEJE,WARRI,21,524,E,500000
2052,DE,UWHERA,UWHERA,WARRI,21,524,E,500000
487,ED,ABAVO,ABAVO,BENIN,22,524,E,500000
488,ED,ABUDU,ABUDU,BENIN,22,524,E,500000
489,ED,AFASHIO,AFASHIO,BENIN,22,524,E,500000
490,ED,AFOWA,AFOWA,BENIN,22,524,E,500000
554,ED,AFUZE,AFUZE,BENIN,22,629,R,700000
491,ED,AGBEDE,AGBEDE,BENIN,22,524,E,500000
480,ED,AGBOR,AGBOR,BENIN,22,524,E,500000
492,ED,AGENEBODE,AGENEBODE,BENIN,22,524,E,500000
493,ED,ANEGBETTE,ANEGBETTE,BENIN,22,524,E,500000
494,ED,AVIELE,AVIELE,BENIN,22,524,E,500000
495,ED,EBELLE,EBELLE,BENIN,22,524,E,500000
496,ED,EIBENU,EIBENU,BENIN,22,524,E,500000
497,ED,EKPERI,EKPERI,BENIN,22,524,E,500000
498,ED,EKPON,EKPON,BENIN,22,524,E,500000
499,ED,EMAI,EMAI,BENIN,22,524,E,500000
500,ED,EMU,EMU,BENIN,22,524,E,500000
501,ED,ETETE,ETETE,BENIN,22,524,E,500000
502,ED,EVBOESI,EVBOESI,BENIN,22,524,E,500000
503,ED,EWATTO,EWATTO,BENIN,22,524,E,500000
504,ED,EWOHIMI,EWOHIMI,BENIN,22,524,E,500000
505,ED,EWU,EWU,BENIN,22,524,E,500000
556,ED,FUGAR,FUGAR,BENIN,22,629,R,700000
506,ED,IBIE IYEREKU,IBIEIYEREKU,BENIN,22,524,E,500000
507,ED,IBILLO,IBILLO,BENIN,22,524,E,500000
508,ED,IDIDIGBA,IDIDIGBA,BENIN,22,524,E,500000
557,ED,IGARRA,IGARRA,BENIN,22,629,R,700000
509,ED,IGBANKE,IGBANKE,BENIN,22,524,E,500000
510,ED,IGBUEBEN,IGBUEBEN,BENIN,22,524,E,500000
511,ED,IGUELAIHOR,IGUELAIHOR,BENIN,22,524,E,500000
512,ED,IGUOKAKHAN,IGUOKAKHAN,BENIN,22,524,E,500000
513,ED,IHIEVBE,IHIEVBE,BENIN,22,524,E,500000
558,ED,IKAKUMO,IKAKUMO,BENIN,22,629,R,700000
514,ED,IKPESHI,IKPESHI,BENIN,22,524,E,500000
515,ED,ILUEHA,ILUEHA,BENIN,22,524,E,500000
559,ED,IRAOKHOR,IRAOKHOR,BENIN,22,629,R,700000
560,ED,IREKPAI,IREKPAI,BENIN,22,629,R,700000
516,ED,IRRUA,IRRUA,BENIN,22,524,E,500000
561,ED,IRU,IRU,BENIN,22,629,R,700000
517,ED,IRUEKPEN,IRUEKPEN,BENIN,22,524,E,500000
562,ED,IVIANOKPODI,IVIANOKPODI,BENIN,22,629,R,700000
563,ED,IVIUKE,IVIUKE,BENIN,22,629,R,700000
518,ED,IYAKPI,IYAKPI,BENIN,22,524,E,500000
482,ED,IYANOMO RUBBER RESEARCH,IYANOMORUBBERRESEARCH,BENIN,22,524,E,500000
519,ED,IYOWA,IYOWA,BENIN,22,524,E,500000
520,ED,IYUKU,IYUKU,BENIN,22,524,E,500000
521,ED,JAGBE,JAGBE,BENIN,22,524,E,500000
483,ED,Jattu,JATTU,BENIN,22,524,E,500000
484,ED,OBARETIN VILLAGE PRESCO,OBARETINVILLAGEPRESCO,BENIN,22,524,E,500000
522,ED,OBEIDU,OBEIDU,BENIN,22,524,E,500000
564,ED,ODIGUETUE,ODIGUETUE,BENIN,22,629,R,700000
565,ED,OGBESSE,OGBESSE,BENIN,22,629,R,700000
523,ED,OGWA,OGWA,BENIN,22,524,E,500000
524,ED,OHORDUA,OHORDUA,BENIN,22,524,E,500000
525,ED,OKHUESSAN,OKHUESSAN,BENIN,22,524,E,500000
567,ED,OKPEKPE,OKPEKPE,BENIN,22,629,R,700000
568,ED,OKPELLA,OKPELLA,BENIN,22,629,R,700000
526,ED,OKPUJE,OKPUJE,BENIN,22,524,E,500000
569,ED,OLOTEN,OLOTEN,BENIN,22,629,R,700000
527,ED,ONEWA,ONEWA,BENIN,22,524,E,500000
528,ED,OPOJI,OPOJI,BENIN,22,524,E,500000
529,ED,OTTAH,OTTAH,BENIN,22,524,E,500000
530,ED,OTUO,OTUO,BENIN,22,524,E,500000
531,ED,OZALLA,OZALLA,BENIN,22,524,E,500000
532,ED,OZANISI,OZANISI,BENIN,22,524,E,500000
570,ED,SOBE,SOBE,BENIN,22,629,R,700000
533,ED,UBIAJA,UBIAJA,BENIN,22,524,E,500000
534,ED,UDO,UDO,BENIN,22,524,E,500000
535,ED,UGBEKA,UGBEKA,BENIN,22,524,E,500000
536,ED,UGBOKO-NIRO,UGBOKONIRO,BENIN,22,524,E,500000
537,ED,UGBOKO-NUMAGAE,UGBOKONUMAGAE,BENIN,22,524,E,500000
538,ED,UGO,UGO,BENIN,22,524,E,500000
539,ED,UGONEKI,UGONEKI,BENIN,22,524,E,500000
540,ED,UJIOGBA,UJIOGBA,BENIN,22,524,E,500000
541,ED,UKHUN,UKHUN,BENIN,22,524,E,500000
542,ED,UKPILLA,UKPILLA,BENIN,22,524,E,500000
543,ED,UNEMENEKHUA,UNEMENEKHUA,BENIN,22,524,E,500000
544,ED,UOKHA,UOKHA,BENIN,22,524,E,500000
545,ED,URHUERUE,URHUERUE,BENIN,22,524,E,500000
546,ED,URNONIGBE,URNONIGBE,BENIN,22,524,E,500000
547,ED,UTEKON,UTEKON,BENIN,22,524,E,500000
548,ED,UTESE,UTESE,BENIN,22,524,E,500000
549,ED,UTOKA,UTOKA,BENIN,22,524,E,500000
550,ED,UWAN,UWAN,BENIN,22,524,E,500000
551,ED,UWESAN,UWESAN,BENIN,22,524,E,500000
571,ED,UZAIRUE,UZAIRUE,BENIN,22,629,R,700000
552,ED,UZEAN,UZEAN,BENIN,22,524,E,500000
572,ED,UZERE,UZERE,BENIN,22,629,R,700000
553,ED,WARRAKE,WARRAKE,BENIN,22,524,E,500000
486,ED,WEPPA AGENEBODE,WEPPAAGENEBODE,BENIN,22,524,E,500000
148,EN,ABIA,ABIA,ENUGU,21,524,E,500000
149,EN,ABINA,ABINA,ENUGU,21,524,E,500000
150,EN,ABOR-AGBAJA,ABORAGBAJA,ENUGU,21,524,E,500000
151,EN,ACHI,ACHI,ENUGU,21,524,E,500000
152,EN,ADANI,ADANI,ENUGU,21,524,E,500000
153,EN,ADAOGBA,ADAOGBA,ENUGU,21,524,E,500000
154,EN,AFFA,AFFA,ENUGU,21,524,E,500000
155,EN,AFOR -NACHI,AFORNACHI,ENUGU,21,524,E,500000
156,EN,AGABI,AGABI,ENUGU,21,524,E,500000
157,EN,AGBALAENYI,AGBALAENYI,ENUGU,21,524,E,500000
158,EN,AGBANI,AGBANI,ENUGU,21,524,E,500000
159,EN,AGBA-UMANA,AGBAUMANA,ENUGU,21,524,E,500000
160,EN,AGBOGUGU,AGBOGUGU,ENUGU,21,524,E,500000
161,EN,AGUAGBA-UMANA,AGUAGBAUMANA,ENUGU,21,524,E,500000
163,EN,AGUOBU-OWA,AGUOBUOWA,ENUGU,21,524,E,500000
162,EN,AGUOBU UMUMBA,AGUOBUUMUMBA,ENUGU,21,524,E,500000
164,EN,AGWU,AGWU,ENUGU,21,524,E,500000
165,EN,AKAMA,AKAMA,ENUGU,21,524,E,500000
166,EN,AKEGBE -UGWU,AKEGBEUGWU,ENUGU,21,524,E,500000
167,EN,AKPAWFU,AKPAWFU,ENUGU,21,524,E,500000
168,EN,AKPUGO,AKPUGO,ENUGU,21,524,E,500000
170,EN,AKPUGOEZE,AKPUGOEZE,ENUGU,21,524,E,500000
169,EN,AKPUGO EZEDIKE,AKPUGOEZEDIKE,ENUGU,21,524,E,500000
171,EN,AKU,AKU,ENUGU,21,524,E,500000
172,EN,AKWUKE,AKWUKE,ENUGU,21,524,E,500000
173,EN,ALOR-AGU,ALORAGU,ENUGU,21,524,E,500000
174,EN,AMAGU,AMAGU,ENUGU,21,524,E,500000
175,EN,AMAGUNZE,AMAGUNZE,ENUGU,21,524,E,500000
176,EN,AMAMGBALA,AMAMGBALA,ENUGU,21,524,E,500000
177,EN,AMATU-EZEMA,AMATUEZEMA,ENUGU,21,524,E,500000
178,EN,AMAUZAM,AMAUZAM,ENUGU,21,524,E,500000
179,EN,AMECHI,AMECHI,ENUGU,21,524,E,500000
180,EN,AMOKWE,AMOKWE,ENUGU,21,524,E,500000
181,EN,AMURI-AMABOR,AMURIAMABOR,ENUGU,21,524,E,500000
182,EN,AWHA-IMEZI,AWHAIMEZI,ENUGU,21,524,E,500000
183,EN,AWHA-NDIAGU,AWHANDIAGU,ENUGU,21,524,E,500000
184,EN,AWHUM,AWHUM,ENUGU,21,524,E,500000
185,EN,AWKUNAWNAW TOWN,AWKUNAWNAWTOWN,ENUGU,21,524,E,500000
186,EN,EBEANO,EBEANO,ENUGU,21,524,E,500000
187,EN,EBIAJI,EBIAJI,ENUGU,21,524,E,500000
188,EN,EDE OBALLA,EDEOBALLA,ENUGU,21,524,E,500000
189,EN,EFFIUM,EFFIUM,ENUGU,21,524,E,500000
190,EN,EGEDE,EGEDE,ENUGU,21,524,E,500000
191,EN,EGUNKWO-ONITSHA,EGUNKWOONITSHA,ENUGU,21,524,E,500000
192,EN,EHA ALUMONA,EHAALUMONA,ENUGU,21,524,E,500000
193,EN,EHA AMUFU,EHAAMUFU,ENUGU,21,524,E,500000
195,EN,EKE,EKE,ENUGU,21,524,E,500000
196,EN,EKE-OKPAKU,EKEOKPAKU,ENUGU,21,524,E,500000
197,EN,EKWEGBE,EKWEGBE,ENUGU,21,524,E,500000
198,EN,ENHA,ENHA,ENUGU,21,524,E,500000
199,EN,ENUGU EZIKE,ENUGUEZIKE,ENUGU,21,524,E,500000
201,EN,ENUGU-NGWO,ENUGUNGWO,ENUGU,21,524,E,500000
202,EN,EZEAGU AGUBUOWA,EZEAGUAGUBUOWA,ENUGU,21,524,E,500000
203,EN,EZEANGBO,EZEANGBO,ENUGU,21,524,E,500000
205,EN,EZEMA-OLO,EZEMAOLO,ENUGU,21,524,E,500000
206,EN,EZIOHA OGUGU,EZIOHAOGUGU,ENUGU,21,524,E,500000
207,EN,EZZA,EZZA,ENUGU,21,524,E,500000
208,EN,EZZAGU,EZZAGU,ENUGU,21,524,E,500000
209,EN,IBAGWANI,IBAGWANI,ENUGU,21,524,E,500000
210,EN,IBAGWA-NKWO,IBAGWANKWO,ENUGU,21,524,E,500000
211,EN,IBITE-OGUGU,IBITEOGUGU,ENUGU,21,524,E,500000
215,EN,IGBO-ANO,IGBOANO,ENUGU,21,524,E,500000
212,EN,IGBO ETITI,IGBOETITI,ENUGU,21,524,E,500000
213,EN,IGBO ETITI IGBOEZE NORTH,IGBOETITIIGBOEZENORTH,ENUGU,21,524,E,500000
216,EN,IGBO-EZE,IGBOEZE,ENUGU,21,524,E,500000
214,EN,IGBO EZE SOUTH,IGBOEZESOUTH,ENUGU,21,524,E,500000
217,EN,IHIE ISHIAGU,IHIEISHIAGU,ENUGU,21,524,E,500000
218,EN,IHUONYIA,IHUONYIA,ENUGU,21,524,E,500000
219,EN,IKEM,IKEM,ENUGU,21,524,E,500000
220,EN,IKWO,IKWO,ENUGU,21,524,E,500000
222,EN,IKWO ONU EBONYI,IKWOONUEBONYI,ENUGU,21,524,E,500000
221,EN,IKWO - SOUTH,IKWOSOUTH,ENUGU,21,524,E,500000
223,EN,ILIE -OWA,ILIEOWA,ENUGU,21,524,E,500000
224,EN,INYI,INYI,ENUGU,21,524,E,500000
225,EN,ISHIELU,ISHIELU,ENUGU,21,524,E,500000
226,EN,ISIGWE,ISIGWE,ENUGU,21,524,E,500000
227,EN,ISIKWE ACHI,ISIKWEACHI,ENUGU,21,524,E,500000
228,EN,ISIUGWU UGBAWKA,ISIUGWUUGBAWKA,ENUGU,21,524,E,500000
229,EN,ISIUGWU UMANA,ISIUGWUUMANA,ENUGU,21,524,E,500000
230,EN,ISIUZOR,ISIUZOR,ENUGU,21,524,E,500000
231,EN,ITIM-UKWU,ITIMUKWU,ENUGU,21,524,E,500000
232,EN,ITITI EDDA,ITITIEDDA,ENUGU,21,524,E,500000
233,EN,IVA-VALLEY,IVAVALLEY,ENUGU,21,524,E,500000
234,EN,IVO,IVO,ENUGU,21,524,E,500000
235,EN,IWOLLO,IWOLLO,ENUGU,21,524,E,500000
236,EN,IZANGBO,IZANGBO,ENUGU,21,524,E,500000
237,EN,IZZI,IZZI,ENUGU,21,524,E,500000
238,EN,LEGGA,LEGGA,ENUGU,21,524,E,500000
239,EN,LEJJA,LEJJA,ENUGU,21,524,E,500000
240,EN,MAKU,MAKU,ENUGU,21,524,E,500000
241,EN,MBANABO NORTH & SOUTH,MBANABONORTHSOUTH,ENUGU,21,524,E,500000
242,EN,MBU,MBU,ENUGU,21,524,E,500000
243,EN,MGBO EAST,MGBOEAST,ENUGU,21,524,E,500000
244,EN,MGBOGBU-OWA,MGBOGBUOWA,ENUGU,21,524,E,500000
245,EN,MGBOWO,MGBOWO,ENUGU,21,524,E,500000
246,EN,MKPOR,MKPOR,ENUGU,21,524,E,500000
247,EN,MPU,MPU,ENUGU,21,524,E,500000
248,EN,NACHI,NACHI,ENUGU,21,524,E,500000
249,EN,NARA,NARA,ENUGU,21,524,E,500000
250,EN,NDIABOR,NDIABOR,ENUGU,21,524,E,500000
251,EN,NDIAGU ACHARA,NDIAGUACHARA,ENUGU,21,524,E,500000
252,EN,NDIOKE,NDIOKE,ENUGU,21,524,E,500000
253,EN,NENWE,NENWE,ENUGU,21,524,E,500000
254,EN,NGENE-UGBO,NGENEUGBO,ENUGU,21,524,E,500000
255,EN,NKALAGU,NKALAGU,ENUGU,21,524,E,500000
256,EN,NKANU,NKANU,ENUGU,21,524,E,500000
257,EN,NKEREFI,NKEREFI,ENUGU,21,524,E,500000
258,EN,NKWE,NKWE,ENUGU,21,524,E,500000
259,EN,NROBO,NROBO,ENUGU,21,524,E,500000
260,EN,NSUDE,NSUDE,ENUGU,21,524,E,500000
261,EN,NSUKKA,NSUKKA,ENUGU,21,524,E,500000
263,EN,OBELEAGU-UNANA,OBELEAGUUNANA,ENUGU,21,524,E,500000
264,EN,OBIMO,OBIMO,ENUGU,21,524,E,500000
265,EN,OBINAGU,OBINAGU,ENUGU,21,524,E,500000
266,EN,OBINOFIA-NDIUNO,OBINOFIANDIUNO,ENUGU,21,524,E,500000
267,EN,OBIOMA,OBIOMA,ENUGU,21,524,E,500000
268,EN,OBIOSARA,OBIOSARA,ENUGU,21,524,E,500000
269,EN,OBODO-ULI,OBODOULI,ENUGU,21,524,E,500000
270,EN,OBOLLO AFOR,OBOLLOAFOR,ENUGU,21,524,E,500000
271,EN,OBOLLO EITITI,OBOLLOEITITI,ENUGU,21,524,E,500000
272,EN,OBOLLO EKE,OBOLLOEKE,ENUGU,21,524,E,500000
273,EN,OBOLOAFOR,OBOLOAFOR,ENUGU,21,524,E,500000
274,EN,ODAGERI EDDA,ODAGERIEDDA,ENUGU,21,524,E,500000
275,EN,OGBEDE,OGBEDE,ENUGU,21,524,E,500000
276,EN,OGHE,OGHE,ENUGU,21,524,E,500000
277,EN,OGHU,OGHU,ENUGU,21,524,E,500000
278,EN,OGUGURU,OGUGURU,ENUGU,21,524,E,500000
279,EN,OGWOFIA -OWA,OGWOFIAOWA,ENUGU,21,524,E,500000
280,EN,OGWUAGO,OGWUAGO,ENUGU,21,524,E,500000
281,EN,OGWUOGO NIKE,OGWUOGONIKE,ENUGU,21,524,E,500000
282,EN,OHABUEZE-OBIMO,OHABUEZEOBIMO,ENUGU,21,524,E,500000
283,EN,OHAUKWU,OHAUKWU,ENUGU,21,524,E,500000
284,EN,OHODO,OHODO,ENUGU,21,524,E,500000
285,EN,OJI RIVER,OJIRIVER,ENUGU,21,524,E,500000
286,EN,OKOTO,OKOTO,ENUGU,21,524,E,500000
287,EN,OKPATU,OKPATU,ENUGU,21,524,E,500000
288,EN,OKPESI,OKPESI,ENUGU,21,524,E,500000
289,EN,OKPUEZE-UMUMBA,OKPUEZEUMUMBA,ENUGU,21,524,E,500000
290,EN,OKUNATO,OKUNATO,ENUGU,21,524,E,500000
291,EN,OKWOJO-NGWO,OKWOJONGWO,ENUGU,21,524,E,500000
292,EN,OMEGE ACHARA,OMEGEACHARA,ENUGU,21,524,E,500000
293,EN,OMOGWU UMANA,OMOGWUUMANA,ENUGU,21,524,E,500000
294,EN,ONUABANYI ECHARA,ONUABANYIECHARA,ENUGU,21,524,E,500000
295,EN,ONUEKE,ONUEKE,ENUGU,21,524,E,500000
296,EN,ONYEHOR,ONYEHOR,ENUGU,21,524,E,500000
297,EN,OPI,OPI,ENUGU,21,524,E,500000
298,EN,ORUKU,ORUKU,ENUGU,21,524,E,500000
299,EN,OVOKO,OVOKO,ENUGU,21,524,E,500000
300,EN,OWA-OBINAGU,OWAOBINAGU,ENUGU,21,524,E,500000
301,EN,OYE ABBI,OYEABBI,ENUGU,21,524,E,500000
302,EN,UBOJI-NGWO,UBOJINGWO,ENUGU,21,524,E,500000
303,EN,UDI,UDI,ENUGU,21,524,E,500000
304,EN,UDUMA,UDUMA,ENUGU,21,524,E,500000
305,EN,UGBONABOR,UGBONABOR,ENUGU,21,524,E,500000
306,EN,UGBO-OKPALA,UGBOOKPALA,ENUGU,21,524,E,500000
307,EN,UGWUEKE -NIKE,UGWUEKENIKE,ENUGU,21,524,E,500000
308,EN,UGWUEME,UGWUEME,ENUGU,21,524,E,500000
309,EN,UGWUNWANI,UGWUNWANI,ENUGU,21,524,E,500000
310,EN,UHUNONWERRE,UHUNONWERRE,ENUGU,21,524,E,500000
311,EN,UKANA,UKANA,ENUGU,21,524,E,500000
312,EN,UKEHE,UKEHE,ENUGU,21,524,E,500000
313,EN,UKPATA,UKPATA,ENUGU,21,524,E,500000
314,EN,UMUABI,UMUABI,ENUGU,21,524,E,500000
315,EN,UMUAGA,UMUAGA,ENUGU,21,524,E,500000
316,EN,UMUAVULU ABOR 1,UMUAVULUABOR1,ENUGU,21,524,E,500000
317,EN,UMUITODO,UMUITODO,ENUGU,21,524,E,500000
318,EN,UMULAKPA,UMULAKPA,ENUGU,21,524,E,500000
319,EN,UMULOKPA,UMULOKPA,ENUGU,21,524,E,500000
320,EN,UMULUMGBE,UMULUMGBE,ENUGU,21,524,E,500000
321,EN,UMUMBA,UMUMBA,ENUGU,21,524,E,500000
322,EN,UMUMBA-NDIAGU,UMUMBANDIAGU,ENUGU,21,524,E,500000
323,EN,UMUNAJI OGBODO,UMUNAJIOGBODO,ENUGU,21,524,E,500000
324,EN,UMUNKO,UMUNKO,ENUGU,21,524,E,500000
325,EN,UMUNWENJI -NIKE,UMUNWENJINIKE,ENUGU,21,524,E,500000
326,EN,UMUOKA,UMUOKA,ENUGU,21,524,E,500000
327,EN,UVURUR,UVURUR,ENUGU,21,524,E,500000
328,EN,UZOR UWANI,UZORUWANI,ENUGU,21,524,E,500000
269,FC,ABAJI,ABAJI,ABUJA,21,629,R,700000
245,FC,ADO,ADO,ABUJA,21,524,E,500000
246,FC,BWARI,BWARI,ABUJA,21,524,E,500000
247,FC,City College,CITYCOLLEGE,ABUJA,21,524,E,500000
248,FC,DEI-DEI,DEIDEI,ABUJA,21,524,E,500000
270,FC,GIDA MANGORO,GIDAMANGORO,ABUJA,21,629,R,700000
249,FC,Gosa,GOSA,ABUJA,21,524,E,500000
250,FC,GWAGWA,GWAGWA,ABUJA,21,524,E,500000
251,FC,GWAGWALADA,GWAGWALADA,ABUJA,21,524,E,500000
271,FC,IZOM,IZOM,ABUJA,21,629,R,700000
252,FC,Jikoyi,JIKOYI,ABUJA,21,524,E,500000
253,FC,KARMO,KARMO,ABUJA,21,524,E,500000
254,FC,KEFFI,KEFFI,ABUJA,21,524,E,500000
255,FC,Kpegi,KPEGI,ABUJA,21,524,E,500000
256,FC,KUJE,KUJE,ABUJA,21,524,E,500000
257,FC,Kurudu,KURUDU,ABUJA,21,524,E,500000
258,FC,KWALI,KWALI,ABUJA,21,524,E,500000
259,FC,MADALLA,MADALLA,ABUJA,21,524,E,500000
260,FC,MARARABA,MARARABA,ABUJA,21,524,E,500000
261,FC,MASAKA,MASAKA,ABUJA,21,524,E,500000
262,FC,One man village,ONEMANVILLAGE,ABUJA,21,524,E,500000
263,FC,OROZO,OROZO,ABUJA,21,524,E,500000
264,FC,RUBOCHI,RUBOCHI,ABUJA,21,524,E,500000
265,FC,SABONWUSE,SABONWUSE,ABUJA,21,524,E,500000
266,FC,SHEDA,SHEDA,ABUJA,21,524,E,500000
267,FC,SULEJA,SULEJA,ABUJA,21,524,E,500000
272,FC,TOTO,TOTO,ABUJA,21,629,R,700000
273,FC,Yangoji,YANGOJI,ABUJA,21,629,R,700000
268,FC,ZUBA,ZUBA,ABUJA,21,524,E,500000
336,GO,ASHAKA,ASHAKA,GOMBE,20,629,R,700000
329,GO,ASHAKA GOMBE,ASHAKAGOMBE,GOMBE,20,524,E,500000
330,GO,BOJUDE,BOJUDE,GOMBE,20,524,E,500000
337,GO,CHAM KANDIYE,CHAMKANDIYE,GOMBE,20,629,R,700000
331,GO,DUKKU,DUKKU,GOMBE,20,524,E,500000
338,GO,GADAM,GADAM,GOMBE,20,629,R,700000
339,GO,KASHERE,KASHERE,GOMBE,20,629,R,700000
332,GO,KWAMI,KWAMI,GOMBE,20,524,E,500000
333,GO,LAWANTI,LAWANTI,GOMBE,20,524,E,500000
334,GO,PINDINGA,PINDINGA,GOMBE,20,524,E,500000
335,GO,TUFURE,TUFURE,GOMBE,20,524,E,500000
340,GO,TULA,TULA,GOMBE,20,629,R,700000
1361,IM,ABBA,ABBA,OWERRI,21,524,E,500000
1362,IM,ABOH MBAISE,ABOHMBAISE,OWERRI,21,524,E,500000
1363,IM,ACHARA UTURU,ACHARAUTURU,OWERRI,21,524,E,500000
1364,IM,ACHIARA,ACHIARA,OWERRI,21,524,E,500000
1365,IM,ACHINGALA,ACHINGALA,OWERRI,21,524,E,500000
1540,IM,AFIKPO,AFIKPO,OWERRI,21,629,R,700000
1366,IM,AFOR AJALA,AFORAJALA,OWERRI,21,524,E,500000
1367,IM,AFOR EGBU,AFOREGBU,OWERRI,21,524,E,500000
1368,IM,AFOR ISIAGU,AFORISIAGU,OWERRI,21,524,E,500000
1370,IM,AFOR-ISIOKPO,AFORISIOKPO,OWERRI,21,524,E,500000
1369,IM,AFOR UMUEZE,AFORUMUEZE,OWERRI,21,524,E,500000
1371,IM,AJUTAKWU,AJUTAKWU,OWERRI,21,524,E,500000
1372,IM,AKAEZE,AKAEZE,OWERRI,21,524,E,500000
1373,IM,AKATTA,AKATTA,OWERRI,21,524,E,500000
1374,IM,AKOKWA,AKOKWA,OWERRI,21,524,E,500000
1375,IM,AKPODIM,AKPODIM,OWERRI,21,524,E,500000
1376,IM,AKWAKUMA TOWN,AKWAKUMATOWN,OWERRI,21,524,E,500000
1377,IM,AMAFOR CHAJI,AMAFORCHAJI,OWERRI,21,524,E,500000
1378,IM,AMAIGBO,AMAIGBO,OWERRI,21,524,E,500000
1379,IM,AMAINYI,AMAINYI,OWERRI,21,524,E,500000
1380,IM,AMAINYINTE,AMAINYINTE,OWERRI,21,524,E,500000
1381,IM,AMAIYI UKWU,AMAIYIUKWU,OWERRI,21,524,E,500000
1382,IM,AMALA,AMALA,OWERRI,21,524,E,500000
1383,IM,AMANATOR,AMANATOR,OWERRI,21,524,E,500000
1384,IM,AMANO,AMANO,OWERRI,21,524,E,500000
1385,IM,AMAOKPALA,AMAOKPALA,OWERRI,21,524,E,500000
1386,IM,AMARAKA,AMARAKA,OWERRI,21,524,E,500000
1387,IM,AMASIRI,AMASIRI,OWERRI,21,524,E,500000
1388,IM,AMAUZARI,AMAUZARI,OWERRI,21,524,E,500000
1389,IM,AMAUZU IKPAKWU,AMAUZUIKPAKWU,OWERRI,21,524,E,500000
1390,IM,AMIRI,AMIRI,OWERRI,21,524,E,500000
1391,IM,AMUCHA,AMUCHA,OWERRI,21,524,E,500000
1392,IM,AMUMARA,AMUMARA,OWERRI,21,524,E,500000
1393,IM,AMURE OTANCHARA,AMUREOTANCHARA,OWERRI,21,524,E,500000
1394,IM,AMURIE-OHAJI,AMURIEOHAJI,OWERRI,21,524,E,500000
1395,IM,AMUZU,AMUZU,OWERRI,21,524,E,500000
1396,IM,ANARA,ANARA,OWERRI,21,524,E,500000
1397,IM,ARONDIZUOGU,ARONDIZUOGU,OWERRI,21,524,E,500000
1398,IM,ARO-UMUAWA,AROUMUAWA,OWERRI,21,524,E,500000
1399,IM,ASAA-OHAJI,ASAAOHAJI,OWERRI,21,524,E,500000
1400,IM,ASSA-UBIRIELEM,ASSAUBIRIELEM,OWERRI,21,524,E,500000
1401,IM,ATTA,ATTA,OWERRI,21,524,E,500000
1402,IM,AWARRA,AWARRA,OWERRI,21,524,E,500000
1403,IM,AWO-IDEMILI,AWOIDEMILI,OWERRI,21,524,E,500000
1404,IM,AWOMAMA,AWOMAMA,OWERRI,21,524,E,500000
1405,IM,AWO-OGUTA,AWOOGUTA,OWERRI,21,524,E,500000
1406,IM,AYI,AYI,OWERRI,21,524,E,500000
1541,IM,Bende-Tumbaozu,BENDETUMBAOZU,OWERRI,21,629,R,700000
1407,IM,CHOKONEZE,CHOKONEZE,OWERRI,21,524,E,500000
1408,IM,DIKENAFAI,DIKENAFAI,OWERRI,21,524,E,500000
1409,IM,EBENATOR,EBENATOR,OWERRI,21,524,E,500000
1542,IM,EBIASOEGBE,EBIASOEGBE,OWERRI,21,629,R,700000
1410,IM,EDDA,EDDA,OWERRI,21,524,E,500000
1411,IM,EDENTA,EDENTA,OWERRI,21,524,E,500000
1412,IM,EGBEMA,EGBEMA,OWERRI,21,524,E,500000
1413,IM,EGBU-OGUTA,EGBUOGUTA,OWERRI,21,524,E,500000
1414,IM,EHIME,EHIME,OWERRI,21,524,E,500000
1415,IM,EKEJA-OBOWO,EKEJAOBOWO,OWERRI,21,524,E,500000
1416,IM,EKE-OBOWO,EKEOBOWO,OWERRI,21,524,E,500000
1417,IM,EKWE,EKWE,OWERRI,21,524,E,500000
1418,IM,EKWEREAZU,EKWEREAZU,OWERRI,21,524,E,500000
1419,IM,ELELEM,ELELEM,OWERRI,21,524,E,500000
1420,IM,EMEABIAM,EMEABIAM,OWERRI,21,524,E,500000
1421,IM,ENYIOGUGU,ENYIOGUGU,OWERRI,21,524,E,500000
1422,IM,ETITI,ETITI,OWERRI,21,524,E,500000
1423,IM,EZEOGBA,EZEOGBA,OWERRI,21,524,E,500000
1424,IM,EZEOMA-OPARANADIM,EZEOMAOPARANADIM,OWERRI,21,524,E,500000
1425,IM,EZIACHI-ORLU,EZIACHIORLU,OWERRI,21,524,E,500000
1426,IM,EZIALAKOHU,EZIALAKOHU,OWERRI,21,524,E,500000
1427,IM,EZIAMA OBIATO,EZIAMAOBIATO,OWERRI,21,524,E,500000
1428,IM,EZIHE,EZIHE,OWERRI,21,524,E,500000
1429,IM,EZINACH-OKIGWE,EZINACHOKIGWE,OWERRI,21,524,E,500000
1430,IM,IBEMWRO,IBEMWRO,OWERRI,21,524,E,500000
1543,IM,IBIGWE,IBIGWE,OWERRI,21,629,R,700000
1431,IM,IFE-EZINIHITTE,IFEEZINIHITTE,OWERRI,21,524,E,500000
1432,IM,IFITE OGWARI,IFITEOGWARI,OWERRI,21,524,E,500000
1433,IM,IHIOMA,IHIOMA,OWERRI,21,524,E,500000
1434,IM,IHITTE AFOREUKWU,IHITTEAFOREUKWU,OWERRI,21,524,E,500000
1437,IM,IHITTE-NANASA,IHITTENANASA,OWERRI,21,524,E,500000
1435,IM,IHITTE OGADA,IHITTEOGADA,OWERRI,21,524,E,500000
1436,IM,IHITTE OHAJI,IHITTEOHAJI,OWERRI,21,524,E,500000
1544,IM,IHITTEUBOMA,IHITTEUBOMA,OWERRI,21,629,R,700000
1438,IM,IHIUTTE EZINIHITTE,IHIUTTEEZINIHITTE,OWERRI,21,524,E,500000
1439,IM,IHUBE,IHUBE,OWERRI,21,524,E,500000
1440,IM,IHUO,IHUO,OWERRI,21,524,E,500000
1441,IM,IKEDURU,IKEDURU,OWERRI,21,524,E,500000
1442,IM,IKENAZIZI,IKENAZIZI,OWERRI,21,524,E,500000
1443,IM,IMERIENWE,IMERIENWE,OWERRI,21,524,E,500000
1444,IM,IMMERIENWE,IMMERIENWE,OWERRI,21,524,E,500000
1445,IM,ISIAGU,ISIAGU,OWERRI,21,524,E,500000
1446,IM,ISIEKENESI,ISIEKENESI,OWERRI,21,524,E,500000
1447,IM,ISIOCHI,ISIOCHI,OWERRI,21,524,E,500000
1448,IM,ISSEKKE,ISSEKKE,OWERRI,21,524,E,500000
1449,IM,ISU,ISU,OWERRI,21,524,E,500000
1450,IM,ISUNJABA,ISUNJABA,OWERRI,21,524,E,500000
1451,IM,ISUOCHI,ISUOCHI,OWERRI,21,524,E,500000
1452,IM,ITU EZINIHITTEE,ITUEZINIHITTEE,OWERRI,21,524,E,500000
1453,IM,IVOM,IVOM,OWERRI,21,524,E,500000
1454,IM,IZOMBE,IZOMBE,OWERRI,21,524,E,500000
1455,IM,LILU,LILU,OWERRI,21,524,E,500000
1456,IM,LOAJI,LOAJI,OWERRI,21,524,E,500000
1457,IM,LOGARA,LOGARA,OWERRI,21,524,E,500000
1458,IM,MBAITOLI,MBAITOLI,OWERRI,21,524,E,500000
1459,IM,MBEKE,MBEKE,OWERRI,21,524,E,500000
1460,IM,MBUTU-MBAISE,MBUTUMBAISE,OWERRI,21,524,E,500000
1461,IM,MGBIRICHI,MGBIRICHI,OWERRI,21,524,E,500000
1462,IM,MPAM,MPAM,OWERRI,21,524,E,500000
1463,IM,MUAFOR,MUAFOR,OWERRI,21,524,E,500000
1464,IM,MUAKA,MUAKA,OWERRI,21,524,E,500000
1465,IM,NAWFIJA,NAWFIJA,OWERRI,21,524,E,500000
1466,IM,NDEGWU,NDEGWU,OWERRI,21,524,E,500000
1467,IM,NDIABICHE,NDIABICHE,OWERRI,21,524,E,500000
1545,IM,NEMPI,NEMPI,OWERRI,21,629,R,700000
1468,IM,NGOR OKPALA,NGOROKPALA,OWERRI,21,524,E,500000
1470,IM,NGURU NSEKE,NGURUNSEKE,OWERRI,21,524,E,500000
1471,IM,NGWOMA OBUBE,NGWOMAOBUBE,OWERRI,21,524,E,500000
1472,IM,NKWERRE,NKWERRE,OWERRI,21,524,E,500000
1473,IM,NKWO AKPULU,NKWOAKPULU,OWERRI,21,524,E,500000
1474,IM,NKWOGU,NKWOGU,OWERRI,21,524,E,500000
1475,IM,NNEATO,NNEATO,OWERRI,21,524,E,500000
1476,IM,NSU,NSU,OWERRI,21,524,E,500000
1546,IM,OBIBIEZENA,OBIBIEZENA,OWERRI,21,629,R,700000
1477,IM,OBILE OHAJI,OBILEOHAJI,OWERRI,21,524,E,500000
1478,IM,OBITTI,OBITTI,OWERRI,21,524,E,500000
1479,IM,OBIZI,OBIZI,OWERRI,21,524,E,500000
1480,IM,OBODOUKWU,OBODOUKWU,OWERRI,21,524,E,500000
1481,IM,OBOLLO,OBOLLO,OWERRI,21,524,E,500000
1482,IM,OBORO-UMUEME-IGWA,OBOROUMUEMEIGWA,OWERRI,21,524,E,500000
1483,IM,OBOSIMA,OBOSIMA,OWERRI,21,524,E,500000
1484,IM,OBUDIAGWA,OBUDIAGWA,OWERRI,21,524,E,500000
1485,IM,ODENKUME,ODENKUME,OWERRI,21,524,E,500000
1486,IM,OGBE,OGBE,OWERRI,21,524,E,500000
1547,IM,OGBERURU,OGBERURU,OWERRI,21,629,R,700000
1487,IM,OGUTA,OGUTA,OWERRI,21,524,E,500000
1488,IM,OGWA,OGWA,OWERRI,21,524,E,500000
1489,IM,OKPALA,OKPALA,OWERRI,21,524,E,500000
1490,IM,OKPOFE,OKPOFE,OWERRI,21,524,E,500000
1491,IM,OKPOSI,OKPOSI,OWERRI,21,524,E,500000
1492,IM,OKWE,OKWE,OWERRI,21,524,E,500000
1493,IM,OKWELLE,OKWELLE,OWERRI,21,524,E,500000
1494,IM,OKWE-NA-DURU,OKWENADURU,OWERRI,21,524,E,500000
1496,IM,OKWUDOR,OKWUDOR,OWERRI,21,524,E,500000
1495,IM,OKWU URATTA,OKWUURATTA,OWERRI,21,524,E,500000
1497,IM,OMUNA-ORU,OMUNAORU,OWERRI,21,524,E,500000
1498,IM,ONICHA,ONICHA,OWERRI,21,524,E,500000
1499,IM,ONICHA EZINIHITTE,ONICHAEZINIHITTE,OWERRI,21,524,E,500000
1500,IM,OPARANADIM,OPARANADIM,OWERRI,21,524,E,500000
1501,IM,ORLU,ORLU,OWERRI,21,524,E,500000
1548,IM,ORSUIHITEKWU,ORSUIHITEKWU,OWERRI,21,629,R,700000
1502,IM,ORSU-OBODO,ORSUOBODO,OWERRI,21,524,E,500000
1503,IM,ORU IKPA AGBAJA,ORUIKPAAGBAJA,OWERRI,21,524,E,500000
1549,IM,OSINA,OSINA,OWERRI,21,629,R,700000
1504,IM,OSSEMATOR,OSSEMATOR,OWERRI,21,524,E,500000
1505,IM,OSUOMA,OSUOMA,OWERRI,21,524,E,500000
1506,IM,OTOK,OTOK,OWERRI,21,524,E,500000
1507,IM,OVORO,OVORO,OWERRI,21,524,E,500000
1508,IM,OWU-AMAKOHIA,OWUAMAKOHIA,OWERRI,21,524,E,500000
1509,IM,OZARRA,OZARRA,OWERRI,21,524,E,500000
1510,IM,UBURU,UBURU,OWERRI,21,524,E,500000
1511,IM,UDO TOWN,UDOTOWN,OWERRI,21,524,E,500000
1512,IM,UGBELLE,UGBELLE,OWERRI,21,524,E,500000
1513,IM,ULO ANO-AMANDUGBA,ULOANOAMANDUGBA,OWERRI,21,524,E,500000
1515,IM,UMUAKALI NAZE,UMUAKALINAZE,OWERRI,21,524,E,500000
1516,IM,UMUAKU-ISUOCHI,UMUAKUISUOCHI,OWERRI,21,524,E,500000
1517,IM,UMUALA-OGBOR,UMUALAOGBOR,OWERRI,21,524,E,500000
1518,IM,UMUANU,UMUANU,OWERRI,21,524,E,500000
1519,IM,UMUDI,UMUDI,OWERRI,21,524,E,500000
1520,IM,UMUDURU,UMUDURU,OWERRI,21,524,E,500000
1521,IM,UMUECHI,UMUECHI,OWERRI,21,524,E,500000
1522,IM,UMUEKWUNNE,UMUEKWUNNE,OWERRI,21,524,E,500000
1550,IM,UMUELEMAI,UMUELEMAI,OWERRI,21,629,R,700000
1523,IM,UMUEZE AMAIKE,UMUEZEAMAIKE,OWERRI,21,524,E,500000
1524,IM,UMUHU-OKABIA,UMUHUOKABIA,OWERRI,21,524,E,500000
1525,IM,UMULOGHO,UMULOGHO,OWERRI,21,524,E,500000
1526,IM,UMUNAMA-MBAISE,UMUNAMAMBAISE,OWERRI,21,524,E,500000
1527,IM,UMUNEKE-NGOR,UMUNEKENGOR,OWERRI,21,524,E,500000
1528,IM,UMUNNEOCHI,UMUNNEOCHI,OWERRI,21,524,E,500000
1529,IM,UMUNOHA,UMUNOHA,OWERRI,21,524,E,500000
1530,IM,UMUOGBOM IHITTE,UMUOGBOMIHITTE,OWERRI,21,524,E,500000
1531,IM,UMUOHIAGU,UMUOHIAGU,OWERRI,21,524,E,500000
1532,IM,UMUOHIRI,UMUOHIRI,OWERRI,21,524,E,500000
1533,IM,UMUOKANNE,UMUOKANNE,OWERRI,21,524,E,500000
1534,IM,UMUOPARAOCHA-UMULOLO,UMUOPARAOCHAUMULOLO,OWERRI,21,524,E,500000
1535,IM,UMUOZI-ORRI,UMUOZIORRI,OWERRI,21,524,E,500000
1536,IM,UNWANA,UNWANA,OWERRI,21,524,E,500000
1537,IM,URUALLA,URUALLA,OWERRI,21,524,E,500000
1538,IM,UTURU,UTURU,OWERRI,21,524,E,500000
1539,IM,UZOAGBA,UZOAGBA,OWERRI,21,524,E,500000
2121,KD,ACHUA,ACHUA,ZARIA,20,629,R,700000
2122,KD,ANCHAU,ANCHAU,ZARIA,20,629,R,700000
736,KD,BADIKO,BADIKO,KADUNA,21,629,R,700000
2123,KD,BAKORI,BAKORI,ZARIA,20,629,R,700000
2115,KD,BASAWA,BASAWA,ZARIA,20,524,E,500000
725,KD,BIRNIN-GWARI,BIRNINGWARI,KADUNA,21,524,E,500000
737,KD,CHIKUM L.G. SE.,CHIKUMLGSE,KADUNA,21,629,R,700000
2116,KD,DAKACE,DAKACE,ZARIA,20,524,E,500000
726,KD,DUTSE,DUTSE,KADUNA,21,524,E,500000
738,KD,FADA - KAGOMA,FADAKAGOMA,KADUNA,21,629,R,700000
2124,KD,FASKARI,FASKARI,ZARIA,20,629,R,700000
2125,KD,FUNTUA,FUNTUA,ZARIA,20,629,R,700000
739,KD,GODOGODO,GODOGODO,KADUNA,21,629,R,700000
2118,KD,GWAGWAJE,GWAGWAJE,ZARIA,20,524,E,500000
740,KD,GWANTU,GWANTU,KADUNA,21,629,R,700000
741,KD,GWANTU SANGA,GWANTUSANGA,KADUNA,21,629,R,700000
742,KD,IGABI LG,IGABILG,KADUNA,21,629,R,700000
728,KD,IGABI - TURUKU,IGABITURUKU,KADUNA,21,524,E,500000
2126,KD,IKARA,IKARA,ZARIA,20,629,R,700000
743,KD,JABA - KWOI,JABAKWOI,KADUNA,21,629,R,700000
744,KD,JAJI KADUNA COVERAGE,JAJIKADUNACOVERAGE,KADUNA,21,629,R,700000
745,KD,JANKASA,JANKASA,KADUNA,21,629,R,700000
729,KD,JANRUWA,JANRUWA,KADUNA,21,524,E,500000
730,KD,JEMA'A - KAFANCHAN,JEMAAKAFANCHAN,KADUNA,21,524,E,500000
746,KD,KACHIA,KACHIA,KADUNA,21,629,R,700000
731,KD,KAFANCHAN,KAFANCHAN,KADUNA,21,524,E,500000
747,KD,KAGARKO,KAGARKO,KADUNA,21,629,R,700000
748,KD,KAGORO,KAGORO,KADUNA,21,629,R,700000
749,KD,KAJURU,KAJURU,KADUNA,21,629,R,700000
750,KD,KAMURU,KAMURU,KADUNA,21,629,R,700000
732,KD,KARATUDU,KARATUDU,KADUNA,21,524,E,500000
751,KD,KARUA MANCHOK,KARUAMANCHOK,KADUNA,21,629,R,700000
752,KD,KAURA,KAURA,KADUNA,21,629,R,700000
753,KD,KAURU,KAURU,KADUNA,21,629,R,700000
2119,KD,KONGO,KONGO,ZARIA,20,524,E,500000
754,KD,KUBACHA,KUBACHA,KADUNA,21,629,R,700000
756,KD,KUDAN - HUNKUYI,KUDANHUNKUYI,KADUNA,21,629,R,700000
2128,KD,KUDUN,KUDUN,ZARIA,20,629,R,700000
757,KD,KURMI - MASA,KURMIMASA,KADUNA,21,629,R,700000
758,KD,Kurmim Sidei (Kachia),KURMIMSIDEIKACHIA,KADUNA,21,629,R,700000
760,KD,Kurmi-Musa,KURMIMUSA,KADUNA,21,629,R,700000
761,KD,KWOI,KWOI,KADUNA,21,629,R,700000
762,KD,MADAKIYA- KAFANCHAN,MADAKIYAKAFANCHAN,KADUNA,21,629,R,700000
2129,KD,MAKARFI,MAKARFI,ZARIA,20,629,R,700000
2131,KD,Makarfi L.G,MAKARFILG,ZARIA,20,629,R,700000
2132,KD,MALUMFASHI,MALUMFASHI,ZARIA,20,629,R,700000
763,KD,MANCHOK,MANCHOK,KADUNA,21,629,R,700000
733,KD,MARABAN JOS,MARABANJOS,KADUNA,21,524,E,500000
734,KD,MARABAN RIDO,MARABANRIDO,KADUNA,21,524,E,500000
2120,KD,MILE GOMA,MILEGOMA,ZARIA,20,524,E,500000
735,KD,SABON GANYA,SABONGANYA,KADUNA,21,524,E,500000
764,KD,SAMINAKA LERE,SAMINAKALERE,KADUNA,21,629,R,700000
765,KD,SANGA - QWANTU,SANGAQWANTU,KADUNA,21,629,R,700000
2133,KD,SOBA,SOBA,ZARIA,20,629,R,700000
2134,KD,Soba L.G,SOBALG,ZARIA,20,629,R,700000
766,KD,WASA STATION,WASASTATION,KADUNA,21,629,R,700000
767,KD,WUSASA,WUSASA,KADUNA,21,629,R,700000
2135,KD,YAKAWAGA,YAKAWAGA,ZARIA,20,629,R,700000
768,KD,ZANGON KATAF,ZANGONKATAF,KADUNA,21,629,R,700000
769,KD,ZONKWOA,ZONKWOA,KADUNA,21,629,R,700000
794,KN,ALBASA,ALBASA,KANO,21,629,R,700000
795,KN,ANJARA,ANJARA,KANO,21,629,R,700000
796,KN,AUYO,AUYO,KANO,21,629,R,700000
797,KN,BABURA,BABURA,KANO,21,629,R,700000
798,KN,BAGWAI,BAGWAI,KANO,21,629,R,700000
770,KN,BICHI,BICHI,KANO,21,524,E,500000
799,KN,BIRINIWA,BIRINIWA,KANO,21,629,R,700000
771,KN,BRINI KUDU,BRINIKUDU,KANO,21,524,E,500000
772,KN,BUKURE,BUKURE,KANO,21,524,E,500000
800,KN,BUNKURE,BUNKURE,KANO,21,629,R,700000
773,KN,CHROMAWA,CHROMAWA,KANO,21,524,E,500000
774,KN,DANBATA,DANBATA,KANO,21,524,E,500000
775,KN,DANBATTA,DANBATTA,KANO,21,524,E,500000
801,KN,DANGORA,DANGORA,KANO,21,629,R,700000
802,KN,DAWAKI KUDU,DAWAKIKUDU,KANO,21,629,R,700000
803,KN,DAWAKITOFA,DAWAKITOFA,KANO,21,629,R,700000
804,KN,DOGUWAR,DOGUWAR,KANO,21,629,R,700000
805,KN,GAGARAWA,GAGARAWA,KANO,21,629,R,700000
806,KN,GARKI,GARKI,KANO,21,629,R,700000
776,KN,GARKO,GARKO,KANO,21,524,E,500000
777,KN,GAYA,GAYA,KANO,21,524,E,500000
778,KN,GAZAWA,GAZAWA,KANO,21,524,E,500000
807,KN,GEIDAM,GEIDAM,KANO,21,629,R,700000
779,KN,GEWAZA,GEWAZA,KANO,21,524,E,500000
808,KN,GUMEL,GUMEL,KANO,21,629,R,700000
809,KN,GWARAM,GWARAM,KANO,21,629,R,700000
780,KN,GWAZO,GWAZO,KANO,21,524,E,500000
810,KN,GWIWA,GWIWA,KANO,21,629,R,700000
811,KN,HADEJIA,HADEJIA,KANO,21,629,R,700000
812,KN,JAHUN,JAHUN,KANO,21,629,R,700000
781,KN,JANGUZA,JANGUZA,KANO,21,524,E,500000
782,KN,KABO,KABO,KANO,21,524,E,500000
783,KN,KACHAKO,KACHAKO,KANO,21,524,E,500000
813,KN,KAFIN HAUSA,KAFINHAUSA,KANO,21,629,R,700000
784,KN,KARAYE,KARAYE,KANO,21,524,E,500000
814,KN,KAUGAMA,KAUGAMA,KANO,21,629,R,700000
785,KN,KAZAURE,KAZAURE,KANO,21,524,E,500000
815,KN,KEFFI MAIYALI,KEFFIMAIYALI,KANO,21,629,R,700000
816,KN,KINIKASAMA,KINIKASAMA,KANO,21,629,R,700000
817,KN,KIRU,KIRU,KANO,21,629,R,700000
818,KN,KIYAWA,KIYAWA,KANO,21,629,R,700000
786,KN,KURA,KURA,KANO,21,524,E,500000
819,KN,KWAKWANSO,KWAKWANSO,KANO,21,629,R,700000
820,KN,MADOBI,MADOBI,KANO,21,629,R,700000
821,KN,MAIGATIRI,MAIGATIRI,KANO,21,629,R,700000
822,KN,MALAMADORI,MALAMADORI,KANO,21,629,R,700000
787,KN,MINJIBRI,MINJIBRI,KANO,21,524,E,500000
788,KN,PANSHEKARA,PANSHEKARA,KANO,21,524,E,500000
823,KN,RANO,RANO,KANO,21,629,R,700000
824,KN,RIGIMI,RIGIMI,KANO,21,629,R,700000
825,KN,RIMIGADO,RIMIGADO,KANO,21,629,R,700000
826,KN,RINGIM,RINGIM,KANO,21,629,R,700000
827,KN,RONI,RONI,KANO,21,629,R,700000
828,KN,SHANONO,SHANONO,KANO,21,629,R,700000
829,KN,SHUWARIN,SHUWARIN,KANO,21,629,R,700000
830,KN,SUMAILA,SUMAILA,KANO,21,629,R,700000
789,KN,TAKAI,TAKAI,KANO,21,524,E,500000
790,KN,TOKARAWA,TOKARAWA,KANO,21,524,E,500000
831,KN,TSANYAWA,TSANYAWA,KANO,21,629,R,700000
791,KN,TUDUN WADA,TUDUNWADA,KANO,21,524,E,500000
832,KN,TUDUWADA,TUDUWADA,KANO,21,629,R,700000
792,KN,WUDIL,WUDIL,KANO,21,524,E,500000
833,KN,ZAKARI,ZAKARI,KANO,21,629,R,700000
793,KN,ZAKIRAI,ZAKIRAI,KANO,21,524,E,500000
939,KO,ABEJUKOLO,ABEJUKOLO,LOKOJA,20,629,R,700000
940,KO,ABOCHO,ABOCHO,LOKOJA,20,629,R,700000
941,KO,ADOGO,ADOGO,LOKOJA,20,629,R,700000
942,KO,ADORU,ADORU,LOKOJA,20,629,R,700000
943,KO,AGBAJA,AGBAJA,LOKOJA,20,629,R,700000
927,KO,AGBENEMA,AGBENEMA,LOKOJA,20,524,E,500000
944,KO,AGBUKOLO ABEJUKOLO,AGBUKOLOABEJUKOLO,LOKOJA,20,629,R,700000
945,KO,AGOJEJU-ODO,AGOJEJUODO,LOKOJA,20,629,R,700000
928,KO,AIYEGUNLE - GBEDE,AIYEGUNLEGBEDE,LOKOJA,20,524,E,500000
946,KO,AIYETOTORO-GBEDE,AIYETOTOROGBEDE,LOKOJA,20,629,R,700000
947,KO,AJAKA,AJAKA,LOKOJA,20,629,R,700000
948,KO,AKUTUPA,AKUTUPA,LOKOJA,20,629,R,700000
949,KO,ALOMA,ALOMA,LOKOJA,20,629,R,700000
950,KO,ALU,ALU,LOKOJA,20,629,R,700000
951,KO,AMURO,AMURO,LOKOJA,20,629,R,700000
952,KO,AYAGBA,AYAGBA,LOKOJA,20,629,R,700000
953,KO,AYANANGBA,AYANANGBA,LOKOJA,20,629,R,700000
954,KO,AYERE,AYERE,LOKOJA,20,629,R,700000
955,KO,AYILAMO,AYILAMO,LOKOJA,20,629,R,700000
956,KO,BAGANA,BAGANA,LOKOJA,20,629,R,700000
957,KO,DEKINA,DEKINA,LOKOJA,20,629,R,700000
958,KO,ECHENEME,ECHENEME,LOKOJA,20,629,R,700000
960,KO,EGBEDA-EGGA,EGBEDAEGGA,LOKOJA,20,629,R,700000
959,KO,EGBE MEKUN,EGBEMEKUN,LOKOJA,20,629,R,700000
961,KO,EGUME,EGUME,LOKOJA,20,629,R,700000
962,KO,EJIBA,EJIBA,LOKOJA,20,629,R,700000
963,KO,EJUKU,EJUKU,LOKOJA,20,629,R,700000
964,KO,EJULE,EJULE,LOKOJA,20,629,R,700000
965,KO,EJULE-ONE,EJULEONE,LOKOJA,20,629,R,700000
929,KO,EKINRIN-ADE,EKINRINADE,LOKOJA,20,524,E,500000
966,KO,EKIRIN - ADDE,EKIRINADDE,LOKOJA,20,629,R,700000
967,KO,IDAH HO,IDAHHO,LOKOJA,20,629,R,700000
968,KO,IDOFIN,IDOFIN,LOKOJA,20,629,R,700000
930,KO,IFE-IJUMU,IFEIJUMU,LOKOJA,20,524,E,500000
969,KO,IFE - OLUKOTUN,IFEOLUKOTUN,LOKOJA,20,629,R,700000
970,KO,IGBAGUN,IGBAGUN,LOKOJA,20,629,R,700000
971,KO,IGBARUKU OKE,IGBARUKUOKE,LOKOJA,20,629,R,700000
931,KO,IHIMA,IHIMA,LOKOJA,20,524,E,500000
972,KO,IJOWA,IJOWA,LOKOJA,20,629,R,700000
932,KO,IKOY-IJUMU,IKOYIJUMU,LOKOJA,20,524,E,500000
973,KO,ILUKE-BUNU,ILUKEBUNU,LOKOJA,20,629,R,700000
974,KO,IMANE,IMANE,LOKOJA,20,629,R,700000
975,KO,INYE,INYE,LOKOJA,20,629,R,700000
976,KO,ITAMA,ITAMA,LOKOJA,20,629,R,700000
977,KO,ITOBE,ITOBE,LOKOJA,20,629,R,700000
978,KO,IYA-GBEDE,IYAGBEDE,LOKOJA,20,629,R,700000
979,KO,IYAMOYE,IYAMOYE,LOKOJA,20,629,R,700000
980,KO,IYARA,IYARA,LOKOJA,20,629,R,700000
981,KO,IYEDE OPPA,IYEDEOPPA,LOKOJA,20,629,R,700000
982,KO,JEGE,JEGE,LOKOJA,20,629,R,700000
983,KO,KOLOKE,KOLOKE,LOKOJA,20,629,R,700000
933,KO,KOTON-KARFE,KOTONKARFE,LOKOJA,20,524,E,500000
984,KO,KPATA,KPATA,LOKOJA,20,629,R,700000
934,KO,MAGONGO,MAGONGO,LOKOJA,20,524,E,500000
985,KO,MAKUTU,MAKUTU,LOKOJA,20,629,R,700000
986,KO,MOPO,MOPO,LOKOJA,20,629,R,700000
987,KO,MOSUM,MOSUM,LOKOJA,20,629,R,700000
988,KO,OCHADAMU,OCHADAMU,LOKOJA,20,629,R,700000
935,KO,ODEKE,ODEKE,LOKOJA,20,524,E,500000
989,KO,ODO APE,ODOAPE,LOKOJA,20,629,R,700000
990,KO,ODO ARA,ODOARA,LOKOJA,20,629,R,700000
991,KO,ODO ERE,ODOERE,LOKOJA,20,629,R,700000
993,KO,ODO ERI,ODOERI,LOKOJA,20,629,R,700000
995,KO,ODU,ODU,LOKOJA,20,629,R,700000
996,KO,OFORACHI,OFORACHI,LOKOJA,20,629,R,700000
997,KO,OFUGO,OFUGO,LOKOJA,20,629,R,700000
936,KO,OGALA,OGALA,LOKOJA,20,524,E,500000
998,KO,OGBELOKO,OGBELOKO,LOKOJA,20,629,R,700000
999,KO,OGGA,OGGA,LOKOJA,20,629,R,700000
1000,KO,OGIDI,OGIDI,LOKOJA,20,629,R,700000
1001,KO,OGODU,OGODU,LOKOJA,20,629,R,700000
1002,KO,OGORI,OGORI,LOKOJA,20,629,R,700000
1003,KO,OGUGU,OGUGU,LOKOJA,20,629,R,700000
1004,KO,OGUMA,OGUMA,LOKOJA,20,629,R,700000
1005,KO,OKABA,OKABA,LOKOJA,20,629,R,700000
937,KO,OKENE,OKENE,LOKOJA,20,524,E,500000
938,KO,OKENGWE,OKENGWE,LOKOJA,20,524,E,500000
1006,KO,OKPO,OKPO,LOKOJA,20,629,R,700000
1007,KO,OLLE-BUNU,OLLEBUNU,LOKOJA,20,629,R,700000
1008,KO,ONENWEN,ONENWEN,LOKOJA,20,629,R,700000
1009,KO,ONYEDEGA,ONYEDEGA,LOKOJA,20,629,R,700000
1010,KO,OSARA,OSARA,LOKOJA,20,629,R,700000
1011,KO,OTOBE-AJA ADOYI,OTOBEAJAADOYI,LOKOJA,20,629,R,700000
1012,KO,PONYAN,PONYAN,LOKOJA,20,629,R,700000
1013,KO,TAKETE ISAO,TAKETEISAO,LOKOJA,20,629,R,700000
1014,KO,UGWOLAWO,UGWOLAWO,LOKOJA,20,629,R,700000
1015,KO,UJEH,UJEH,LOKOJA,20,629,R,700000
1016,KO,UNALE,UNALE,LOKOJA,20,629,R,700000
843,KT,BAKORI,BAKORI,KATSINA,20,629,R,700000
834,KT,BATAGARAWA,BATAGARAWA,KATSINA,20,524,E,500000
845,KT,BAURE,BAURE,KATSINA,20,629,R,700000
847,KT,BINDAWA,BINDAWA,KATSINA,20,629,R,700000
836,KT,CHARANCHI,CHARANCHI,KATSINA,20,524,E,500000
848,KT,DANDUME,DANDUME,KATSINA,20,629,R,700000
849,KT,DANMUSA,DANMUSA,KATSINA,20,629,R,700000
837,KT,DAURA,DAURA,KATSINA,20,524,E,500000
850,KT,DEYI,DEYI,KATSINA,20,629,R,700000
851,KT,DUTSI,DUTSI,KATSINA,20,629,R,700000
838,KT,DUTSINMA,DUTSINMA,KATSINA,20,524,E,500000
852,KT,INGAWA,INGAWA,KATSINA,20,629,R,700000
839,KT,JIBIA,JIBIA,KATSINA,20,524,E,500000
853,KT,KAFUR,KAFUR,KATSINA,20,629,R,700000
854,KT,KAITA,KAITA,KATSINA,20,629,R,700000
855,KT,KANKARA,KANKARA,KATSINA,20,629,R,700000
840,KT,KANKIA,KANKIA,KATSINA,20,524,E,500000
856,KT,KATSINA JIBIA,KATSINAJIBIA,KATSINA,20,629,R,700000
857,KT,KURFI,KURFI,KATSINA,20,629,R,700000
859,KT,MAI'ADUA,MAIADUA,KATSINA,20,629,R,700000
860,KT,MANI,MANI,KATSINA,20,629,R,700000
861,KT,MASHI,MASHI,KATSINA,20,629,R,700000
862,KT,MATAZU,MATAZU,KATSINA,20,629,R,700000
864,KT,MUSAWA,MUSAWA,KATSINA,20,629,R,700000
842,KT,RIMI,RIMI,KATSINA,20,524,E,500000
865,KT,SABUWA,SABUWA,KATSINA,20,629,R,700000
866,KT,SAFANA,SAFANA,KATSINA,20,629,R,700000
868,KT,SANDAMU,SANDAMU,KATSINA,20,629,R,700000
869,KT,YANDAKI,YANDAKI,KATSINA,20,629,R,700000
870,KT,ZANGO,ZANGO,KATSINA,20,629,R,700000
561,KW,ADAFILA,ADAFILA,ILORIN,21,524,E,500000
562,KW,AFON,AFON,ILORIN,21,524,E,500000
563,KW,AGBAMU,AGBAMU,ILORIN,21,524,E,500000
564,KW,AJASE-IPO,AJASEIPO,ILORIN,21,524,E,500000
565,KW,ARANDUN,ARANDUN,ILORIN,21,524,E,500000
566,KW,ARAN-ORIN,ARANORIN,ILORIN,21,524,E,500000
567,KW,ARMTI,ARMTI,ILORIN,21,524,E,500000
568,KW,BABANLA,BABANLA,ILORIN,21,524,E,500000
569,KW,BACITA,BACITA,ILORIN,21,524,E,500000
570,KW,BODE SAADU,BODESAADU,ILORIN,21,524,E,500000
571,KW,BODE SADU,BODESADU,ILORIN,21,524,E,500000
573,KW,EGBE,EGBE,ILORIN,21,524,E,500000
574,KW,EKAN MEJE,EKANMEJE,ILORIN,21,524,E,500000
575,KW,ERIN ILE,ERINILE,ILORIN,21,524,E,500000
577,KW,ERUKU,ERUKU,ILORIN,21,524,E,500000
578,KW,IGBAJA/OKE-ODE,IGBAJAOKEODE,ILORIN,21,524,E,500000
580,KW,IGBARA OKE ODE,IGBARAOKEODE,ILORIN,21,524,E,500000
581,KW,IGBETI,IGBETI,ILORIN,21,524,E,500000
582,KW,IGBOHO,IGBOHO,ILORIN,21,524,E,500000
583,KW,IGOSUN,IGOSUN,ILORIN,21,524,E,500000
584,KW,IJARA-ISIN,IJARAISIN,ILORIN,21,524,E,500000
585,KW,Ijomu -Oro,IJOMUORO,ILORIN,21,524,E,500000
587,KW,IKUTA,IKUTA,ILORIN,21,524,E,500000
588,KW,ILALA,ILALA,ILORIN,21,524,E,500000
589,KW,ILEMONA,ILEMONA,ILORIN,21,524,E,500000
637,KW,ILESA BARUBA,ILESABARUBA,ILORIN,21,629,R,700000
590,KW,ILOFFA/ODO-OWA/OBBO,ILOFFAODOOWAOBBO,ILORIN,21,524,E,500000
591,KW,ILOKO-IJESA,ILOKOIJESA,ILORIN,21,524,E,500000
592,KW,ILUDUN-ORO,ILUDUNORO,ILORIN,21,524,E,500000
593,KW,IPEE,IPEE,ILORIN,21,524,E,500000
594,KW,IPERINDO,IPERINDO,ILORIN,21,524,E,500000
595,KW,IRRA,IRRA,ILORIN,21,524,E,500000
596,KW,ISANLU-ISIN,ISANLUISIN,ILORIN,21,524,E,500000
597,KW,ISARE,ISARE,ILORIN,21,524,E,500000
598,KW,ISIN,ISIN,ILORIN,21,524,E,500000
599,KW,IWARA,IWARA,ILORIN,21,524,E,500000
600,KW,IWO ISIN,IWOISIN,ILORIN,21,524,E,500000
602,KW,JEBBA,JEBBA,ILORIN,21,524,E,500000
603,KW,KAIAMA,KAIAMA,ILORIN,21,524,E,500000
638,KW,KAINJI,KAINJI,ILORIN,21,629,R,700000
604,KW,KISHI,KISHI,ILORIN,21,524,E,500000
605,KW,KOSUBOSUN,KOSUBOSUN,ILORIN,21,524,E,500000
606,KW,LADUBA,LADUBA,ILORIN,21,524,E,500000
607,KW,LAFIAJI,LAFIAJI,ILORIN,21,524,E,500000
608,KW,MALETE,MALETE,ILORIN,21,524,E,500000
609,KW,MOKWA,MOKWA,ILORIN,21,524,E,500000
610,KW,NCAM,NCAM,ILORIN,21,524,E,500000
639,KW,NEW BUSSA,NEWBUSSA,ILORIN,21,629,R,700000
611,KW,OBBO AIYEGUNLE,OBBOAIYEGUNLE,ILORIN,21,524,E,500000
612,KW,OBBO AYIEGUNLE,OBBOAYIEGUNLE,ILORIN,21,524,E,500000
613,KW,OBBO ILE,OBBOILE,ILORIN,21,524,E,500000
615,KW,OFFA,OFFA,ILORIN,21,524,E,500000
616,KW,OGBONDORONKO,OGBONDORONKO,ILORIN,21,524,E,500000
617,KW,OJOKU,OJOKU,ILORIN,21,524,E,500000
618,KW,OKE ODE,OKEODE,ILORIN,21,524,E,500000
619,KW,OKE ONIGBIN,OKEONIGBIN,ILORIN,21,524,E,500000
622,KW,OKE-OYI,OKEOYI,ILORIN,21,524,E,500000
623,KW,OKO,OKO,ILORIN,21,524,E,500000
624,KW,OLORU,OLORU,ILORIN,21,524,E,500000
625,KW,OMO-IJESHA,OMOIJESHA,ILORIN,21,524,E,500000
626,KW,OMU ARAN,OMUARAN,ILORIN,21,524,E,500000
627,KW,ORO,ORO,ILORIN,21,524,E,500000
628,KW,ORO AGO,OROAGO,ILORIN,21,524,E,500000
630,KW,OSI,OSI,ILORIN,21,524,E,500000
631,KW,OTTE,OTTE,ILORIN,21,524,E,500000
632,KW,OWU ISIN,OWUISIN,ILORIN,21,524,E,500000
634,KW,PATEGI,PATEGI,ILORIN,21,524,E,500000
635,KW,SANMORA,SANMORA,ILORIN,21,524,E,500000
636,KW,SHARE,SHARE,ILORIN,21,524,E,500000
871,LA,ADIYAN,ADIYAN,LAGOS,23,524,E,500000
872,LA,AGBADO,AGBADO,LAGOS,23,524,E,500000
887,LA,AGBARA,AGBARA,LAGOS,23,629,R,700000
888,LA,AGBOWA,AGBOWA,LAGOS,23,629,R,700000
873,LA,AJAH,AJAH,LAGOS,23,524,E,500000
889,LA,AJEGUNLE OTTA,AJEGUNLEOTTA,LAGOS,23,629,R,700000
890,LA,AJEGUNLE SHAGAMU,AJEGUNLESHAGAMU,LAGOS,23,629,R,700000
891,LA,AJILETE,AJILETE,LAGOS,23,629,R,700000
874,LA,AJUWON,AJUWON,LAGOS,23,524,E,500000
875,LA,ALABA,ALABA,LAGOS,23,524,E,500000
892,LA,ATAN OTTA,ATANOTTA,LAGOS,23,629,R,700000
893,LA,BADAGRY,BADAGRY,LAGOS,23,629,R,700000
894,LA,EPE,EPE,LAGOS,23,629,R,700000
896,LA,EREDO,EREDO,LAGOS,23,629,R,700000
876,LA,IBA,IBA,LAGOS,23,524,E,500000
897,LA,IBEJU LEKKI,IBEJULEKKI,LAGOS,23,629,R,700000
877,LA,IDIMU,IDIMU,LAGOS,23,524,E,500000
898,LA,IDIROKO,IDIROKO,LAGOS,23,629,R,700000
899,LA,IFO,IFO,LAGOS,23,629,R,700000
878,LA,IGBAJA,IGBAJA,LAGOS,23,524,E,500000
900,LA,IGBESA-OTTA,IGBESAOTTA,LAGOS,23,629,R,700000
901,LA,IGBOGBO,IGBOGBO,LAGOS,23,629,R,700000
902,LA,IGBOGILA,IGBOGILA,LAGOS,23,629,R,700000
903,LA,IJAKO OTTA,IJAKOOTTA,LAGOS,23,629,R,700000
904,LA,IJANIKIN,IJANIKIN,LAGOS,23,629,R,700000
879,LA,IJANIKI /OTTO,IJANIKIOTTO,LAGOS,23,524,E,500000
905,LA,IJEBU-ODE,IJEBUODE,LAGOS,23,629,R,700000
906,LA,IKORODU,IKORODU,LAGOS,23,629,R,700000
880,LA,IKOTUN,IKOTUN,LAGOS,23,524,E,500000
907,LA,ILOGBO,ILOGBO,LAGOS,23,629,R,700000
908,LA,ILOGBO OTTA,ILOGBOOTTA,LAGOS,23,629,R,700000
909,LA,IMOTA,IMOTA,LAGOS,23,629,R,700000
881,LA,ISHERI OSHUN,ISHERIOSHUN,LAGOS,23,524,E,500000
882,LA,IWOPIN,IWOPIN,LAGOS,23,524,E,500000
910,LA,IYESI OTTA,IYESIOTTA,LAGOS,23,629,R,700000
911,LA,JOGA-ORILE,JOGAORILE,LAGOS,23,629,R,700000
912,LA,LAKOWE,LAKOWE,LAGOS,23,629,R,700000
913,LA,MOSIMI,MOSIMI,LAGOS,23,629,R,700000
915,LA,MOWE IBAFO,MOWEIBAFO,LAGOS,23,629,R,700000
883,LA,OFADA,OFADA,LAGOS,23,524,E,500000
916,LA,OGBERE,OGBERE,LAGOS,23,629,R,700000
917,LA,OGIJO,OGIJO,LAGOS,23,629,R,700000
884,LA,OJO,OJO,LAGOS,23,524,E,500000
886,LA,OKOKOMAIKO,OKOKOMAIKO,LAGOS,23,524,E,500000
919,LA,OTO-AWORI,OTOAWORI,LAGOS,23,629,R,700000
920,LA,OTTA,OTTA,LAGOS,23,629,R,700000
921,LA,OWODE,OWODE,LAGOS,23,629,R,700000
922,LA,SANGO OTTA,SANGOOTTA,LAGOS,23,629,R,700000
923,LA,SEME,SEME,LAGOS,23,629,R,700000
924,LA,SHAGAMU,SHAGAMU,LAGOS,23,629,R,700000
925,LA,SNAKE-ISLAND,SNAKEISLAND,LAGOS,23,629,R,700000
926,LA,TARKWA BAY,TARKWABAY,LAGOS,23,629,R,700000
1119,NI,AGAIE,AGAIE,MINNA,20,629,R,700000
1120,NI,AUNA,AUNA,MINNA,20,629,R,700000
1111,NI,BADEGGI,BADEGGI,MINNA,20,524,E,500000
1121,NI,BETO,BETO,MINNA,20,629,R,700000
1112,NI,BIDA,BIDA,MINNA,20,524,E,500000
1122,NI,DOKO,DOKO,MINNA,20,629,R,700000
1123,NI,EDATI,EDATI,MINNA,20,629,R,700000
1124,NI,ERENA,ERENA,MINNA,20,629,R,700000
1125,NI,KAFINKORO,KAFINKORO,MINNA,20,629,R,700000
1126,NI,KAGARA,KAGARA,MINNA,20,629,R,700000
1113,NI,KATAREGI,KATAREGI,MINNA,20,524,E,500000
1127,NI,KATCHA,KATCHA,MINNA,20,629,R,700000
1128,NI,KONTAGORA,KONTAGORA,MINNA,20,629,R,700000
1114,NI,KUTA,KUTA,MINNA,20,524,E,500000
1129,NI,KUTIGI,KUTIGI,MINNA,20,629,R,700000
1130,NI,kwamba,KWAMBA,MINNA,20,629,R,700000
1115,NI,LAPAI,LAPAI,MINNA,20,524,E,500000
1131,NI,LEMU,LEMU,MINNA,20,629,R,700000
1132,NI,PANDOGARI,PANDOGARI,MINNA,20,629,R,700000
1133,NI,RIJAU,RIJAU,MINNA,20,629,R,700000
1134,NI,SARKIN PAWA,SARKINPAWA,MINNA,20,629,R,700000
1116,NI,SHIRORO,SHIRORO,MINNA,20,524,E,500000
1135,NI,TEGINA,TEGINA,MINNA,20,629,R,700000
1136,NI,TUNGA MAGAJIYA,TUNGAMAGAJIYA,MINNA,20,629,R,700000
1117,NI,WUSHISHI,WUSHISHI,MINNA,20,524,E,500000
1118,NI,ZUNGERU,ZUNGERU,MINNA,20,524,E,500000
128,OG,ABEKOKO,ABEKOKO,ABEOKUTA,22,524,E,500000
129,OG,ABIGI,ABIGI,ABEOKUTA,22,524,E,500000
130,OG,ABOSULE,ABOSULE,ABEOKUTA,22,524,E,500000
131,OG,ADO ODO,ADOODO,ABEOKUTA,22,524,E,500000
229,OG,AGO-EGUN (PAPA),AGOEGUNPAPA,ABEOKUTA,22,629,R,700000
132,OG,AGO-IWOYE,AGOIWOYE,ABEOKUTA,22,524,E,500000
133,OG,AGUNBOYE,AGUNBOYE,ABEOKUTA,22,524,E,500000
134,OG,AIYEPE,AIYEPE,ABEOKUTA,22,524,E,500000
135,OG,AJEBO,AJEBO,ABEOKUTA,22,524,E,500000
230,OG,AJIDO,AJIDO,ABEOKUTA,22,629,R,700000
136,OG,AKAKA,AKAKA,ABEOKUTA,22,524,E,500000
137,OG,AKARIGBO,AKARIGBO,ABEOKUTA,22,524,E,500000
138,OG,AKINODE VILLAGE,AKINODEVILLAGE,ABEOKUTA,22,524,E,500000
139,OG,ALA,ALA,ABEOKUTA,22,524,E,500000
231,OG,ALAPAKO-ONI,ALAPAKOONI,ABEOKUTA,22,629,R,700000
140,OG,ALAPORU,ALAPORU,ABEOKUTA,22,524,E,500000
141,OG,ALARI 1,ALARI1,ABEOKUTA,22,524,E,500000
142,OG,ALATISHE,ALATISHE,ABEOKUTA,22,524,E,500000
143,OG,AMU,AMU,ABEOKUTA,22,524,E,500000
144,OG,ARIGBAJO,ARIGBAJO,ABEOKUTA,22,524,E,500000
232,OG,ASHA,ASHA,ABEOKUTA,22,629,R,700000
145,OG,ATAN IJEBU,ATANIJEBU,ABEOKUTA,22,524,E,500000
146,OG,ATIKOTI,ATIKOTI,ABEOKUTA,22,524,E,500000
147,OG,AWA,AWA,ABEOKUTA,22,524,E,500000
148,OG,AYILA,AYILA,ABEOKUTA,22,524,E,500000
233,OG,BALOGUN PARAPO,BALOGUNPARAPO,ABEOKUTA,22,629,R,700000
149,OG,CAMP VILLAGE,CAMPVILLAGE,ABEOKUTA,22,524,E,500000
150,OG,EBUTE-IGBORO,EBUTEIGBORO,ABEOKUTA,22,524,E,500000
151,OG,EJINO,EJINO,ABEOKUTA,22,524,E,500000
152,OG,EMUREN,EMUREN,ABEOKUTA,22,524,E,500000
153,OG,ERUWON,ERUWON,ABEOKUTA,22,524,E,500000
234,OG,EWEKORO,EWEKORO,ABEOKUTA,22,629,R,700000
154,OG,FED. POLY ILARO,FEDPOLYILARO,ABEOKUTA,22,524,E,500000
155,OG,IBIADE,IBIADE,ABEOKUTA,22,524,E,500000
156,OG,IBORO TOWN,IBOROTOWN,ABEOKUTA,22,524,E,500000
157,OG,IDOWA,IDOWA,ABEOKUTA,22,524,E,500000
235,OG,IFO,IFO,ABEOKUTA,22,629,R,700000
158,OG,IJEBU-IFE,IJEBUIFE,ABEOKUTA,22,524,E,500000
159,OG,IJEBU-IGBO,IJEBUIGBO,ABEOKUTA,22,524,E,500000
160,OG,IJEBU-IMUSHIN,IJEBUIMUSHIN,ABEOKUTA,22,524,E,500000
161,OG,IJOKO OTTA,IJOKOOTTA,ABEOKUTA,22,524,E,500000
162,OG,IJU-AJUWON,IJUAJUWON,ABEOKUTA,22,524,E,500000
163,OG,IKENNE,IKENNE,ABEOKUTA,22,524,E,500000
164,OG,ILARA,ILARA,ABEOKUTA,22,524,E,500000
236,OG,ILARO,ILARO,ABEOKUTA,22,629,R,700000
165,OG,ILISAN,ILISAN,ABEOKUTA,22,524,E,500000
237,OG,ILUGUN,ILUGUN,ABEOKUTA,22,629,R,700000
238,OG,ILUGUN-ALARO,ILUGUNALARO,ABEOKUTA,22,629,R,700000
166,OG,ILUGUN IJEBU,ILUGUNIJEBU,ABEOKUTA,22,524,E,500000
239,OG,ILUSHIN,ILUSHIN,ABEOKUTA,22,629,R,700000
240,OG,IMASAYI,IMASAYI,ABEOKUTA,22,629,R,700000
241,OG,IMEKO,IMEKO,ABEOKUTA,22,629,R,700000
242,OG,IMEKO S.O,IMEKOSO,ABEOKUTA,22,629,R,700000
167,OG,IMODI-MOSAN,IMODIMOSAN,ABEOKUTA,22,524,E,500000
168,OG,IPARA,IPARA,ABEOKUTA,22,524,E,500000
169,OG,IPERIN,IPERIN,ABEOKUTA,22,524,E,500000
170,OG,IPERU,IPERU,ABEOKUTA,22,524,E,500000
171,OG,IPOKIA,IPOKIA,ABEOKUTA,22,524,E,500000
172,OG,IROLU,IROLU,ABEOKUTA,22,524,E,500000
173,OG,ISAGA EGBADO,ISAGAEGBADO,ABEOKUTA,22,524,E,500000
174,OG,ISAGA ORILE,ISAGAORILE,ABEOKUTA,22,524,E,500000
176,OG,ISARA,ISARA,ABEOKUTA,22,524,E,500000
177,OG,ISHOFIN,ISHOFIN,ABEOKUTA,22,524,E,500000
178,OG,ISIWO,ISIWO,ABEOKUTA,22,524,E,500000
179,OG,ISONYIN,ISONYIN,ABEOKUTA,22,524,E,500000
180,OG,ITELE,ITELE,ABEOKUTA,22,524,E,500000
181,OG,ITORI,ITORI,ABEOKUTA,22,524,E,500000
182,OG,MAKUN,MAKUN,ABEOKUTA,22,524,E,500000
183,OG,MAMU,MAMU,ABEOKUTA,22,524,E,500000
184,OG,MOLOGEDE,MOLOGEDE,ABEOKUTA,22,524,E,500000
186,OG,OBANTA,OBANTA,ABEOKUTA,22,524,E,500000
185,OG,OBA TOWN,OBATOWN,ABEOKUTA,22,524,E,500000
188,OG,ODEDA,ODEDA,ABEOKUTA,22,524,E,500000
189,OG,ODEDEYO,ODEDEYO,ABEOKUTA,22,524,E,500000
243,OG,ODE-LEMO,ODELEMO,ABEOKUTA,22,629,R,700000
187,OG,ODE REMO,ODEREMO,ABEOKUTA,22,524,E,500000
191,OG,ODESONBORA,ODESONBORA,ABEOKUTA,22,524,E,500000
192,OG,ODOGBOLU,ODOGBOLU,ABEOKUTA,22,524,E,500000
193,OG,ODOSENLU,ODOSENLU,ABEOKUTA,22,524,E,500000
194,OG,ODOSIMADEGUN,ODOSIMADEGUN,ABEOKUTA,22,524,E,500000
244,OG,OFADA TOWN,OFADATOWN,ABEOKUTA,22,629,R,700000
195,OG,OGBERE,OGBERE,ABEOKUTA,22,524,E,500000
196,OG,OGBO,OGBO,ABEOKUTA,22,524,E,500000
197,OG,OGBOGBO,OGBOGBO,ABEOKUTA,22,524,E,500000
198,OG,OGERE,OGERE,ABEOKUTA,22,524,E,500000
199,OG,OGIJO,OGIJO,ABEOKUTA,22,524,E,500000
200,OG,OJA ODAN,OJAODAN,ABEOKUTA,22,524,E,500000
201,OG,OJOWA,OJOWA,ABEOKUTA,22,524,E,500000
202,OG,OJU-AGEMO,OJUAGEMO,ABEOKUTA,22,524,E,500000
203,OG,OKE AGBO,OKEAGBO,ABEOKUTA,22,524,E,500000
205,OG,OKEJIGBO,OKEJIGBO,ABEOKUTA,22,524,E,500000
206,OG,OKE-ODAN,OKEODAN,ABEOKUTA,22,524,E,500000
207,OG,OKE-OWA,OKEOWA,ABEOKUTA,22,524,E,500000
204,OG,OKE SOPIN,OKESOPIN,ABEOKUTA,22,524,E,500000
208,OG,OKUN-OWA,OKUNOWA,ABEOKUTA,22,524,E,500000
209,OG,OLOKUTA,OLOKUTA,ABEOKUTA,22,524,E,500000
210,OG,OLORUNDA,OLORUNDA,ABEOKUTA,22,524,E,500000
211,OG,OLORUNSOGO,OLORUNSOGO,ABEOKUTA,22,524,E,500000
212,OG,OLUMBE,OLUMBE,ABEOKUTA,22,524,E,500000
213,OG,OMU,OMU,ABEOKUTA,22,524,E,500000
214,OG,ONDO/BENIN RD.IJEBU-ODE,ONDOBENINRDIJEBUODE,ABEOKUTA,22,524,E,500000
215,OG,ORU,ORU,ABEOKUTA,22,524,E,500000
216,OG,ORUNSEN,ORUNSEN,ABEOKUTA,22,524,E,500000
217,OG,OSOSA,OSOSA,ABEOKUTA,22,524,E,500000
218,OG,OWODE EGBA,OWODEEGBA,ABEOKUTA,22,524,E,500000
220,OG,OWODE TOWN,OWODETOWN,ABEOKUTA,22,524,E,500000
221,OG,PAPALANTO,PAPALANTO,ABEOKUTA,22,524,E,500000
222,OG,POROGUN,POROGUN,ABEOKUTA,22,524,E,500000
223,OG,REDEMPTION CAMP VILL.,REDEMPTIONCAMPVILL,ABEOKUTA,22,524,E,500000
224,OG,SABO IJEBU,SABOIJEBU,ABEOKUTA,22,524,E,500000
225,OG,SABO SAGAMU,SABOSAGAMU,ABEOKUTA,22,524,E,500000
226,OG,SHAGAMU,SHAGAMU,ABEOKUTA,22,524,E,500000
227,OG,SIUN,SIUN,ABEOKUTA,22,524,E,500000
228,OG,WASIMI,WASIMI,ABEOKUTA,22,524,E,500000
274,ON,AFIN AKOKO,AFINAKOKO,AKURE,21,524,E,500000
275,ON,AFO,AFO,AKURE,21,524,E,500000
276,ON,AGBADO - EKITI,AGBADOEKITI,AKURE,21,524,E,500000
277,ON,AISEGBA,AISEGBA,AKURE,21,524,E,500000
278,ON,AIYEDE OGBESE,AIYEDEOGBESE,AKURE,21,524,E,500000
279,ON,AIYEDUN,AIYEDUN,AKURE,21,524,E,500000
280,ON,AIYEGBAJU-EKITI,AIYEGBAJUEKITI,AKURE,21,524,E,500000
281,ON,AIYEGUNLE TEMIDIRE,AIYEGUNLETEMIDIRE,AKURE,21,524,E,500000
282,ON,AIYESAN,AIYESAN,AKURE,21,524,E,500000
283,ON,AJAGBA,AJAGBA,AKURE,21,524,E,500000
284,ON,AJEBAMIDELE,AJEBAMIDELE,AKURE,21,524,E,500000
285,ON,AJEGUNLE ABA- OYO,AJEGUNLEABAOYO,AKURE,21,524,E,500000
286,ON,AJOWA,AJOWA,AKURE,21,524,E,500000
287,ON,AJUE,AJUE,AKURE,21,524,E,500000
288,ON,AKINJAGUNLA,AKINJAGUNLA,AKURE,21,524,E,500000
289,ON,AKOTOGBO,AKOTOGBO,AKURE,21,524,E,500000
290,ON,AKUNGBA,AKUNGBA,AKURE,21,524,E,500000
291,ON,AKUNU,AKUNU,AKURE,21,524,E,500000
292,ON,APONMULONA,APONMULONA,AKURE,21,524,E,500000
293,ON,ARA EKITI,ARAEKITI,AKURE,21,524,E,500000
294,ON,ARAROMI EKITI,ARAROMIEKITI,AKURE,21,524,E,500000
295,ON,ARAROMI OBU,ARAROMIOBU,AKURE,21,524,E,500000
296,ON,ARIGIDI,ARIGIDI,AKURE,21,524,E,500000
297,ON,ARIMOGIJA,ARIMOGIJA,AKURE,21,524,E,500000
298,ON,AROGBO-IJAW,AROGBOIJAW,AKURE,21,524,E,500000
299,ON,ATIJERE,ATIJERE,AKURE,21,524,E,500000
300,ON,AUGA-AKOKO,AUGAAKOKO,AKURE,21,524,E,500000
301,ON,AWO-EKITI,AWOEKITI,AKURE,21,524,E,500000
302,ON,AYEBODE EKITI,AYEBODEEKITI,AKURE,21,524,E,500000
303,ON,AYEDE EKITI,AYEDEEKITI,AKURE,21,524,E,500000
304,ON,AYETORO,AYETORO,AKURE,21,524,E,500000
305,ON,AYETORO-EKITI,AYETOROEKITI,AKURE,21,524,E,500000
306,ON,BAMIKEMO,BAMIKEMO,AKURE,21,524,E,500000
307,ON,BOLORUNDURO,BOLORUNDURO,AKURE,21,524,E,500000
308,ON,C.A.C. EFON ALAYE,CACEFONALAYE,AKURE,21,524,E,500000
309,ON,EGBE-EKITI,EGBEEKITI,AKURE,21,524,E,500000
310,ON,EMURE,EMURE,AKURE,21,524,E,500000
311,ON,EMURE -ILE,EMUREILE,AKURE,21,524,E,500000
312,ON,EPINMI -AKOKO,EPINMIAKOKO,AKURE,21,524,E,500000
313,ON,ERINJE,ERINJE,AKURE,21,524,E,500000
314,ON,ERINJIYAN,ERINJIYAN,AKURE,21,524,E,500000
315,ON,ERITI-IGASI-AKOKO,ERITIIGASIAKOKO,AKURE,21,524,E,500000
316,ON,ERUSU - AKOKO,ERUSUAKOKO,AKURE,21,524,E,500000
317,ON,ESE-AKOKO,ESEAKOKO,AKURE,21,524,E,500000
318,ON,ESURE-EKITI,ESUREEKITI,AKURE,21,524,E,500000
319,ON,FAGBO,FAGBO,AKURE,21,524,E,500000
320,ON,GEDEGEDE-AKOKO,GEDEGEDEAKOKO,AKURE,21,524,E,500000
321,ON,IBARAMU-AKOKO,IBARAMUAKOKO,AKURE,21,524,E,500000
322,ON,IBOROPA-AKOKO,IBOROPAAKOKO,AKURE,21,524,E,500000
323,ON,IBULESORO,IBULESORO,AKURE,21,524,E,500000
324,ON,IDANRE,IDANRE,AKURE,21,524,E,500000
326,ON,IDO-AJINARE,IDOAJINARE,AKURE,21,524,E,500000
327,ON,IDOANI,IDOANI,AKURE,21,524,E,500000
325,ON,IDO EKITI,IDOEKITI,AKURE,21,524,E,500000
328,ON,IDOGUN,IDOGUN,AKURE,21,524,E,500000
329,ON,IFAKI,IFAKI,AKURE,21,524,E,500000
330,ON,IFIRA-AKOKO,IFIRAAKOKO,AKURE,21,524,E,500000
331,ON,IFISIN EKITI,IFISINEKITI,AKURE,21,524,E,500000
332,ON,IFON,IFON,AKURE,21,524,E,500000
333,ON,IGBA,IGBA,AKURE,21,524,E,500000
334,ON,IGBARAODO,IGBARAODO,AKURE,21,524,E,500000
336,ON,IGBARAOKE,IGBARAOKE,AKURE,21,524,E,500000
337,ON,IGBARA-OKE/OWENA,IGBARAOKEOWENA,AKURE,21,524,E,500000
338,ON,IGBEKEBO,IGBEKEBO,AKURE,21,524,E,500000
339,ON,IGBOBINI,IGBOBINI,AKURE,21,524,E,500000
340,ON,IGBOGUNRIN,IGBOGUNRIN,AKURE,21,524,E,500000
341,ON,IGBOKODA,IGBOKODA,AKURE,21,524,E,500000
342,ON,IGBOOTAKO,IGBOOTAKO,AKURE,21,524,E,500000
343,ON,IGBOTU,IGBOTU,AKURE,21,524,E,500000
344,ON,IGEDE EKITI,IGEDEEKITI,AKURE,21,524,E,500000
345,ON,IGODANLISA,IGODANLISA,AKURE,21,524,E,500000
346,ON,IGOGO - EKITI,IGOGOEKITI,AKURE,21,524,E,500000
347,ON,IGUNSI,IGUNSI,AKURE,21,524,E,500000
348,ON,IIASA EKITI,IIASAEKITI,AKURE,21,524,E,500000
349,ON,IIOGBO,IIOGBO,AKURE,21,524,E,500000
350,ON,IIORO,IIORO,AKURE,21,524,E,500000
351,ON,IIUOMBA,IIUOMBA,AKURE,21,524,E,500000
352,ON,IJAGBA,IJAGBA,AKURE,21,524,E,500000
353,ON,IJAN,IJAN,AKURE,21,524,E,500000
354,ON,IJARE,IJARE,AKURE,21,524,E,500000
355,ON,IJEBU OWO,IJEBUOWO,AKURE,21,524,E,500000
356,ON,IJERO ARAMOKO EKITI,IJEROARAMOKOEKITI,AKURE,21,524,E,500000
358,ON,IJESA ISU,IJESAISU,AKURE,21,524,E,500000
359,ON,IJOMU ORO,IJOMUORO,AKURE,21,524,E,500000
360,ON,IJU,IJU,AKURE,21,524,E,500000
361,ON,IKARAMU,IKARAMU,AKURE,21,524,E,500000
362,ON,IKARE-AKOKO,IKAREAKOKO,AKURE,21,524,E,500000
363,ON,IKARO,IKARO,AKURE,21,524,E,500000
364,ON,IKEJI- ARAKEJI,IKEJIARAKEJI,AKURE,21,524,E,500000
365,ON,IKEJI-ILE,IKEJIILE,AKURE,21,524,E,500000
366,ON,IKERE EKITI,IKEREEKITI,AKURE,21,524,E,500000
367,ON,IKOGOSI -EKITI,IKOGOSIEKITI,AKURE,21,524,E,500000
368,ON,IKOLE-EKITI,IKOLEEKITI,AKURE,21,524,E,500000
369,ON,IKORO,IKORO,AKURE,21,524,E,500000
371,ON,IKOTA,IKOTA,AKURE,21,524,E,500000
372,ON,IKOYA,IKOYA,AKURE,21,524,E,500000
373,ON,IKOYA ROAD,IKOYAROAD,AKURE,21,524,E,500000
374,ON,IKUN EKITI,IKUNEKITI,AKURE,21,524,E,500000
375,ON,ILARA-MOKIN,ILARAMOKIN,AKURE,21,524,E,500000
376,ON,ILAWE EKITI,ILAWEEKITI,AKURE,21,524,E,500000
377,ON,ILUPEJU EKITI,ILUPEJUEKITI,AKURE,21,524,E,500000
378,ON,ILUTITUN,ILUTITUN,AKURE,21,524,E,500000
379,ON,IMERI,IMERI,AKURE,21,524,E,500000
380,ON,IMESI- EKITI,IMESIEKITI,AKURE,21,524,E,500000
381,ON,IMORU,IMORU,AKURE,21,524,E,500000
382,ON,IPAO-EKITI,IPAOEKITI,AKURE,21,524,E,500000
383,ON,IPE/AKOKO,IPEAKOKO,AKURE,21,524,E,500000
384,ON,IPELE,IPELE,AKURE,21,524,E,500000
385,ON,IPESI -AKOKO,IPESIAKOKO,AKURE,21,524,E,500000
386,ON,IPOGUN,IPOGUN,AKURE,21,524,E,500000
387,ON,IPOLE ILORO,IPOLEILORO,AKURE,21,524,E,500000
388,ON,IPOTI EKITI,IPOTIEKITI,AKURE,21,524,E,500000
390,ON,IRE-EKITI,IREEKITI,AKURE,21,524,E,500000
391,ON,IRELE-EKITI,IRELEEKITI,AKURE,21,524,E,500000
392,ON,IRUN AKOKO,IRUNAKOKO,AKURE,21,524,E,500000
393,ON,ISE - EKITI,ISEEKITI,AKURE,21,524,E,500000
394,ON,ISHAN-EKITI,ISHANEKITI,AKURE,21,524,E,500000
395,ON,ISINBODE,ISINBODE,AKURE,21,524,E,500000
396,ON,ISUA -AKOKO,ISUAAKOKO,AKURE,21,524,E,500000
397,ON,ITAOGBOLU,ITAOGBOLU,AKURE,21,524,E,500000
398,ON,ITAPA EKITI,ITAPAEKITI,AKURE,21,524,E,500000
399,ON,ITAPAJI -EKITI,ITAPAJIEKITI,AKURE,21,524,E,500000
400,ON,ITEBU-MANUWA,ITEBUMANUWA,AKURE,21,524,E,500000
401,ON,IWARO-OKA,IWAROOKA,AKURE,21,524,E,500000
402,ON,IWOROKO-EKITI,IWOROKOEKITI,AKURE,21,524,E,500000
403,ON,IYERE,IYERE,AKURE,21,524,E,500000
404,ON,IYIN-EKITI,IYINEKITI,AKURE,21,524,E,500000
405,ON,KAJOLA-ISE-EKITI,KAJOLAISEEKITI,AKURE,21,524,E,500000
406,ON,LIPANU,LIPANU,AKURE,21,524,E,500000
407,ON,MAHINTEDO,MAHINTEDO,AKURE,21,524,E,500000
408,ON,OBA-AKOKO,OBAAKOKO,AKURE,21,524,E,500000
409,ON,OBA-ILE,OBAILE,AKURE,21,524,E,500000
410,ON,OBOTO,OBOTO,AKURE,21,524,E,500000
413,ON,ODE-AYE,ODEAYE,AKURE,21,524,E,500000
411,ON,ODE EKITI,ODEEKITI,AKURE,21,524,E,500000
412,ON,ODE IRELE,ODEIRELE,AKURE,21,524,E,500000
416,ON,ODIGBO,ODIGBO,AKURE,21,524,E,500000
417,ON,ODOTU,ODOTU,AKURE,21,524,E,500000
418,ON,OGBAGI,OGBAGI,AKURE,21,524,E,500000
419,ON,OGBESE,OGBESE,AKURE,21,524,E,500000
420,ON,OGOTUN,OGOTUN,AKURE,21,524,E,500000
421,ON,OGOTUN EKITI,OGOTUNEKITI,AKURE,21,524,E,500000
422,ON,OKA HO,OKAHO,AKURE,21,524,E,500000
423,ON,OKA JUNCTION,OKAJUNCTION,AKURE,21,524,E,500000
425,ON,OKE-AGBE,OKEAGBE,AKURE,21,524,E,500000
424,ON,OKE AKO EKITI,OKEAKOEKITI,AKURE,21,524,E,500000
427,ON,OKEIGBO,OKEIGBO,AKURE,21,524,E,500000
428,ON,OKE-IGBO/ILE-OLUJI,OKEIGBOILEOLUJI,AKURE,21,524,E,500000
429,ON,OKELUSE,OKELUSE,AKURE,21,524,E,500000
430,ON,OKEMESI,OKEMESI,AKURE,21,524,E,500000
432,ON,OMUO EKITI,OMUOEKITI,AKURE,21,524,E,500000
433,ON,OMUO-OKE,OMUOOKE,AKURE,21,524,E,500000
434,ON,ONIPARAGA,ONIPARAGA,AKURE,21,524,E,500000
435,ON,ORE,ORE,AKURE,21,524,E,500000
436,ON,ORIN,ORIN,AKURE,21,524,E,500000
437,ON,ORUN EKITI,ORUNEKITI,AKURE,21,524,E,500000
438,ON,OSAN-EKITI,OSANEKITI,AKURE,21,524,E,500000
439,ON,OSI-EKITI,OSIEKITI,AKURE,21,524,E,500000
440,ON,OSIN EKITI,OSINEKITI,AKURE,21,524,E,500000
441,ON,OSUA,OSUA,AKURE,21,524,E,500000
442,ON,OTUN - EKITI,OTUNEKITI,AKURE,21,524,E,500000
443,ON,OWO,OWO,AKURE,21,524,E,500000
444,ON,OWODE OWENA,OWODEOWENA,AKURE,21,524,E,500000
445,ON,OYE-EKITI,OYEEKITI,AKURE,21,524,E,500000
446,ON,OYIN AKOKO,OYINAKOKO,AKURE,21,524,E,500000
447,ON,OYUN AKOKO,OYUNAKOKO,AKURE,21,524,E,500000
448,ON,SABOMI,SABOMI,AKURE,21,524,E,500000
449,ON,SIMERIN-AKOKO,SIMERINAKOKO,AKURE,21,524,E,500000
450,ON,SUPARE AKOKO,SUPAREAKOKO,AKURE,21,524,E,500000
451,ON,UGBONLA,UGBONLA,AKURE,21,524,E,500000
452,ON,USHO,USHO,AKURE,21,524,E,500000
526,OY,ABA MOPE,ABAMOPE,IBADAN,22,629,R,700000
341,OY,ABERE,ABERE,IBADAN,22,524,E,500000
342,OY,ADA,ADA,IBADAN,22,524,E,500000
343,OY,ADESANMI,ADESANMI,IBADAN,22,524,E,500000
527,OY,ADO-AWAYE,ADOAWAYE,IBADAN,22,629,R,700000
345,OY,AGO-AMODU,AGOAMODU,IBADAN,22,524,E,500000
346,OY,AGOWANDE,AGOWANDE,IBADAN,22,524,E,500000
347,OY,AGUNPOPO OYO,AGUNPOPOOYO,IBADAN,22,524,E,500000
348,OY,AGUNREGE,AGUNREGE,IBADAN,22,524,E,500000
349,OY,AGUNRODO,AGUNRODO,IBADAN,22,524,E,500000
350,OY,AHOYAYA,AHOYAYA,IBADAN,22,524,E,500000
351,OY,AIYETE,AIYETE,IBADAN,22,524,E,500000
352,OY,AJAAWA,AJAAWA,IBADAN,22,524,E,500000
353,OY,AKALAKO,AKALAKO,IBADAN,22,524,E,500000
354,OY,AKANRAN,AKANRAN,IBADAN,22,524,E,500000
355,OY,AKINLALU,AKINLALU,IBADAN,22,524,E,500000
356,OY,AKINMORIN,AKINMORIN,IBADAN,22,524,E,500000
357,OY,ALAGBEDE,ALAGBEDE,IBADAN,22,524,E,500000
358,OY,ALAJURE,ALAJURE,IBADAN,22,524,E,500000
359,OY,ALUSEKERE,ALUSEKERE,IBADAN,22,524,E,500000
360,OY,"ALUTIERIN, ILE-IFE",ALUTIERINILEIFE,IBADAN,22,524,E,500000
361,OY,AMUYE IJESHA,AMUYEIJESHA,IBADAN,22,524,E,500000
362,OY,APASO,APASO,IBADAN,22,524,E,500000
363,OY,APOMU,APOMU,IBADAN,22,524,E,500000
364,OY,ARA- EDE,ARAEDE,IBADAN,22,524,E,500000
365,OY,ARAROMI - OWU,ARAROMIOWU,IBADAN,22,524,E,500000
366,OY,ARAROMI - ST. OSOGBO,ARAROMISTOSOGBO,IBADAN,22,524,E,500000
367,OY,ARO,ARO,IBADAN,22,524,E,500000
368,OY,ARUBIDI,ARUBIDI,IBADAN,22,524,E,500000
369,OY,ASIPA,ASIPA,IBADAN,22,524,E,500000
529,OY,AWE,AWE,IBADAN,22,629,R,700000
370,OY,AWO,AWO,IBADAN,22,524,E,500000
371,OY,AYETE,AYETE,IBADAN,22,524,E,500000
372,OY,BODE-OSI,BODEOSI,IBADAN,22,524,E,500000
531,OY,EDE,EDE,IBADAN,22,629,R,700000
373,OY,EDUNABON,EDUNABON,IBADAN,22,524,E,500000
374,OY,EGBEDA LOGUN,EGBEDALOGUN,IBADAN,22,524,E,500000
375,OY,EJIGBO,EJIGBO,IBADAN,22,524,E,500000
532,OY,EJIOKU,EJIOKU,IBADAN,22,629,R,700000
376,OY,EKO-ENDE,EKOENDE,IBADAN,22,524,E,500000
377,OY,EKOSIN,EKOSIN,IBADAN,22,524,E,500000
378,OY,EKUSA,EKUSA,IBADAN,22,524,E,500000
379,OY,ERE- IJESA,EREIJESA,IBADAN,22,524,E,500000
380,OY,ERIN-IJESA,ERINIJESA,IBADAN,22,524,E,500000
381,OY,ERINMO,ERINMO,IBADAN,22,524,E,500000
382,OY,ERIN-OSUN,ERINOSUN,IBADAN,22,524,E,500000
383,OY,ERIPA,ERIPA,IBADAN,22,524,E,500000
384,OY,ERUMU,ERUMU,IBADAN,22,524,E,500000
533,OY,ERUWA,ERUWA,IBADAN,22,629,R,700000
386,OY,ESA-ODO,ESAODO,IBADAN,22,524,E,500000
385,OY,ESA OKE,ESAOKE,IBADAN,22,524,E,500000
387,OY,ETI-ONI,ETIONI,IBADAN,22,524,E,500000
388,OY,FAGBEWESA,FAGBEWESA,IBADAN,22,524,E,500000
389,OY,FIDITI,FIDITI,IBADAN,22,524,E,500000
390,OY,GAMBARI OGBOMOSHO,GAMBARIOGBOMOSHO,IBADAN,22,524,E,500000
391,OY,GBADE,GBADE,IBADAN,22,524,E,500000
392,OY,GBADE OGBOMOSHO,GBADEOGBOMOSHO,IBADAN,22,524,E,500000
534,OY,IBA,IBA,IBADAN,22,629,R,700000
393,OY,IBODI,IBODI,IBADAN,22,524,E,500000
394,OY,IBOKUN,IBOKUN,IBADAN,22,524,E,500000
395,OY,IDDO,IDDO,IBADAN,22,524,E,500000
396,OY,IDDO-OGA,IDDOOGA,IBADAN,22,524,E,500000
397,OY,IDOMINASI,IDOMINASI,IBADAN,22,524,E,500000
398,OY,IDO-OSUN,IDOOSUN,IBADAN,22,524,E,500000
399,OY,IFE-ODAN,IFEODAN,IBADAN,22,524,E,500000
400,OY,IFETEDO,IFETEDO,IBADAN,22,524,E,500000
401,OY,IFEWARA,IFEWARA,IBADAN,22,524,E,500000
402,OY,IFON-OSUN,IFONOSUN,IBADAN,22,524,E,500000
403,OY,IGANGAN,IGANGAN,IBADAN,22,524,E,500000
404,OY,IGANGAN IBARAPA,IGANGANIBARAPA,IBADAN,22,524,E,500000
405,OY,IGANNA,IGANNA,IBADAN,22,524,E,500000
406,OY,IGBAJO,IGBAJO,IBADAN,22,524,E,500000
407,OY,IGBAYE,IGBAYE,IBADAN,22,524,E,500000
408,OY,IGBETTI,IGBETTI,IBADAN,22,524,E,500000
409,OY,IGBOELERIN,IGBOELERIN,IBADAN,22,524,E,500000
410,OY,IGBO-IJAIYE AE,IGBOIJAIYEAE,IBADAN,22,524,E,500000
411,OY,IGBOORA,IGBOORA,IBADAN,22,524,E,500000
412,OY,IGBOPE,IGBOPE,IBADAN,22,524,E,500000
535,OY,IGBORA,IGBORA,IBADAN,22,629,R,700000
413,OY,IIRAGBIJI,IIRAGBIJI,IBADAN,22,524,E,500000
414,OY,IJABE,IJABE,IBADAN,22,524,E,500000
415,OY,IJADO-OGBOMOSHO,IJADOOGBOMOSHO,IBADAN,22,524,E,500000
536,OY,IJAWAYA,IJAWAYA,IBADAN,22,629,R,700000
537,OY,IJAYE,IJAYE,IBADAN,22,629,R,700000
538,OY,IJEBU-IJESA,IJEBUIJESA,IBADAN,22,629,R,700000
416,OY,IJEDA,IJEDA,IBADAN,22,524,E,500000
417,OY,IJERU,IJERU,IBADAN,22,524,E,500000
418,OY,IJIO,IJIO,IBADAN,22,524,E,500000
539,OY,IKEREKU,IKEREKU,IBADAN,22,629,R,700000
419,OY,IKIRE,IKIRE,IBADAN,22,524,E,500000
420,OY,IKIRUN,IKIRUN,IBADAN,22,524,E,500000
421,OY,IKOMU,IKOMU,IBADAN,22,524,E,500000
422,OY,IKOYI - ILE,IKOYIILE,IBADAN,22,524,E,500000
423,OY,IKUA,IKUA,IBADAN,22,524,E,500000
424,OY,ILADO,ILADO,IBADAN,22,524,E,500000
425,OY,ILA-ORANGUN,ILAORANGUN,IBADAN,22,524,E,500000
426,OY,ILAWO,ILAWO,IBADAN,22,524,E,500000
427,OY,ILE-IFE,ILEIFE,IBADAN,22,524,E,500000
540,OY,ILE-IGBON,ILEIGBON,IBADAN,22,629,R,700000
428,OY,ILE-OGBO,ILEOGBO,IBADAN,22,524,E,500000
429,OY,ILESA,ILESA,IBADAN,22,524,E,500000
430,OY,ILIE,ILIE,IBADAN,22,524,E,500000
432,OY,ILOKO - IJESA,ILOKOIJESA,IBADAN,22,524,E,500000
433,OY,ILORA,ILORA,IBADAN,22,524,E,500000
434,OY,IMESI-ILE,IMESIILE,IBADAN,22,524,E,500000
435,OY,IMINI,IMINI,IBADAN,22,524,E,500000
542,OY,IMO,IMO,IBADAN,22,629,R,700000
436,OY,INISHA,INISHA,IBADAN,22,524,E,500000
543,OY,IPAPO,IPAPO,IBADAN,22,629,R,700000
544,OY,IPETU-IJESA,IPETUIJESA,IBADAN,22,629,R,700000
438,OY,IPETU-ILE,IPETUILE,IBADAN,22,524,E,500000
437,OY,IPETU- JESA,IPETUJESA,IBADAN,22,524,E,500000
439,OY,IPETUMODU,IPETUMODU,IBADAN,22,524,E,500000
440,OY,IPONDA-IJESHA,IPONDAIJESHA,IBADAN,22,524,E,500000
441,OY,IRAGBERI,IRAGBERI,IBADAN,22,524,E,500000
442,OY,IRAWO,IRAWO,IBADAN,22,524,E,500000
443,OY,IREE,IREE,IBADAN,22,524,E,500000
545,OY,IRESA ADU,IRESAADU,IBADAN,22,629,R,700000
444,OY,IRESADU,IRESADU,IBADAN,22,524,E,500000
445,OY,IRESI,IRESI,IBADAN,22,524,E,500000
446,OY,IROGBA OGBOMOSHO,IROGBAOGBOMOSHO,IBADAN,22,524,E,500000
546,OY,IROKO,IROKO,IBADAN,22,629,R,700000
447,OY,ISALE AFON,ISALEAFON,IBADAN,22,524,E,500000
448,OY,ISALE ALFA,ISALEALFA,IBADAN,22,524,E,500000
449,OY,ISALE ORA,ISALEORA,IBADAN,22,524,E,500000
450,OY,ISALE OYO,ISALEOYO,IBADAN,22,524,E,500000
451,OY,ISEKE,ISEKE,IBADAN,22,524,E,500000
452,OY,ISEMILE,ISEMILE,IBADAN,22,524,E,500000
453,OY,ISEYIN,ISEYIN,IBADAN,22,524,E,500000
454,OY,ISOKUN,ISOKUN,IBADAN,22,524,E,500000
455,OY,ISOKUN STREEET,ISOKUNSTREEET,IBADAN,22,524,E,500000
456,OY,ISUNDURIN,ISUNDURIN,IBADAN,22,524,E,500000
457,OY,ITA IJOKA,ITAIJOKA,IBADAN,22,524,E,500000
458,OY,IWARAJA,IWARAJA,IBADAN,22,524,E,500000
459,OY,IWERE ILE,IWEREILE,IBADAN,22,524,E,500000
460,OY,IWO,IWO,IBADAN,22,524,E,500000
461,OY,IWO ATE,IWOATE,IBADAN,22,524,E,500000
462,OY,IWOYE - IJESA,IWOYEIJESA,IBADAN,22,524,E,500000
464,OY,JABATA,JABATA,IBADAN,22,524,E,500000
465,OY,JAGUN,JAGUN,IBADAN,22,524,E,500000
466,OY,JOBELE,JOBELE,IBADAN,22,524,E,500000
467,OY,KAJOLA,KAJOLA,IBADAN,22,524,E,500000
468,OY,KOLA-BALOGUN,KOLABALOGUN,IBADAN,22,524,E,500000
469,OY,KOLOKO,KOLOKO,IBADAN,22,524,E,500000
470,OY,LAGUN,LAGUN,IBADAN,22,524,E,500000
471,OY,LANLATE,LANLATE,IBADAN,22,524,E,500000
472,OY,MAFOWORADE,MAFOWORADE,IBADAN,22,524,E,500000
473,OY,MASIFA,MASIFA,IBADAN,22,524,E,500000
474,OY,MODAKEKE,MODAKEKE,IBADAN,22,524,E,500000
475,OY,MORO,MORO,IBADAN,22,524,E,500000
476,OY,OBAAGUN,OBAAGUN,IBADAN,22,524,E,500000
477,OY,OBADA,OBADA,IBADAN,22,524,E,500000
478,OY,OBA-ILE,OBAILE,IBADAN,22,524,E,500000
479,OY,ODE-OMU,ODEOMU,IBADAN,22,524,E,500000
480,OY,ODEYINKA,ODEYINKA,IBADAN,22,524,E,500000
481,OY,ODO-IRO STR.,ODOIROSTR,IBADAN,22,524,E,500000
547,OY,OFFA IGBO,OFFAIGBO,IBADAN,22,629,R,700000
482,OY,OFFIKI,OFFIKI,IBADAN,22,524,E,500000
483,OY,OGALA IWARE,OGALAIWARE,IBADAN,22,524,E,500000
484,OY,OGBAAGBA,OGBAAGBA,IBADAN,22,524,E,500000
485,OY,OGBOMOSHO,OGBOMOSHO,IBADAN,22,524,E,500000
486,OY,OGBORO,OGBORO,IBADAN,22,524,E,500000
548,OY,OGUNGBAYI,OGUNGBAYI,IBADAN,22,629,R,700000
487,OY,OGURO,OGURO,IBADAN,22,524,E,500000
488,OY,OJE OWODE,OJEOWODE,IBADAN,22,524,E,500000
489,OY,OKAKA,OKAKA,IBADAN,22,524,E,500000
491,OY,OKE-AFO,OKEAFO,IBADAN,22,524,E,500000
550,OY,OKE-ALARO,OKEALARO,IBADAN,22,629,R,700000
492,OY,OKE-BALE,OKEBALE,IBADAN,22,524,E,500000
493,OY,OKEBODE,OKEBODE,IBADAN,22,524,E,500000
490,OY,OKE ELERIN,OKEELERIN,IBADAN,22,524,E,500000
551,OY,OKEHO,OKEHO,IBADAN,22,629,R,700000
494,OY,OKE-ILA,OKEILA,IBADAN,22,524,E,500000
495,OY,OKEIYIN-ILESA,OKEIYINILESA,IBADAN,22,524,E,500000
549,OY,OKE -OFFA,OKEOFFA,IBADAN,22,629,R,700000
496,OY,OKIA,OKIA,IBADAN,22,524,E,500000
497,OY,OKINNI,OKINNI,IBADAN,22,524,E,500000
498,OY,OKO OGBOMOSHO,OKOOGBOMOSHO,IBADAN,22,524,E,500000
552,OY,OKORO VILLAGE,OKOROVILLAGE,IBADAN,22,629,R,700000
499,OY,OKUA,OKUA,IBADAN,22,524,E,500000
553,OY,OKUKU,OKUKU,IBADAN,22,629,R,700000
554,OY,OKUKU IBADAN,OKUKUIBADAN,IBADAN,22,629,R,700000
500,OY,OLLA,OLLA,IBADAN,22,524,E,500000
501,OY,OLONKORO,OLONKORO,IBADAN,22,524,E,500000
502,OY,OLOSE,OLOSE,IBADAN,22,524,E,500000
555,OY,OLUNLOYO VILLAGE,OLUNLOYOVILLAGE,IBADAN,22,629,R,700000
503,OY,OLUPONNA,OLUPONNA,IBADAN,22,524,E,500000
504,OY,OMIFUNFUN,OMIFUNFUN,IBADAN,22,524,E,500000
505,OY,OMIGBODI,OMIGBODI,IBADAN,22,524,E,500000
556,OY,ONA - ORA,ONAORA,IBADAN,22,629,R,700000
506,OY,ONOGBODOGI,ONOGBODOGI,IBADAN,22,524,E,500000
507,OY,ORA,ORA,IBADAN,22,524,E,500000
508,OY,ORILE-OWU,ORILEOWU,IBADAN,22,524,E,500000
509,OY,OROLU,OROLU,IBADAN,22,524,E,500000
510,OY,ORORUWO,ORORUWO,IBADAN,22,524,E,500000
511,OY,OSU,OSU,IBADAN,22,524,E,500000
512,OY,OTA-EFUN,OTAEFUN,IBADAN,22,524,E,500000
513,OY,OTAMOKUN,OTAMOKUN,IBADAN,22,524,E,500000
515,OY,OTAN AYEGBAJU,OTANAYEGBAJU,IBADAN,22,524,E,500000
514,OY,OTAN - ILE,OTANILE,IBADAN,22,524,E,500000
557,OY,OYAN,OYAN,IBADAN,22,629,R,700000
516,OY,OYI AJEGUNLE,OYIAJEGUNLE,IBADAN,22,524,E,500000
517,OY,OYO,OYO,IBADAN,22,524,E,500000
558,OY,SAKI,SAKI,IBADAN,22,629,R,700000
559,OY,SANSI,SANSI,IBADAN,22,629,R,700000
518,OY,SEKONA,SEKONA,IBADAN,22,524,E,500000
519,OY,SEPETERI,SEPETERI,IBADAN,22,524,E,500000
520,OY,SONGBE,SONGBE,IBADAN,22,524,E,500000
560,OY,TAPA,TAPA,IBADAN,22,629,R,700000
521,OY,TEDE,TEDE,IBADAN,22,524,E,500000
522,OY,TELEMU,TELEMU,IBADAN,22,524,E,500000
523,OY,TEMIDIRE IMADIN,TEMIDIREIMADIN,IBADAN,22,524,E,500000
524,OY,TEWURE,TEWURE,IBADAN,22,524,E,500000
525,OY,WASINMI,WASINMI,IBADAN,22,524,E,500000
655,PL,AGARAGU,AGARAGU,JOS,21,629,R,700000
656,PL,AGYARAGU,AGYARAGU,JOS,21,629,R,700000
657,PL,AKUNZA,AKUNZA,JOS,21,629,R,700000
640,PL,AKWANGA,AKWANGA,JOS,21,524,E,500000
658,PL,AMAKU VIA DOMA,AMAKUVIADOMA,JOS,21,629,R,700000
659,PL,AMPAM,AMPAM,JOS,21,629,R,700000
660,PL,AMPAMG WEST,AMPAMGWEST,JOS,21,629,R,700000
661,PL,ANGWARE (EAST JOS),ANGWAREEASTJOS,JOS,21,629,R,700000
662,PL,ASSAKIO,ASSAKIO,JOS,21,629,R,700000
663,PL,AWE LGC,AWELGC,JOS,21,629,R,700000
664,PL,AZARA,AZARA,JOS,21,629,R,700000
665,PL,BA'AP,BAAP,JOS,21,629,R,700000
666,PL,BARKIN LADI,BARKINLADI,JOS,21,629,R,700000
642,PL,BASSA,BASSA,JOS,21,524,E,500000
641,PL,B/LADI,BLADI,JOS,21,524,E,500000
668,PL,BUKURU,BUKURU,JOS,21,629,R,700000
669,PL,CHIP,CHIP,JOS,21,629,R,700000
670,PL,COLEGE OF ACCOUNTACY KWAL,COLEGEOFACCOUNTACYKWAL,JOS,21,629,R,700000
671,PL,DAFFO,DAFFO,JOS,21,629,R,700000
672,PL,DANGI / KANAM,DANGIKANAM,JOS,21,629,R,700000
673,PL,DEMSHIN,DEMSHIN,JOS,21,629,R,700000
674,PL,DENGI,DENGI,JOS,21,629,R,700000
675,PL,DOEMAK,DOEMAK,JOS,21,629,R,700000
676,PL,DOMA,DOMA,JOS,21,629,R,700000
678,PL,DORUWA,DORUWA,JOS,21,629,R,700000
644,PL,DUDUGURU,DUDUGURU,JOS,21,524,E,500000
645,PL,FEDERAL COLLEGE OF EDUCATION,FEDERALCOLLEGEOFEDUCATION,JOS,21,524,E,500000
679,PL,GANAWURI,GANAWURI,JOS,21,629,R,700000
646,PL,GARKAWA,GARKAWA,JOS,21,524,E,500000
647,PL,GINDIRI,GINDIRI,JOS,21,524,E,500000
680,PL,GUDI,GUDI,JOS,21,629,R,700000
681,PL,GWANTU,GWANTU,JOS,21,629,R,700000
682,PL,Gwantu/Sanga,GWANTUSANGA,JOS,21,629,R,700000
683,PL,GYEL,GYEL,JOS,21,629,R,700000
648,PL,JENGRE,JENGRE,JOS,21,524,E,500000
684,PL,JENGRI,JENGRI,JOS,21,629,R,700000
685,PL,JOS AIRPORT,JOSAIRPORT,JOS,21,629,R,700000
686,PL,JOS EAST,JOSEAST,JOS,21,629,R,700000
687,PL,KABWIR,KABWIR,JOS,21,629,R,700000
688,PL,KANKE,KANKE,JOS,21,629,R,700000
689,PL,KARDEKO,KARDEKO,JOS,21,629,R,700000
649,PL,KERANG,KERANG,JOS,21,524,E,500000
690,PL,KOANA,KOANA,JOS,21,629,R,700000
691,PL,KURA FALLS,KURAFALLS,JOS,21,629,R,700000
692,PL,KURGWI,KURGWI,JOS,21,629,R,700000
693,PL,KURU,KURU,JOS,21,629,R,700000
695,PL,KWAL,KWAL,JOS,21,629,R,700000
696,PL,KWANDE,KWANDE,JOS,21,629,R,700000
697,PL,LAMINGA,LAMINGA,JOS,21,629,R,700000
698,PL,LANGTANG,LANGTANG,JOS,21,629,R,700000
699,PL,LERE,LERE,JOS,21,629,R,700000
700,PL,MABUDI,MABUDI,JOS,21,629,R,700000
650,PL,MADA STATION,MADASTATION,JOS,21,524,E,500000
701,PL,MANGU,MANGU,JOS,21,629,R,700000
702,PL,MIANGO,MIANGO,JOS,21,629,R,700000
703,PL,MIKANG,MIKANG,JOS,21,629,R,700000
651,PL,MILITARY CONT. RUKUBA,MILITARYCONTRUKUBA,JOS,21,524,E,500000
704,PL,MISTA ALI,MISTAALI,JOS,21,629,R,700000
705,PL,NAMU,NAMU,JOS,21,629,R,700000
706,PL,NASSARAWA EGGON,NASSARAWAEGGON,JOS,21,629,R,700000
707,PL,NASSRAWA EGON,NASSRAWAEGON,JOS,21,629,R,700000
652,PL,NIPSS KURU,NIPSSKURU,JOS,21,524,E,500000
708,PL,OBI,OBI,JOS,21,629,R,700000
709,PL,PANKSHIN,PANKSHIN,JOS,21,629,R,700000
710,PL,PANYAM,PANYAM,JOS,21,629,R,700000
711,PL,PPMC,PPMC,JOS,21,629,R,700000
712,PL,QUAN-PAN,QUANPAN,JOS,21,629,R,700000
713,PL,RIYOM,RIYOM,JOS,21,629,R,700000
714,PL,SAMINAKA,SAMINAKA,JOS,21,629,R,700000
715,PL,SANGA,SANGA,JOS,21,629,R,700000
716,PL,SHABU,SHABU,JOS,21,629,R,700000
717,PL,SHENDAM,SHENDAM,JOS,21,629,R,700000
718,PL,TORO,TORO,JOS,21,629,R,700000
719,PL,TUNKUS,TUNKUS,JOS,21,629,R,700000
653,PL,VOM,VOM,JOS,21,524,E,500000
720,PL,WAMBA,WAMBA,JOS,21,629,R,700000
721,PL,WASE,WASE,JOS,21,629,R,700000
722,PL,YELWA-ISHAR,YELWAISHAR,JOS,21,629,R,700000
723,PL,ZALLAKI,ZALLAKI,JOS,21,629,R,700000
724,PL,ZAMKO,ZAMKO,JOS,21,629,R,700000
654,PL,ZARIA ROAD,ZARIAROAD,JOS,21,524,E,500000
1578,RI,ABA RIKPO,ABARIKPO,PORT HARCOURT,21,629,R,700000
1579,RI,ABONEMA,ABONEMA,PORT HARCOURT,21,629,R,700000
1580,RI,ABUA,ABUA,PORT HARCOURT,21,629,R,700000
1581,RI,ABUA-ODUA,ABUAODUA,PORT HARCOURT,21,629,R,700000
1582,RI,ABUKUMA,ABUKUMA,PORT HARCOURT,21,629,R,700000
1551,RI,ABULOMA,ABULOMA,PORT HARCOURT,21,524,E,500000
1583,RI,ADAGBABIRI,ADAGBABIRI,PORT HARCOURT,21,629,R,700000
1584,RI,AFAM,AFAM,PORT HARCOURT,21,629,R,700000
1586,RI,AFARA,AFARA,PORT HARCOURT,21,629,R,700000
1587,RI,AGAH,AGAH,PORT HARCOURT,21,629,R,700000
1588,RI,AGANNA,AGANNA,PORT HARCOURT,21,629,R,700000
1552,RI,Agba-Nejele,AGBANEJELE,PORT HARCOURT,21,524,E,500000
1589,RI,AGBOBIRI,AGBOBIRI,PORT HARCOURT,21,629,R,700000
1553,RI,AGBUE KOROKORO,AGBUEKOROKORO,PORT HARCOURT,21,524,E,500000
1590,RI,Agri-Saba,AGRISABA,PORT HARCOURT,21,629,R,700000
1591,RI,AGUDAMA,AGUDAMA,PORT HARCOURT,21,629,R,700000
1592,RI,AGUDAMA EPIE,AGUDAMAEPIE,PORT HARCOURT,21,629,R,700000
1593,RI,AHOADA,AHOADA,PORT HARCOURT,21,629,R,700000
1594,RI,AKABUKA,AKABUKA,PORT HARCOURT,21,629,R,700000
1595,RI,AKASSA,AKASSA,PORT HARCOURT,21,629,R,700000
1596,RI,AKINIMA,AKINIMA,PORT HARCOURT,21,629,R,700000
1597,RI,Akmima-Ahoade West,AKMIMAAHOADEWEST,PORT HARCOURT,21,629,R,700000
1554,RI,ALESA ELEME,ALESAELEME,PORT HARCOURT,21,524,E,500000
1555,RI,ALUU,ALUU,PORT HARCOURT,21,524,E,500000
1598,RI,AMASSOMA,AMASSOMA,PORT HARCOURT,21,629,R,700000
1599,RI,AMEGI,AMEGI,PORT HARCOURT,21,629,R,700000
1600,RI,AMHA,AMHA,PORT HARCOURT,21,629,R,700000
1601,RI,Amuru-Keni,AMURUKENI,PORT HARCOURT,21,629,R,700000
1602,RI,ANAKPOR,ANAKPOR,PORT HARCOURT,21,629,R,700000
1603,RI,ANGALABIRI,ANGALABIRI,PORT HARCOURT,21,629,R,700000
1604,RI,ANGIAMA,ANGIAMA,PORT HARCOURT,21,629,R,700000
1605,RI,ANWUNUGBOKO,ANWUNUGBOKO,PORT HARCOURT,21,629,R,700000
1606,RI,ANYAMA,ANYAMA,PORT HARCOURT,21,629,R,700000
1607,RI,ASKUYET,ASKUYET,PORT HARCOURT,21,629,R,700000
1608,RI,ASUKAMA,ASUKAMA,PORT HARCOURT,21,629,R,700000
1609,RI,AWUGTOBOLO,AWUGTOBOLO,PORT HARCOURT,21,629,R,700000
1610,RI,AYAMA TARAKIRI,AYAMATARAKIRI,PORT HARCOURT,21,629,R,700000
1612,RI,BARAKO,BARAKO,PORT HARCOURT,21,629,R,700000
1611,RI,B DERE,BDERE,PORT HARCOURT,21,629,R,700000
1615,RI,BEAN,BEAN,PORT HARCOURT,21,629,R,700000
1616,RI,BERA,BERA,PORT HARCOURT,21,629,R,700000
1617,RI,BIARA,BIARA,PORT HARCOURT,21,629,R,700000
1618,RI,BILLE,BILLE,PORT HARCOURT,21,629,R,700000
1619,RI,BISEWI,BISEWI,PORT HARCOURT,21,629,R,700000
1620,RI,BODO,BODO,PORT HARCOURT,21,629,R,700000
1621,RI,BOKANA,BOKANA,PORT HARCOURT,21,629,R,700000
1622,RI,BOLO,BOLO,PORT HARCOURT,21,629,R,700000
1623,RI,BOMU,BOMU,PORT HARCOURT,21,629,R,700000
1625,RI,BONNY,BONNY,PORT HARCOURT,21,629,R,700000
1626,RI,BORI,BORI,PORT HARCOURT,21,629,R,700000
1556,RI,BUA YEGHE,BUAYEGHE,PORT HARCOURT,21,524,E,500000
1627,RI,BUGUMA,BUGUMA,PORT HARCOURT,21,629,R,700000
1558,RI,CHOBA,CHOBA,PORT HARCOURT,21,524,E,500000
1628,RI,CHOKOCHO,CHOKOCHO,PORT HARCOURT,21,629,R,700000
1629,RI,DEEYOR,DEEYOR,PORT HARCOURT,21,629,R,700000
1630,RI,DEGEMA,DEGEMA,PORT HARCOURT,21,629,R,700000
1631,RI,DOGU EWOAMA,DOGUEWOAMA,PORT HARCOURT,21,629,R,700000
1632,RI,EBEDEBIRI,EBEDEBIRI,PORT HARCOURT,21,629,R,700000
1633,RI,EBERI-OMUMA,EBERIOMUMA,PORT HARCOURT,21,629,R,700000
1634,RI,EBOCHA,EBOCHA,PORT HARCOURT,21,629,R,700000
1635,RI,EBUKUMA,EBUKUMA,PORT HARCOURT,21,629,R,700000
1636,RI,EBUKUMA ANDONI,EBUKUMAANDONI,PORT HARCOURT,21,629,R,700000
1637,RI,EDEOHA,EDEOHA,PORT HARCOURT,21,629,R,700000
1638,RI,EGBEDA,EGBEDA,PORT HARCOURT,21,629,R,700000
1640,RI,EGBEMA,EGBEMA,PORT HARCOURT,21,629,R,700000
1639,RI,EGBEM ASAH,EGBEMASAH,PORT HARCOURT,21,629,R,700000
1641,RI,EGBERU NDOKI,EGBERUNDOKI,PORT HARCOURT,21,629,R,700000
1642,RI,EGEDEM,EGEDEM,PORT HARCOURT,21,629,R,700000
1643,RI,EGRU TOWN,EGRUTOWN,PORT HARCOURT,21,629,R,700000
1644,RI,EGWI,EGWI,PORT HARCOURT,21,629,R,700000
1645,RI,EKEDE,EKEDE,PORT HARCOURT,21,629,R,700000
1646,RI,EKEREEMOR,EKEREEMOR,PORT HARCOURT,21,629,R,700000
1647,RI,EKEREMOR,EKEREMOR,PORT HARCOURT,21,629,R,700000
1648,RI,EKPENA,EKPENA,PORT HARCOURT,21,629,R,700000
1649,RI,ELELE,ELELE,PORT HARCOURT,21,629,R,700000
1650,RI,ELELE ALIMINI,ELELEALIMINI,PORT HARCOURT,21,629,R,700000
1651,RI,ELEM SANGANA,ELEMSANGANA,PORT HARCOURT,21,629,R,700000
1652,RI,EMELEGO,EMELEGO,PORT HARCOURT,21,629,R,700000
1653,RI,EMEYAL,EMEYAL,PORT HARCOURT,21,629,R,700000
1654,RI,EMUOHUA,EMUOHUA,PORT HARCOURT,21,629,R,700000
1655,RI,EREMA,EREMA,PORT HARCOURT,21,629,R,700000
1656,RI,ETCHE,ETCHE,PORT HARCOURT,21,629,R,700000
1559,RI,GBAM TAI,GBAMTAI,PORT HARCOURT,21,524,E,500000
1657,RI,GBE,GBE,PORT HARCOURT,21,629,R,700000
1560,RI,Ggbam-Tai,GGBAMTAI,PORT HARCOURT,21,524,E,500000
1658,RI,IBAA,IBAA,PORT HARCOURT,21,629,R,700000
1659,RI,IBIRIBA,IBIRIBA,PORT HARCOURT,21,629,R,700000
1660,RI,IBOTIRENA ANDONI,IBOTIRENAANDONI,PORT HARCOURT,21,629,R,700000
1661,RI,IBRAS,IBRAS,PORT HARCOURT,21,629,R,700000
1561,RI,IDO AHOADA,IDOAHOADA,PORT HARCOURT,21,524,E,500000
1562,RI,IGBE ETCHE,IGBEETCHE,PORT HARCOURT,21,524,E,500000
1662,RI,IGBODO,IGBODO,PORT HARCOURT,21,629,R,700000
1663,RI,IGBO-ETCHE,IGBOETCHE,PORT HARCOURT,21,629,R,700000
1563,RI,Igurunta-Ali,IGURUNTAALI,PORT HARCOURT,21,524,E,500000
1564,RI,IGURWUTA,IGURWUTA,PORT HARCOURT,21,524,E,500000
1664,RI,IHUGBOGO,IHUGBOGO,PORT HARCOURT,21,629,R,700000
1665,RI,IHUOWO,IHUOWO,PORT HARCOURT,21,629,R,700000
1666,RI,IHWAKPA,IHWAKPA,PORT HARCOURT,21,629,R,700000
1667,RI,IHWECHI,IHWECHI,PORT HARCOURT,21,629,R,700000
1668,RI,IKIRI,IKIRI,PORT HARCOURT,21,629,R,700000
1669,RI,IKODU-EKPEYE,IKODUEKPEYE,PORT HARCOURT,21,629,R,700000
1670,RI,Ikwa -Andowni,IKWAANDOWNI,PORT HARCOURT,21,629,R,700000
1565,RI,ISIOKPO,ISIOKPO,PORT HARCOURT,21,524,E,500000
1566,RI,ISU ETCHE,ISUETCHE,PORT HARCOURT,21,524,E,500000
1671,RI,IYOM OROM,IYOMOROM,PORT HARCOURT,21,629,R,700000
1672,RI,JOINKRAMA,JOINKRAMA,PORT HARCOURT,21,629,R,700000
1673,RI,KALIO AMA,KALIOAMA,PORT HARCOURT,21,629,R,700000
1675,RI,KIBANGA,KIBANGA,PORT HARCOURT,21,629,R,700000
1676,RI,KIBANGANI,KIBANGANI,PORT HARCOURT,21,629,R,700000
1677,RI,KOLOKUMA-KAIAMA,KOLOKUMAKAIAMA,PORT HARCOURT,21,629,R,700000
1678,RI,KOLUAMA,KOLUAMA,PORT HARCOURT,21,629,R,700000
1679,RI,KONO BOUE,KONOBOUE,PORT HARCOURT,21,629,R,700000
1569,RI,KOROMA TAI,KOROMATAI,PORT HARCOURT,21,524,E,500000
1570,RI,KPETI TAI,KPETITAI,PORT HARCOURT,21,524,E,500000
1680,RI,KPOR,KPOR,PORT HARCOURT,21,629,R,700000
1681,RI,KPUR,KPUR,PORT HARCOURT,21,629,R,700000
1682,RI,KREIGANI,KREIGANI,PORT HARCOURT,21,629,R,700000
1683,RI,KUGBO,KUGBO,PORT HARCOURT,21,629,R,700000
1684,RI,KULA COMM,KULACOMM,PORT HARCOURT,21,629,R,700000
1685,RI,LEWE,LEWE,PORT HARCOURT,21,629,R,700000
1686,RI,MBIAMA,MBIAMA,PORT HARCOURT,21,629,R,700000
1687,RI,MGBEDE,MGBEDE,PORT HARCOURT,21,629,R,700000
1688,RI,MOGHO,MOGHO,PORT HARCOURT,21,629,R,700000
1571,RI,NCHIA-ELEME,NCHIAELEME,PORT HARCOURT,21,524,E,500000
1689,RI,NDELE,NDELE,PORT HARCOURT,21,629,R,700000
1690,RI,NDOKI,NDOKI,PORT HARCOURT,21,629,R,700000
1691,RI,NDONI,NDONI,PORT HARCOURT,21,629,R,700000
1692,RI,NEMBE,NEMBE,PORT HARCOURT,21,629,R,700000
1693,RI,NGO,NGO,PORT HARCOURT,21,629,R,700000
1694,RI,NGO ANDONI,NGOANDONI,PORT HARCOURT,21,629,R,700000
1572,RI,NORWA TAI,NORWATAI,PORT HARCOURT,21,524,E,500000
1695,RI,NWEN-BIARA,NWENBIARA,PORT HARCOURT,21,629,R,700000
1696,RI,NWEOL,NWEOL,PORT HARCOURT,21,629,R,700000
1697,RI,OBELLE,OBELLE,PORT HARCOURT,21,629,R,700000
1698,RI,Obelle-Ogbrelle,OBELLEOGBRELLE,PORT HARCOURT,21,629,R,700000
1699,RI,OBETE,OBETE,PORT HARCOURT,21,629,R,700000
1700,RI,OBIGWE,OBIGWE,PORT HARCOURT,21,629,R,700000
1701,RI,OBIOPITI,OBIOPITI,PORT HARCOURT,21,629,R,700000
1702,RI,OBITE,OBITE,PORT HARCOURT,21,629,R,700000
1703,RI,OBOBURU,OBOBURU,PORT HARCOURT,21,629,R,700000
1704,RI,OBOLO ANDONI,OBOLOANDONI,PORT HARCOURT,21,629,R,700000
1705,RI,OBUAMA,OBUAMA,PORT HARCOURT,21,629,R,700000
1706,RI,ODAGWA,ODAGWA,PORT HARCOURT,21,629,R,700000
1707,RI,ODI,ODI,PORT HARCOURT,21,629,R,700000
1708,RI,ODIABIDI,ODIABIDI,PORT HARCOURT,21,629,R,700000
1709,RI,ODIEKE,ODIEKE,PORT HARCOURT,21,629,R,700000
1711,RI,ODIO AMA,ODIOAMA,PORT HARCOURT,21,629,R,700000
1712,RI,ODIOZUBUJI,ODIOZUBUJI,PORT HARCOURT,21,629,R,700000
1713,RI,ODISAMA,ODISAMA,PORT HARCOURT,21,629,R,700000
1714,RI,Odoma-Obuama,ODOMAOBUAMA,PORT HARCOURT,21,629,R,700000
1715,RI,OFONI,OFONI,PORT HARCOURT,21,629,R,700000
1716,RI,OGBAKIRI,OGBAKIRI,PORT HARCOURT,21,629,R,700000
1718,RI,OGBUGU,OGBUGU,PORT HARCOURT,21,629,R,700000
1719,RI,OGU,OGU,PORT HARCOURT,21,629,R,700000
1720,RI,OGULOMA,OGULOMA,PORT HARCOURT,21,629,R,700000
1721,RI,OKARKI,OKARKI,PORT HARCOURT,21,629,R,700000
1722,RI,OKECHI,OKECHI,PORT HARCOURT,21,629,R,700000
1723,RI,OKOCHIRI,OKOCHIRI,PORT HARCOURT,21,629,R,700000
1724,RI,OKODI,OKODI,PORT HARCOURT,21,629,R,700000
1725,RI,OKOGBE,OKOGBE,PORT HARCOURT,21,629,R,700000
1726,RI,OKOIOKOILE ANDONI,OKOIOKOILEANDONI,PORT HARCOURT,21,629,R,700000
1727,RI,OKOLOBIRI,OKOLOBIRI,PORT HARCOURT,21,629,R,700000
1728,RI,OKPOMA,OKPOMA,PORT HARCOURT,21,629,R,700000
1729,RI,OKPOSI,OKPOSI,PORT HARCOURT,21,629,R,700000
1730,RI,OKRIKA,OKRIKA,PORT HARCOURT,21,629,R,700000
1731,RI,OKUMBIRI,OKUMBIRI,PORT HARCOURT,21,629,R,700000
1732,RI,OKWUZI,OKWUZI,PORT HARCOURT,21,629,R,700000
1733,RI,OLD BAKANA,OLDBAKANA,PORT HARCOURT,21,629,R,700000
1734,RI,OLIEJA,OLIEJA,PORT HARCOURT,21,629,R,700000
1735,RI,OLOIBIRI,OLOIBIRI,PORT HARCOURT,21,629,R,700000
1574,RI,OMAGWA,OMAGWA,PORT HARCOURT,21,524,E,500000
1736,RI,OMBOR,OMBOR,PORT HARCOURT,21,629,R,700000
1737,RI,OMERELU,OMERELU,PORT HARCOURT,21,629,R,700000
1738,RI,OMOKU,OMOKU,PORT HARCOURT,21,629,R,700000
1739,RI,OMUANWA,OMUANWA,PORT HARCOURT,21,629,R,700000
1740,RI,OMUDIOGA,OMUDIOGA,PORT HARCOURT,21,629,R,700000
1741,RI,OMUEKE,OMUEKE,PORT HARCOURT,21,629,R,700000
1742,RI,OMUMA,OMUMA,PORT HARCOURT,21,629,R,700000
1575,RI,ONNE,ONNE,PORT HARCOURT,21,524,E,500000
1743,RI,OPOBO,OPOBO,PORT HARCOURT,21,629,R,700000
1744,RI,OPOKUMA,OPOKUMA,PORT HARCOURT,21,629,R,700000
1745,RI,OSIOKU,OSIOKU,PORT HARCOURT,21,629,R,700000
1746,RI,OTABANI,OTABANI,PORT HARCOURT,21,629,R,700000
1747,RI,OTUAN,OTUAN,PORT HARCOURT,21,629,R,700000
1748,RI,OTUOKPOYI,OTUOKPOYI,PORT HARCOURT,21,629,R,700000
1749,RI,OWUBE,OWUBE,PORT HARCOURT,21,629,R,700000
1751,RI,OYIAGBO,OYIAGBO,PORT HARCOURT,21,629,R,700000
1752,RI,OYIGBA,OYIGBA,PORT HARCOURT,21,629,R,700000
1576,RI,OYIGBO,OYIGBO,PORT HARCOURT,21,524,E,500000
1753,RI,OZOCHI,OZOCHI,PORT HARCOURT,21,629,R,700000
1754,RI,OZUAHA,OZUAHA,PORT HARCOURT,21,629,R,700000
1755,RI,OZUZU,OZUZU,PORT HARCOURT,21,629,R,700000
1756,RI,PERE TORUGBENE,PERETORUGBENE,PORT HARCOURT,21,629,R,700000
1757,RI,POLAKU,POLAKU,PORT HARCOURT,21,629,R,700000
1758,RI,RUMUEKPE,RUMUEKPE,PORT HARCOURT,21,629,R,700000
1759,RI,RUMUJI,RUMUJI,PORT HARCOURT,21,629,R,700000
1577,RI,RUMUOSI,RUMUOSI,PORT HARCOURT,21,524,E,500000
1760,RI,RUNDELE,RUNDELE,PORT HARCOURT,21,629,R,700000
1761,RI,SABAGREIA,SABAGREIA,PORT HARCOURT,21,629,R,700000
1762,RI,SAGBAMA,SAGBAMA,PORT HARCOURT,21,629,R,700000
1763,RI,SAKPENWA,SAKPENWA,PORT HARCOURT,21,629,R,700000
1764,RI,SEA BORI,SEABORI,PORT HARCOURT,21,629,R,700000
1765,RI,SEME,SEME,PORT HARCOURT,21,629,R,700000
1766,RI,SIIN,SIIN,PORT HARCOURT,21,629,R,700000
1767,RI,SIME TAI,SIMETAI,PORT HARCOURT,21,629,R,700000
1768,RI,TAABAA,TAABAA,PORT HARCOURT,21,629,R,700000
1769,RI,TOMBIA,TOMBIA,PORT HARCOURT,21,629,R,700000
1770,RI,TORU NDORO,TORUNDORO,PORT HARCOURT,21,629,R,700000
1771,RI,TROFANI,TROFANI,PORT HARCOURT,21,629,R,700000
1772,RI,TUNGBO,TUNGBO,PORT HARCOURT,21,629,R,700000
1773,RI,TWON BRASS,TWONBRASS,PORT HARCOURT,21,629,R,700000
1776,RI,UBETA,UBETA,PORT HARCOURT,21,629,R,700000
1777,RI,UBIMA,UBIMA,PORT HARCOURT,21,629,R,700000
1778,RI,UBIMINI,UBIMINI,PORT HARCOURT,21,629,R,700000
1779,RI,UBIO,UBIO,PORT HARCOURT,21,629,R,700000
1780,RI,UKUBIE,UKUBIE,PORT HARCOURT,21,629,R,700000
1781,RI,ULA AHOADA,ULAAHOADA,PORT HARCOURT,21,629,R,700000
1782,RI,ULA-UBIE,ULAUBIE,PORT HARCOURT,21,629,R,700000
1783,RI,ULA-UKPATA,ULAUKPATA,PORT HARCOURT,21,629,R,700000
1784,RI,UMUAGAI,UMUAGAI,PORT HARCOURT,21,629,R,700000
1785,RI,UMUATURU-ETCHE,UMUATURUETCHE,PORT HARCOURT,21,629,R,700000
1786,RI,UMUDIOGA,UMUDIOGA,PORT HARCOURT,21,629,R,700000
1787,RI,UMUECHEM,UMUECHEM,PORT HARCOURT,21,629,R,700000
1788,RI,UMUOLA ETCHE,UMUOLAETCHE,PORT HARCOURT,21,629,R,700000
1790,RI,UMUTEKE TU,UMUTEKETU,PORT HARCOURT,21,629,R,700000
1791,RI,UYANGALA,UYANGALA,PORT HARCOURT,21,629,R,700000
1792,RI,UYEMDA,UYEMDA,PORT HARCOURT,21,629,R,700000
1793,RI,YEGHE,YEGHE,PORT HARCOURT,21,629,R,700000
1794,RI,YENAGOA,YENAGOA,PORT HARCOURT,21,629,R,700000
1795,RI,ZARAMA-EPIE,ZARAMAEPIE,PORT HARCOURT,21,629,R,700000
1805,SO,AGWARA,AGWARA,SOKOTO,20,629,R,700000
1806,SO,ALIERO,ALIERO,SOKOTO,20,629,R,700000
1807,SO,ANKA,ANKA,SOKOTO,20,629,R,700000
1808,SO,AUGUE,AUGUE,SOKOTO,20,629,R,700000
1809,SO,BAGUDO,BAGUDO,SOKOTO,20,629,R,700000
1796,SO,BAKURA,BAKURA,SOKOTO,20,524,E,500000
1797,SO,BINJI,BINJI,SOKOTO,20,524,E,500000
1810,SO,BINJI MAGAJI,BINJIMAGAJI,SOKOTO,20,629,R,700000
1811,SO,BIRNIN - KEBBI,BIRNINKEBBI,SOKOTO,20,629,R,700000
1798,SO,BODINGA,BODINGA,SOKOTO,20,524,E,500000
1813,SO,BUKKUYUM,BUKKUYUM,SOKOTO,20,629,R,700000
1814,SO,BUNGUDU,BUNGUDU,SOKOTO,20,629,R,700000
1815,SO,BUNZA,BUNZA,SOKOTO,20,629,R,700000
1816,SO,CHAFE,CHAFE,SOKOTO,20,629,R,700000
1817,SO,DAKINGARI,DAKINGARI,SOKOTO,20,629,R,700000
1818,SO,DANDI,DANDI,SOKOTO,20,629,R,700000
1819,SO,DANKARGAR,DANKARGAR,SOKOTO,20,629,R,700000
1820,SO,DANKO WASAGU,DANKOWASAGU,SOKOTO,20,629,R,700000
1821,SO,DIRIN DAJI,DIRINDAJI,SOKOTO,20,629,R,700000
1822,SO,DOGON DAJI,DOGONDAJI,SOKOTO,20,629,R,700000
1799,SO,DOOGON DAJI,DOOGONDAJI,SOKOTO,20,524,E,500000
1823,SO,DUKKU BARRACKS,DUKKUBARRACKS,SOKOTO,20,629,R,700000
1824,SO,FAKAI,FAKAI,SOKOTO,20,629,R,700000
1825,SO,GADA,GADA,SOKOTO,20,629,R,700000
1826,SO,gidan dawa,GIDANDAWA,SOKOTO,20,629,R,700000
1827,SO,GIDAN MADI,GIDANMADI,SOKOTO,20,629,R,700000
1800,SO,GORONYO,GORONYO,SOKOTO,20,524,E,500000
1828,SO,GUDU,GUDU,SOKOTO,20,629,R,700000
1829,SO,GUNMI,GUNMI,SOKOTO,20,629,R,700000
1801,SO,GWADABAWA,GWADABAWA,SOKOTO,20,524,E,500000
1830,SO,GWANDU,GWANDU,SOKOTO,20,629,R,700000
1831,SO,ILLELA,ILLELA,SOKOTO,20,629,R,700000
1832,SO,ISAH,ISAH,SOKOTO,20,629,R,700000
1833,SO,JEGA,JEGA,SOKOTO,20,629,R,700000
1834,SO,KALGO,KALGO,SOKOTO,20,629,R,700000
1835,SO,KAMBA,KAMBA,SOKOTO,20,629,R,700000
1836,SO,KANGIWA,KANGIWA,SOKOTO,20,629,R,700000
1837,SO,KAURA NAMODA,KAURANAMODA,SOKOTO,20,629,R,700000
1839,SO,KEBBE,KEBBE,SOKOTO,20,629,R,700000
1840,SO,KOKO,KOKO,SOKOTO,20,629,R,700000
1841,SO,KOKO KEBBI,KOKOKEBBI,SOKOTO,20,629,R,700000
1842,SO,kwatarakwashi,KWATARAKWASHI,SOKOTO,20,629,R,700000
1843,SO,MAIYAMA,MAIYAMA,SOKOTO,20,629,R,700000
1844,SO,MARADUN,MARADUN,SOKOTO,20,629,R,700000
1845,SO,MARU,MARU,SOKOTO,20,629,R,700000
1846,SO,NGASKI,NGASKI,SOKOTO,20,629,R,700000
1847,SO,RIBAH,RIBAH,SOKOTO,20,629,R,700000
1848,SO,SABON BIRNIN,SABONBIRNIN,SOKOTO,20,629,R,700000
1849,SO,sabon gida,SABONGIDA,SOKOTO,20,629,R,700000
1851,SO,SENCHI,SENCHI,SOKOTO,20,629,R,700000
1852,SO,SHINKAFI,SHINKAFI,SOKOTO,20,629,R,700000
1853,SO,SILAME,SILAME,SOKOTO,20,629,R,700000
1854,SO,TAGAZA,TAGAZA,SOKOTO,20,629,R,700000
1855,SO,TALATA MAFARA,TALATAMAFARA,SOKOTO,20,629,R,700000
1856,SO,TAMBAWAL,TAMBAWAL,SOKOTO,20,629,R,700000
1802,SO,TSAFE,TSAFE,SOKOTO,20,524,E,500000
1857,SO,WASAGU,WASAGU,SOKOTO,20,629,R,700000
1803,SO,WURNO,WURNO,SOKOTO,20,524,E,500000
1804,SO,YABO,YABO,SOKOTO,20,524,E,500000
1858,SO,YAURI,YAURI,SOKOTO,20,629,R,700000
1859,SO,ZAGGA,ZAGGA,SOKOTO,20,629,R,700000
1860,SO,ZURMI,ZURMI,SOKOTO,20,629,R,700000
1861,SO,ZURU,ZURU,SOKOTO,20,629,R,700000
