pincode,state_code,state,district,city,locality,office_name,is_remote,confidence,source_url
100006,LA,Lagos,Alimosho,Ikotun,Ikotun,Ikotun,true,MEDIUM,https://nigeriapostal.com/location/NG-Lagos/Alimosho
100233,LA,Lagos,Somolu,Somolu,Somolu,Somolu,true,MEDIUM,https://zipcodes.ng/shomolu/
100253,LA,Lagos,Mushin,Mushin,Mushin,Mushin,true,HIGH,https://zipcodes.ng/mushin/
100271,LA,Lagos,Ikeja,Ikeja,Ikeja,Ikeja,false,HIGH,https://zipcodes.ng/ikeja/
100283,LA,Lagos,Agege,Agege,Agege,Agege,true,HIGH,https://zipcodes.ng/agege/
101001,LA,Lagos,Lagos Island,Lagos Island,Lagos Island,Lagos Island,true,MEDIUM,https://nigeriapostal.com/location/NG-Lagos/Lagos%20Island
101004,LA,Lagos,Lagos Island,Lagos Island,Lagos Island,Lagos Island,true,MEDIUM,https://nigeriapostal.com/location/NG-Lagos/Lagos%20Island
101005,LA,Lagos,Lagos Island,Lagos Island,Lagos Island,Lagos Island,true,MEDIUM,https://nigeriapostal.com/location/NG-Lagos/Lagos%20Island
101006,LA,Lagos,Lagos Island,Lagos Island,Lagos Island,Lagos Island,true,MEDIUM,https://nigeriapostal.com/location/NG-Lagos/Lagos%20Island
101013,LA,Lagos,Lagos Mainland,Ebute Metta,Ebute Metta,Ebute Metta,true,MEDIUM,https://nigeriapostal.com/location/NG-Lagos/Lagos%20Mainland
101014,LA,Lagos,Surulere,Surulere,Surulere,Surulere,true,MEDIUM,https://nigeriapostal.com/location/NG-Lagos/Surulere
101016,LA,Lagos,Lagos Mainland,Ebute Metta,Ebute Metta,Ebute Metta,true,MEDIUM,https://nigeriapostal.com/location/NG-Lagos/Lagos%20Mainland
101018,LA,Lagos,Lagos Island,Lagos Island,Lagos Island,Lagos Island,true,MEDIUM,https://nigeriapostal.com/location/NG-Lagos/Lagos%20Island
101224,LA,Lagos,Oshodi-Isolo,Oshodi,Oshodi,Oshodi,true,HIGH,https://zipcodes.ng/oshodi-isolo/
101233,LA,Lagos,Eti-Osa,Ikoyi,Ikoyi,Ikoyi,true,HIGH,https://zipcodes.ng/eti-osa/
102102,LA,Lagos,Amuwo-Odofin,Festac Town,Festac Town,Festac Town,true,HIGH,https://zipcodes.ng/amuwo-odofin/
102103,LA,Lagos,Ajeromi-Ifelodun,Ajegunle,Ajegunle,Ajegunle,true,HIGH,https://zipcodes.ng/ajeromi-ifelodun/
102105,LA,Lagos,Ojo,Ojo,Ojo,Ojo,true,HIGH,https://zipcodes.ng/ojo/
102107,LA,Lagos,Ojo,Ojo,Ojo,Ojo,true,HIGH,https://zipcodes.ng/ojo/
102108,LA,Lagos,Ojo,Ojo,Ojo,Ojo,true,HIGH,https://zipcodes.ng/ojo/
102109,LA,Lagos,Ojo,Ojo,Ojo,Ojo,true,HIGH,https://zipcodes.ng/ojo/
102110,LA,Lagos,Ojo,Ojo,Ojo,Ojo,true,HIGH,https://zipcodes.ng/ojo/
102111,LA,Lagos,Ojo,Ojo,Ojo,Ojo,true,HIGH,https://zipcodes.ng/ojo/
102112,LA,Lagos,Ojo,Ojo,Ojo,Ojo,true,HIGH,https://zipcodes.ng/ojo/
102113,LA,Lagos,Ojo,Ojo,Ojo,Ojo,true,HIGH,https://zipcodes.ng/ojo/
102114,LA,Lagos,Ojo,Ojo,Ojo,Ojo,true,HIGH,https://zipcodes.ng/ojo/
102115,LA,Lagos,Ojo,Ojo,Ojo,Ojo,true,HIGH,https://zipcodes.ng/ojo/
102241,LA,Lagos,Apapa,Apapa,Apapa,Apapa,true,HIGH,https://zipcodes.ng/apapa/
103211,LA,Lagos,Badagry,Badagry,Badagry,Badagry,true,HIGH,https://zipcodes.ng/badargry/
103241,LA,Lagos,Badagry,Badagry,Badagry,Badagry,true,HIGH,https://zipcodes.ng/badargry/
103242,LA,Lagos,Badagry,Badagry,Badagry,Badagry,true,HIGH,https://zipcodes.ng/badargry/
103251,LA,Lagos,Badagry,Badagry,Badagry,Badagry,true,HIGH,https://zipcodes.ng/badargry/
103261,LA,Lagos,Badagry,Badagry,Badagry,Badagry,true,HIGH,https://zipcodes.ng/badargry/
104211,LA,Lagos,Ikorodu,Ikorodu,Ikorodu,Ikorodu,true,HIGH,https://zipcodes.ng/lkorodu/
104212,LA,Lagos,Ikorodu,Ikorodu,Ikorodu,Ikorodu,true,HIGH,https://zipcodes.ng/lkorodu/
104213,LA,Lagos,Ikorodu,Ikorodu,Ikorodu,Ikorodu,true,HIGH,https://zipcodes.ng/lkorodu/
104214,LA,Lagos,Ikorodu,Ikorodu,Ikorodu,Ikorodu,true,HIGH,https://zipcodes.ng/lkorodu/
104221,LA,Lagos,Ikorodu,Ikorodu,Ikorodu,Ikorodu,true,HIGH,https://zipcodes.ng/lkorodu/
104222,LA,Lagos,Ikorodu,Ikorodu,Ikorodu,Ikorodu,true,HIGH,https://zipcodes.ng/lkorodu/
104223,LA,Lagos,Ikorodu,Ikorodu,Ikorodu,Ikorodu,true,HIGH,https://zipcodes.ng/lkorodu/
104224,LA,Lagos,Ikorodu,Ikorodu,Ikorodu,Ikorodu,true,HIGH,https://zipcodes.ng/lkorodu/
104225,LA,Lagos,Ikorodu,Ikorodu,Ikorodu,Ikorodu,true,HIGH,https://zipcodes.ng/lkorodu/
104231,LA,Lagos,Ikorodu,Ikorodu,Ikorodu,Ikorodu,true,HIGH,https://zipcodes.ng/lkorodu/
104232,LA,Lagos,Ikorodu,Ikorodu,Ikorodu,Ikorodu,true,HIGH,https://zipcodes.ng/lkorodu/
104233,LA,Lagos,Ikorodu,Ikorodu,Ikorodu,Ikorodu,true,HIGH,https://zipcodes.ng/lkorodu/
105101,LA,Lagos,Ibeju-Lekki,Akodo,Akodo,Akodo,true,MEDIUM,https://zipcodes.ng/ibeju/
105102,LA,Lagos,Kosofe,Kosofe,Kosofe,Kosofe,true,HIGH,https://zipcodes.ng/kosofe/
106101,LA,Lagos,Epe,Epe,Epe,Epe,true,HIGH,https://zipcodes.ng/epe/
106102,LA,Lagos,Epe,Epe,Epe,Epe,true,HIGH,https://zipcodes.ng/epe/
106103,LA,Lagos,Epe,Epe,Epe,Epe,true,HIGH,https://zipcodes.ng/epe/
106104,LA,Lagos,Epe,Epe,Epe,Epe,true,HIGH,https://zipcodes.ng/epe/
110101,OG,Ogun,Abeokuta North,"Akomoje, Abeokuta","Akomoje, Abeokuta","Akomoje, Abeokuta",false,HIGH,https://zipcodes.ng/abeokuta/
110103,OG,Ogun,Abeokuta North,"Akomoje, Abeokuta","Akomoje, Abeokuta","Akomoje, Abeokuta",false,HIGH,https://zipcodes.ng/abeokuta/
110104,OG,Ogun,Obafemi Owode,Owode,Owode,Owode,true,HIGH,https://zipcodes.ng/obafemi-owode/
110105,OG,Ogun,Obafemi Owode,Owode,Owode,Owode,true,HIGH,https://zipcodes.ng/obafemi-owode/
110106,OG,Ogun,Obafemi Owode,Owode,Owode,Owode,true,HIGH,https://zipcodes.ng/obafemi-owode/
110107,OG,Ogun,Obafemi Owode,Owode,Owode,Owode,true,HIGH,https://zipcodes.ng/obafemi-owode/
110108,OG,Ogun,Obafemi Owode,Owode,Owode,Owode,true,HIGH,https://zipcodes.ng/obafemi-owode/
110109,OG,Ogun,Odeda,Odeda,Odeda,Odeda,true,HIGH,https://zipcodes.ng/odeda/
110110,OG,Ogun,Odeda,Odeda,Odeda,Odeda,true,HIGH,https://zipcodes.ng/odeda/
110111,OG,Ogun,Odeda,Odeda,Odeda,Odeda,true,HIGH,https://zipcodes.ng/odeda/
110112,OG,Ogun,Obafemi Owode,Owode,Owode,Owode,true,HIGH,https://zipcodes.ng/obafemi-owode/
110113,OG,Ogun,Obafemi Owode,Owode,Owode,Owode,true,HIGH,https://zipcodes.ng/obafemi-owode/
110114,OG,Ogun,Obafemi Owode,Owode,Owode,Owode,true,HIGH,https://zipcodes.ng/obafemi-owode/
110115,OG,Ogun,Obafemi Owode,Owode,Owode,Owode,true,HIGH,https://zipcodes.ng/obafemi-owode/
110116,OG,Ogun,Obafemi Owode,Owode,Owode,Owode,true,HIGH,https://zipcodes.ng/obafemi-owode/
110117,OG,Ogun,Obafemi Owode,Owode,Owode,Owode,true,HIGH,https://zipcodes.ng/obafemi-owode/
110118,OG,Ogun,Obafemi Owode,Owode,Owode,Owode,true,HIGH,https://zipcodes.ng/obafemi-owode/
110119,OG,Ogun,Odeda,Odeda,Odeda,Odeda,true,HIGH,https://zipcodes.ng/odeda/
110120,OG,Ogun,Odeda,Odeda,Odeda,Odeda,true,HIGH,https://zipcodes.ng/odeda/
110121,OG,Ogun,Odeda,Odeda,Odeda,Odeda,true,HIGH,https://zipcodes.ng/odeda/
110122,OG,Ogun,Odeda,Odeda,Odeda,Odeda,true,HIGH,https://zipcodes.ng/odeda/
110123,OG,Ogun,Odeda,Odeda,Odeda,Odeda,true,HIGH,https://zipcodes.ng/odeda/
110124,OG,Ogun,Odeda,Odeda,Odeda,Odeda,true,HIGH,https://zipcodes.ng/odeda/
110125,OG,Ogun,Odeda,Odeda,Odeda,Odeda,true,HIGH,https://zipcodes.ng/odeda/
110211,OG,Ogun,Abeokuta South,"Ake, Abeokuta","Ake, Abeokuta","Ake, Abeokuta",false,HIGH,https://zipcodes.ng/abeokuta-town/
110212,OG,Ogun,Abeokuta South,"Ake, Abeokuta","Ake, Abeokuta","Ake, Abeokuta",false,HIGH,https://zipcodes.ng/abeokuta-town/
110213,OG,Ogun,Abeokuta South,"Ake, Abeokuta","Ake, Abeokuta","Ake, Abeokuta",false,HIGH,https://zipcodes.ng/abeokuta-town/
110221,OG,Ogun,Abeokuta South,"Ake, Abeokuta","Ake, Abeokuta","Ake, Abeokuta",false,HIGH,https://zipcodes.ng/abeokuta-town/
110222,OG,Ogun,Abeokuta South,"Ake, Abeokuta","Ake, Abeokuta","Ake, Abeokuta",false,HIGH,https://zipcodes.ng/abeokuta-town/
110232,OG,Ogun,Abeokuta South,"Ake, Abeokuta","Ake, Abeokuta","Ake, Abeokuta",false,HIGH,https://zipcodes.ng/abeokuta-town/
110241,OG,Ogun,Abeokuta South,"Ake, Abeokuta","Ake, Abeokuta","Ake, Abeokuta",false,HIGH,https://zipcodes.ng/abeokuta-town/
110242,OG,Ogun,Abeokuta South,"Ake, Abeokuta","Ake, Abeokuta","Ake, Abeokuta",false,HIGH,https://zipcodes.ng/abeokuta-town/
110251,OG,Ogun,Abeokuta South,"Ake, Abeokuta","Ake, Abeokuta","Ake, Abeokuta",false,HIGH,https://zipcodes.ng/abeokuta-town/
110252,OG,Ogun,Abeokuta South,"Ake, Abeokuta","Ake, Abeokuta","Ake, Abeokuta",false,HIGH,https://zipcodes.ng/abeokuta-town/
110253,OG,Ogun,Abeokuta South,"Ake, Abeokuta","Ake, Abeokuta","Ake, Abeokuta",false,HIGH,https://zipcodes.ng/abeokuta-town/
110262,OG,Ogun,Abeokuta South,"Ake, Abeokuta","Ake, Abeokuta","Ake, Abeokuta",false,HIGH,https://zipcodes.ng/abeokuta-town/
110271,OG,Ogun,Abeokuta South,"Ake, Abeokuta","Ake, Abeokuta","Ake, Abeokuta",false,HIGH,https://zipcodes.ng/abeokuta-town/
110272,OG,Ogun,Abeokuta South,"Ake, Abeokuta","Ake, Abeokuta","Ake, Abeokuta",false,HIGH,https://zipcodes.ng/abeokuta-town/
110281,OG,Ogun,Abeokuta South,"Ake, Abeokuta","Ake, Abeokuta","Ake, Abeokuta",false,HIGH,https://zipcodes.ng/abeokuta-town/
110282,OG,Ogun,Abeokuta South,"Ake, Abeokuta","Ake, Abeokuta","Ake, Abeokuta",false,HIGH,https://zipcodes.ng/abeokuta-town/
111101,OG,Ogun,Yewa South,Ilaro,Ilaro,Ilaro,true,HIGH,https://zipcodes.ng/yewa-south/
111102,OG,Ogun,Yewa South,Ilaro,Ilaro,Ilaro,true,HIGH,https://zipcodes.ng/yewa-south/
111104,OG,Ogun,Imeko Afon,Imeko,Imeko,Imeko,true,HIGH,https://zipcodes.ng/imeko-afon/
111105,OG,Ogun,Yewa North,Ayetoro,Ayetoro,Ayetoro,true,HIGH,https://zipcodes.ng/yewa-north/
111106,OG,Ogun,Yewa North,Ayetoro,Ayetoro,Ayetoro,true,HIGH,https://zipcodes.ng/yewa-north/
111107,OG,Ogun,Imeko Afon,Imeko,Imeko,Imeko,true,HIGH,https://zipcodes.ng/imeko-afon/
111108,OG,Ogun,Yewa North,Ayetoro,Ayetoro,Ayetoro,true,HIGH,https://zipcodes.ng/yewa-north/
111109,OG,Ogun,Yewa North,Ayetoro,Ayetoro,Ayetoro,true,HIGH,https://zipcodes.ng/yewa-north/
112101,OG,Ogun,Ado-Odo/Ota,Ota,Ota,Ota,true,MEDIUM,https://zipcodes.ng/ado-odo-otta/
112102,OG,Ogun,Ado-Odo/Ota,Ota,Ota,Ota,true,MEDIUM,https://zipcodes.ng/ado-odo-otta/
112103,OG,Ogun,Ado-Odo/Ota,Ota,Ota,Ota,true,MEDIUM,https://zipcodes.ng/ado-odo-otta/
112104,OG,Ogun,Ifo,Ifo,Ifo,Ifo,true,HIGH,https://zipcodes.ng/ifo/
112105,OG,Ogun,Ifo,Ifo,Ifo,Ifo,true,HIGH,https://zipcodes.ng/ifo/
112106,OG,Ogun,Ewekoro,Itori,Itori,Itori,true,HIGH,https://zipcodes.ng/ewekoro/
112107,OG,Ogun,Ifo,Ifo,Ifo,Ifo,true,HIGH,https://zipcodes.ng/ifo/
112211,OG,Ogun,Sango Ota,Sango Ota,Sango Ota,Sango Ota,true,HIGH,https://zipcodes.ng/sango-ota/
112212,OG,Ogun,Sango Ota,Sango Ota,Sango Ota,Sango Ota,true,HIGH,https://zipcodes.ng/sango-ota/
112213,OG,Ogun,Sango Ota,Sango Ota,Sango Ota,Sango Ota,true,HIGH,https://zipcodes.ng/sango-ota/
112214,OG,Ogun,Sango Ota,Sango Ota,Sango Ota,Sango Ota,true,HIGH,https://zipcodes.ng/sango-ota/
112215,OG,Ogun,Sango Ota,Sango Ota,Sango Ota,Sango Ota,true,HIGH,https://zipcodes.ng/sango-ota/
112216,OG,Ogun,Sango Ota,Sango Ota,Sango Ota,Sango Ota,true,HIGH,https://zipcodes.ng/sango-ota/
112221,OG,Ogun,Sango Ota,Sango Ota,Sango Ota,Sango Ota,true,HIGH,https://zipcodes.ng/sango-ota/
112222,OG,Ogun,Sango Ota,Sango Ota,Sango Ota,Sango Ota,true,HIGH,https://zipcodes.ng/sango-ota/
112223,OG,Ogun,Sango Ota,Sango Ota,Sango Ota,Sango Ota,true,HIGH,https://zipcodes.ng/sango-ota/
112224,OG,Ogun,Sango Ota,Sango Ota,Sango Ota,Sango Ota,true,HIGH,https://zipcodes.ng/sango-ota/
112225,OG,Ogun,Sango Ota,Sango Ota,Sango Ota,Sango Ota,true,HIGH,https://zipcodes.ng/sango-ota/
112226,OG,Ogun,Sango Ota,Sango Ota,Sango Ota,Sango Ota,true,HIGH,https://zipcodes.ng/sango-ota/
112231,OG,Ogun,Sango Ota,Sango Ota,Sango Ota,Sango Ota,true,HIGH,https://zipcodes.ng/sango-ota/
112233,OG,Ogun,Sango Ota,Sango Ota,Sango Ota,Sango Ota,true,HIGH,https://zipcodes.ng/sango-ota/
112241,OG,Ogun,Sango Ota,Sango Ota,Sango Ota,Sango Ota,true,HIGH,https://zipcodes.ng/sango-ota/
112242,OG,Ogun,Sango Ota,Sango Ota,Sango Ota,Sango Ota,true,HIGH,https://zipcodes.ng/sango-ota/
112251,OG,Ogun,Sango Ota,Sango Ota,Sango Ota,Sango Ota,true,HIGH,https://zipcodes.ng/sango-ota/
112252,OG,Ogun,Sango Ota,Sango Ota,Sango Ota,Sango Ota,true,HIGH,https://zipcodes.ng/sango-ota/
112253,OG,Ogun,Sango Ota,Sango Ota,Sango Ota,Sango Ota,true,HIGH,https://zipcodes.ng/sango-ota/
112261,OG,Ogun,Sango Ota,Sango Ota,Sango Ota,Sango Ota,true,HIGH,https://zipcodes.ng/sango-ota/
112262,OG,Ogun,Sango Ota,Sango Ota,Sango Ota,Sango Ota,true,HIGH,https://zipcodes.ng/sango-ota/
112263,OG,Ogun,Sango Ota,Sango Ota,Sango Ota,Sango Ota,true,HIGH,https://zipcodes.ng/sango-ota/
112264,OG,Ogun,Sango Ota,Sango Ota,Sango Ota,Sango Ota,true,HIGH,https://zipcodes.ng/sango-ota/
112271,OG,Ogun,Sango Ota,Sango Ota,Sango Ota,Sango Ota,true,HIGH,https://zipcodes.ng/sango-ota/
112272,OG,Ogun,Sango Ota,Sango Ota,Sango Ota,Sango Ota,true,HIGH,https://zipcodes.ng/sango-ota/
120102,OG,Ogun,Ijebu North East,Atan/Ijebu North,Atan/Ijebu North,Atan/Ijebu North,true,HIGH,https://zipcodes.ng/ijebu-north-east-l-g-a-zip-codes/
120103,OG,Ogun,Odogbolu,Odogbolu,Odogbolu,Odogbolu,true,HIGH,https://zipcodes.ng/odogbolu-l-g-a-zip-codes/
120104,OG,Ogun,Odogbolu,Odogbolu,Odogbolu,Odogbolu,true,HIGH,https://zipcodes.ng/odogbolu-l-g-a-zip-codes/
120105,OG,Ogun,Ijebu North,Ijebu Igbo,Ijebu Igbo,Ijebu Igbo,true,HIGH,https://zipcodes.ng/ijebu-north/
120106,OG,Ogun,Ijebu North,Ijebu Igbo,Ijebu Igbo,Ijebu Igbo,true,HIGH,https://zipcodes.ng/ijebu-north/
120107,OG,Ogun,Ijebu North,Ijebu Igbo,Ijebu Igbo,Ijebu Igbo,true,HIGH,https://zipcodes.ng/ijebu-north/
120211,OG,Ogun,Ijebu Ode,Ijebu Ode,Ijebu Ode,Ijebu Ode,true,HIGH,https://zipcodes.ng/ijebu-ode-town/
120212,OG,Ogun,Ijebu Ode,Ijebu Ode,Ijebu Ode,Ijebu Ode,true,HIGH,https://zipcodes.ng/ijebu-ode-town/
120213,OG,Ogun,Ijebu Ode,Ijebu Ode,Ijebu Ode,Ijebu Ode,true,HIGH,https://zipcodes.ng/ijebu-ode-town/
120221,OG,Ogun,Ijebu Ode,Ijebu Ode,Ijebu Ode,Ijebu Ode,true,HIGH,https://zipcodes.ng/ijebu-ode-town/
120222,OG,Ogun,Ijebu Ode,Ijebu Ode,Ijebu Ode,Ijebu Ode,true,HIGH,https://zipcodes.ng/ijebu-ode-town/
120231,OG,Ogun,Ijebu Ode,Ijebu Ode,Ijebu Ode,Ijebu Ode,true,HIGH,https://zipcodes.ng/ijebu-ode-town/
120241,OG,Ogun,Ijebu Ode,Ijebu Ode,Ijebu Ode,Ijebu Ode,true,HIGH,https://zipcodes.ng/ijebu-ode-town/
120251,OG,Ogun,Ijebu Ode,Ijebu Ode,Ijebu Ode,Ijebu Ode,true,HIGH,https://zipcodes.ng/ijebu-ode-town/
120252,OG,Ogun,Ijebu Ode,Ijebu Ode,Ijebu Ode,Ijebu Ode,true,HIGH,https://zipcodes.ng/ijebu-ode-town/
120253,OG,Ogun,Ijebu Ode,Ijebu Ode,Ijebu Ode,Ijebu Ode,true,HIGH,https://zipcodes.ng/ijebu-ode-town/
120261,OG,Ogun,Ijebu Ode,Ijebu Ode,Ijebu Ode,Ijebu Ode,true,HIGH,https://zipcodes.ng/ijebu-ode-town/
120262,OG,Ogun,Ijebu Ode,Ijebu Ode,Ijebu Ode,Ijebu Ode,true,HIGH,https://zipcodes.ng/ijebu-ode-town/
120271,OG,Ogun,Ijebu Ode,Ijebu Ode,Ijebu Ode,Ijebu Ode,true,HIGH,https://zipcodes.ng/ijebu-ode-town/
120272,OG,Ogun,Ijebu Ode,Ijebu Ode,Ijebu Ode,Ijebu Ode,true,HIGH,https://zipcodes.ng/ijebu-ode-town/
120281,OG,Ogun,Ijebu Ode,Ijebu Ode,Ijebu Ode,Ijebu Ode,true,HIGH,https://zipcodes.ng/ijebu-ode-town/
120282,OG,Ogun,Ijebu Ode,Ijebu Ode,Ijebu Ode,Ijebu Ode,true,HIGH,https://zipcodes.ng/ijebu-ode-town/
121101,OG,Ogun,Sagamu,Sagamu,Sagamu,Sagamu,true,HIGH,https://zipcodes.ng/sagamu/
121102,OG,Ogun,Sagamu,Sagamu,Sagamu,Sagamu,true,HIGH,https://zipcodes.ng/sagamu/
121103,OG,Ogun,Ikenne,Ikenne,Ikenne,Ikenne,true,HIGH,https://zipcodes.ng/ikenne/
121104,OG,Ogun,Remo North,Isara Remo,Isara Remo,Isara Remo,true,HIGH,https://zipcodes.ng/remo-north/
122101,OG,Ogun,Ijebu East,Ogbere,Ogbere,Ogbere,true,HIGH,https://zipcodes.ng/ijebu-east/
122102,OG,Ogun,Ijebu East,Ogbere,Ogbere,Ogbere,true,HIGH,https://zipcodes.ng/ijebu-east/
122103,OG,Ogun,Ijebu East,Ogbere,Ogbere,Ogbere,true,HIGH,https://zipcodes.ng/ijebu-east/
122104,OG,Ogun,Ogun Waterside,Abigi,Abigi,Abigi,true,HIGH,https://zipcodes.ng/ogun-waterside/
122105,OG,Ogun,Ogun Waterside,Abigi,Abigi,Abigi,true,HIGH,https://zipcodes.ng/ogun-waterside/
122106,OG,Ogun,Ogun Waterside,Abigi,Abigi,Abigi,true,HIGH,https://zipcodes.ng/ogun-waterside/
122107,OG,Ogun,Ogun Waterside,Abigi,Abigi,Abigi,true,HIGH,https://zipcodes.ng/ogun-waterside/
200101,OY,Oyo,Lagelu,Iyana Offa,Iyana Offa,Iyana Offa,true,HIGH,https://zipcodes.ng/lagelu/
200102,OY,Oyo,Lagelu,Iyana Offa,Iyana Offa,Iyana Offa,true,HIGH,https://zipcodes.ng/lagelu/
200103,OY,Oyo,Lagelu,Iyana Offa,Iyana Offa,Iyana Offa,true,HIGH,https://zipcodes.ng/lagelu/
200104,OY,Oyo,Lagelu,Iyana Offa,Iyana Offa,Iyana Offa,true,HIGH,https://zipcodes.ng/lagelu/
200105,OY,Oyo,Lagelu,Iyana Offa,Iyana Offa,Iyana Offa,true,HIGH,https://zipcodes.ng/lagelu/
200106,OY,Oyo,Lagelu,Iyana Offa,Iyana Offa,Iyana Offa,true,HIGH,https://zipcodes.ng/lagelu/
200107,OY,Oyo,Lagelu,Iyana Offa,Iyana Offa,Iyana Offa,true,HIGH,https://zipcodes.ng/lagelu/
200108,OY,Oyo,Lagelu,Iyana Offa,Iyana Offa,Iyana Offa,true,HIGH,https://zipcodes.ng/lagelu/
200109,OY,Oyo,Egbeda,Egbeda,Egbeda,Egbeda,true,HIGH,https://zipcodes.ng/egbeda/
200110,OY,Oyo,Egbeda,Egbeda,Egbeda,Egbeda,true,HIGH,https://zipcodes.ng/egbeda/
200111,OY,Oyo,Egbeda,Egbeda,Egbeda,Egbeda,true,HIGH,https://zipcodes.ng/egbeda/
200112,OY,Oyo,Egbeda,Egbeda,Egbeda,Egbeda,true,HIGH,https://zipcodes.ng/egbeda/
200113,OY,Oyo,Egbeda,Egbeda,Egbeda,Egbeda,true,HIGH,https://zipcodes.ng/egbeda/
200114,OY,Oyo,Egbeda,Egbeda,Egbeda,Egbeda,true,HIGH,https://zipcodes.ng/egbeda/
200129,OY,Oyo,Ido,ido,ido,ido,true,HIGH,https://zipcodes.ng/ido/
200130,OY,Oyo,Ido,ido,ido,ido,true,HIGH,https://zipcodes.ng/ido/
200131,OY,Oyo,Ido,ido,ido,ido,true,HIGH,https://zipcodes.ng/ido/
200132,OY,Oyo,Akinyele,moniya,moniya,moniya,true,MEDIUM,https://zipcodes.ng/akinyle/
200133,OY,Oyo,Akinyele,moniya,moniya,moniya,true,MEDIUM,https://zipcodes.ng/akinyle/
200134,OY,Oyo,Akinyele,moniya,moniya,moniya,true,MEDIUM,https://zipcodes.ng/akinyle/
200135,OY,Oyo,Akinyele,moniya,moniya,moniya,true,MEDIUM,https://zipcodes.ng/akinyle/
200136,OY,Oyo,Akinyele,moniya,moniya,moniya,true,MEDIUM,https://zipcodes.ng/akinyle/
200137,OY,Oyo,Akinyele,moniya,moniya,moniya,true,MEDIUM,https://zipcodes.ng/akinyle/
200138,OY,Oyo,Akinyele,moniya,moniya,moniya,true,MEDIUM,https://zipcodes.ng/akinyle/
200139,OY,Oyo,Akinyele,moniya,moniya,moniya,true,MEDIUM,https://zipcodes.ng/akinyle/
200140,OY,Oyo,Akinyele,moniya,moniya,moniya,true,MEDIUM,https://zipcodes.ng/akinyle/
201101,OY,Oyo,Ibarapa East,Eruwa,Eruwa,Eruwa,true,HIGH,https://zipcodes.ng/ibarapa-east/
201102,OY,Oyo,Ibarapa East,Eruwa,Eruwa,Eruwa,true,HIGH,https://zipcodes.ng/ibarapa-east/
201103,OY,Oyo,Ibarapa Central,Igbo Ora,Igbo Ora,Igbo Ora,true,HIGH,https://zipcodes.ng/ibarapa-central/
201104,OY,Oyo,Ibarapa Central,Igbo Ora,Igbo Ora,Igbo Ora,true,HIGH,https://zipcodes.ng/ibarapa-central/
202002,OY,Oyo,Kajola,Okeho,Okeho,Okeho,true,MEDIUM,https://nigeriapostal.com/location/NG-Oyo/Kajola
202101,OY,Oyo,Iseyin,Iseyin,Iseyin,Iseyin,true,HIGH,https://zipcodes.ng/iseyin/
202102,OY,Oyo,Iseyin,Iseyin,Iseyin,Iseyin,true,HIGH,https://zipcodes.ng/iseyin/
202103,OY,Oyo,Iseyin,Iseyin,Iseyin,Iseyin,true,HIGH,https://zipcodes.ng/iseyin/
202104,OY,Oyo,Itesiwaju,Otu,Otu,Otu,true,HIGH,https://zipcodes.ng/itesiwaju/
202105,OY,Oyo,Itesiwaju,Otu,Otu,Otu,true,HIGH,https://zipcodes.ng/itesiwaju/
202106,OY,Oyo,Itesiwaju,Otu,Otu,Otu,true,HIGH,https://zipcodes.ng/itesiwaju/
202107,OY,Oyo,Kajola,Okeho,Okeho,Okeho,true,MEDIUM,https://nigeriapostal.com/location/NG-Oyo/Kajola
202108,OY,Oyo,Kajola,Okeho,Okeho,Okeho,true,MEDIUM,https://nigeriapostal.com/location/NG-Oyo/Kajola
202110,OY,Oyo,Iwajowa,Iwere-Ile,Iwere-Ile,Iwere-Ile,true,HIGH,https://zipcodes.ng/iwajowa/
202111,OY,Oyo,Iwajowa,Iwere-Ile,Iwere-Ile,Iwere-Ile,true,HIGH,https://zipcodes.ng/iwajowa/
202112,OY,Oyo,Iwajowa,Iwere-Ile,Iwere-Ile,Iwere-Ile,true,HIGH,https://zipcodes.ng/iwajowa/
202113,OY,Oyo,Iwajowa,Iwere-Ile,Iwere-Ile,Iwere-Ile,true,HIGH,https://zipcodes.ng/iwajowa/
202114,OY,Oyo,Iwajowa,Iwere-Ile,Iwere-Ile,Iwere-Ile,true,HIGH,https://zipcodes.ng/iwajowa/
202115,OY,Oyo,Iwajowa,Iwere-Ile,Iwere-Ile,Iwere-Ile,true,HIGH,https://zipcodes.ng/iwajowa/
202116,OY,Oyo,Iwajowa,Iwere-Ile,Iwere-Ile,Iwere-Ile,true,HIGH,https://zipcodes.ng/iwajowa/
203101,OY,Oyo,Saki West,Saki,Saki,Saki,true,HIGH,https://zipcodes.ng/saki-west/
203102,OY,Oyo,Saki East,Ago-Amodu,Ago-Amodu,Ago-Amodu,true,HIGH,https://zipcodes.ng/saki-east/
203103,OY,Oyo,Saki East,Ago-Amodu,Ago-Amodu,Ago-Amodu,true,HIGH,https://zipcodes.ng/saki-east/
203104,OY,Oyo,Atisbo,Tede,Tede,Tede,true,HIGH,https://zipcodes.ng/atisbo/
203105,OY,Oyo,Atisbo,Tede,Tede,Tede,true,HIGH,https://zipcodes.ng/atisbo/
203106,OY,Oyo,Atisbo,Tede,Tede,Tede,true,HIGH,https://zipcodes.ng/atisbo/
203107,OY,Oyo,Saki East,Ago-Amodu,Ago-Amodu,Ago-Amodu,true,HIGH,https://zipcodes.ng/saki-east/
203108,OY,Oyo,Saki East,Ago-Amodu,Ago-Amodu,Ago-Amodu,true,HIGH,https://zipcodes.ng/saki-east/
203109,OY,Oyo,Saki East,Ago-Amodu,Ago-Amodu,Ago-Amodu,true,HIGH,https://zipcodes.ng/saki-east/
210102,OY,Oyo,Surulere,Surulere,Surulere,Surulere,true,HIGH,https://zipcodes.ng/surulere-2/
210103,OY,Oyo,Surulere,Surulere,Surulere,Surulere,true,HIGH,https://zipcodes.ng/surulere-2/
210104,OY,Oyo,Surulere,Surulere,Surulere,Surulere,true,HIGH,https://zipcodes.ng/surulere-2/
210105,OY,Oyo,Surulere,Surulere,Surulere,Surulere,true,HIGH,https://zipcodes.ng/surulere-2/
210211,OY,Oyo,Ogbomosho North,Sabo,Sabo,Sabo,true,HIGH,https://zipcodes.ng/ogbomosho-north/
210212,OY,Oyo,Ogbomosho North,Sabo,Sabo,Sabo,true,HIGH,https://zipcodes.ng/ogbomosho-north/
210213,OY,Oyo,Ogbomosho North,Sabo,Sabo,Sabo,true,HIGH,https://zipcodes.ng/ogbomosho-north/
210214,OY,Oyo,Ogbomosho North,Sabo,Sabo,Sabo,true,HIGH,https://zipcodes.ng/ogbomosho-north/
210221,OY,Oyo,Ogbomosho North,Sabo,Sabo,Sabo,true,HIGH,https://zipcodes.ng/ogbomosho-north/
210222,OY,Oyo,Ogbomosho North,Sabo,Sabo,Sabo,true,HIGH,https://zipcodes.ng/ogbomosho-north/
210231,OY,Oyo,Ogbomosho North,Sabo,Sabo,Sabo,true,HIGH,https://zipcodes.ng/ogbomosho-north/
210232,OY,Oyo,Ogbomosho North,Sabo,Sabo,Sabo,true,HIGH,https://zipcodes.ng/ogbomosho-north/
210241,OY,Oyo,Ogbomosho North,Sabo,Sabo,Sabo,true,HIGH,https://zipcodes.ng/ogbomosho-north/
210242,OY,Oyo,Ogbomosho North,Sabo,Sabo,Sabo,true,HIGH,https://zipcodes.ng/ogbomosho-north/
210251,OY,Oyo,Ogbomosho North,Sabo,Sabo,Sabo,true,HIGH,https://zipcodes.ng/ogbomosho-north/
210252,OY,Oyo,Ogbomosho North,Sabo,Sabo,Sabo,true,HIGH,https://zipcodes.ng/ogbomosho-north/
210261,OY,Oyo,Ogbomosho North,Sabo,Sabo,Sabo,true,HIGH,https://zipcodes.ng/ogbomosho-north/
210262,OY,Oyo,Ogbomosho North,Sabo,Sabo,Sabo,true,HIGH,https://zipcodes.ng/ogbomosho-north/
210271,OY,Oyo,Ogbomosho North,Sabo,Sabo,Sabo,true,HIGH,https://zipcodes.ng/ogbomosho-north/
211001,OY,Oyo,Oyo West,Ojongbodu,Ojongbodu,Ojongbodu,true,MEDIUM,https://nigeriapostal.com/location/NG-Oyo/Oyo%20West
211003,OY,Oyo,Oyo West,Ojongbodu,Ojongbodu,Ojongbodu,true,MEDIUM,https://nigeriapostal.com/location/NG-Oyo/Oyo%20West
211102,OY,Oyo,Afijio,Jobele,Jobele,Jobele,true,HIGH,https://zipcodes.ng/afijio/
211103,OY,Oyo,Afijio,Jobele,Jobele,Jobele,true,HIGH,https://zipcodes.ng/afijio/
211104,OY,Oyo,Afijio,Jobele,Jobele,Jobele,true,HIGH,https://zipcodes.ng/afijio/
211105,OY,Oyo,Afijio,Jobele,Jobele,Jobele,true,HIGH,https://zipcodes.ng/afijio/
211106,OY,Oyo,Afijio,Jobele,Jobele,Jobele,true,HIGH,https://zipcodes.ng/afijio/
211107,OY,Oyo,Afijio,Jobele,Jobele,Jobele,true,HIGH,https://zipcodes.ng/afijio/
211108,OY,Oyo,Atiba,Ofa Meta,Ofa Meta,Ofa Meta,true,HIGH,https://zipcodes.ng/atiba/
211172,OY,Oyo,Oyo East,Kosobo,Kosobo,Kosobo,true,MEDIUM,https://zipcodes.ng/oyo-east-west/
211212,OY,Oyo,Oyo East,Kosobo,Kosobo,Kosobo,true,MEDIUM,https://zipcodes.ng/oyo-east-west/
211213,OY,Oyo,Oyo East,Kosobo,Kosobo,Kosobo,true,MEDIUM,https://zipcodes.ng/oyo-east-west/
211214,OY,Oyo,Oyo East,Kosobo,Kosobo,Kosobo,true,MEDIUM,https://zipcodes.ng/oyo-east-west/
211215,OY,Oyo,Oyo East,Kosobo,Kosobo,Kosobo,true,MEDIUM,https://zipcodes.ng/oyo-east-west/
211221,OY,Oyo,Oyo East,Kosobo,Kosobo,Kosobo,true,MEDIUM,https://zipcodes.ng/oyo-east-west/
211222,OY,Oyo,Oyo East,Kosobo,Kosobo,Kosobo,true,MEDIUM,https://zipcodes.ng/oyo-east-west/
211223,OY,Oyo,Oyo East,Kosobo,Kosobo,Kosobo,true,MEDIUM,https://zipcodes.ng/oyo-east-west/
211224,OY,Oyo,Oyo East,Kosobo,Kosobo,Kosobo,true,MEDIUM,https://zipcodes.ng/oyo-east-west/
211225,OY,Oyo,Oyo East,Kosobo,Kosobo,Kosobo,true,MEDIUM,https://zipcodes.ng/oyo-east-west/
211231,OY,Oyo,Oyo East,Kosobo,Kosobo,Kosobo,true,MEDIUM,https://zipcodes.ng/oyo-east-west/
211232,OY,Oyo,Oyo East,Kosobo,Kosobo,Kosobo,true,MEDIUM,https://zipcodes.ng/oyo-east-west/
211233,OY,Oyo,Oyo East,Kosobo,Kosobo,Kosobo,true,MEDIUM,https://zipcodes.ng/oyo-east-west/
211241,OY,Oyo,Oyo East,Kosobo,Kosobo,Kosobo,true,MEDIUM,https://zipcodes.ng/oyo-east-west/
211242,OY,Oyo,Oyo East,Kosobo,Kosobo,Kosobo,true,MEDIUM,https://zipcodes.ng/oyo-east-west/
211251,OY,Oyo,Oyo East,Kosobo,Kosobo,Kosobo,true,MEDIUM,https://zipcodes.ng/oyo-east-west/
211252,OY,Oyo,Oyo East,Kosobo,Kosobo,Kosobo,true,MEDIUM,https://zipcodes.ng/oyo-east-west/
211261,OY,Oyo,Oyo East,Kosobo,Kosobo,Kosobo,true,MEDIUM,https://zipcodes.ng/oyo-east-west/
211271,OY,Oyo,Oyo East,Kosobo,Kosobo,Kosobo,true,MEDIUM,https://zipcodes.ng/oyo-east-west/
211273,OY,Oyo,Oyo East,Kosobo,Kosobo,Kosobo,true,MEDIUM,https://zipcodes.ng/oyo-east-west/
212101,OY,Oyo,Irepo,Kisi,Kisi,Kisi,true,HIGH,https://zipcodes.ng/irepo/
212102,OY,Oyo,Olorunsogo,Igbeti,Igbeti,Igbeti,true,HIGH,https://zipcodes.ng/olorunsogo/
212103,OY,Oyo,Orelope,Igboho,Igboho,Igboho,true,HIGH,https://zipcodes.ng/orelope/
212104,OY,Oyo,Orelope,Igboho,Igboho,Igboho,true,HIGH,https://zipcodes.ng/orelope/
220001,OS,Osun,Ife East,Oke Ogbo,Oke Ogbo,Oke Ogbo,true,MEDIUM,https://nigeriapostal.com/location/NG-Osun/Ife%20East
220108,OS,Osun,Ife South,Ifetedo,Ifetedo,Ifetedo,true,HIGH,https://zipcodes.ng/ife-south/
220109,OS,Osun,Ife South,Ifetedo,Ifetedo,Ifetedo,true,HIGH,https://zipcodes.ng/ife-south/
220110,OS,Osun,Ife South,Ifetedo,Ifetedo,Ifetedo,true,HIGH,https://zipcodes.ng/ife-south/
220111,OS,Osun,Ife South,Ifetedo,Ifetedo,Ifetedo,true,HIGH,https://zipcodes.ng/ife-south/
220112,OS,Osun,Ife South,Ifetedo,Ifetedo,Ifetedo,true,HIGH,https://zipcodes.ng/ife-south/
220113,OS,Osun,Ife South,Ifetedo,Ifetedo,Ifetedo,true,HIGH,https://zipcodes.ng/ife-south/
220114,OS,Osun,Ife South,Ifetedo,Ifetedo,Ifetedo,true,HIGH,https://zipcodes.ng/ife-south/
220115,OS,Osun,Ife South,Ifetedo,Ifetedo,Ifetedo,true,HIGH,https://zipcodes.ng/ife-south/
220211,OS,Osun,Ife Central,Ajebamidele,Ajebamidele,Ajebamidele,true,MEDIUM,https://nigeriapostal.com/location/NG-Osun/Ife%20Central
220212,OS,Osun,Ife Central,Ajebamidele,Ajebamidele,Ajebamidele,true,MEDIUM,https://nigeriapostal.com/location/NG-Osun/Ife%20Central
220311,OS,Osun,Ife North,Ipetumodu,Ipetumodu,Ipetumodu,true,HIGH,https://zipcodes.ng/ipetumodu/
220321,OS,Osun,Ife North,Ipetumodu,Ipetumodu,Ipetumodu,true,HIGH,https://zipcodes.ng/ipetumodu/
220341,OS,Osun,Ife North,Ipetumodu,Ipetumodu,Ipetumodu,true,HIGH,https://zipcodes.ng/ipetumodu/
220351,OS,Osun,Ife North,Ipetumodu,Ipetumodu,Ipetumodu,true,HIGH,https://zipcodes.ng/ipetumodu/
220371,OS,Osun,Ife North,Ipetumodu,Ipetumodu,Ipetumodu,true,HIGH,https://zipcodes.ng/ipetumodu/
220381,OS,Osun,Ife North,Ipetumodu,Ipetumodu,Ipetumodu,true,HIGH,https://zipcodes.ng/ipetumodu/
221101,OS,Osun,Aiyedade,Gbongan,Gbongan,Gbongan,true,HIGH,https://zipcodes.ng/aiyedade/
221102,OS,Osun,Aiyedade,Gbongan,Gbongan,Gbongan,true,HIGH,https://zipcodes.ng/aiyedade/
221103,OS,Osun,Aiyedade,Gbongan,Gbongan,Gbongan,true,HIGH,https://zipcodes.ng/aiyedade/
221104,OS,Osun,Irewole,Ikire,Ikire,Ikire,true,HIGH,https://zipcodes.ng/irewole/
221105,OS,Osun,Isokan,Apomu,Apomu,Apomu,true,HIGH,https://zipcodes.ng/isokan/
221106,OS,Osun,Isokan,Apomu,Apomu,Apomu,true,HIGH,https://zipcodes.ng/isokan/
230102,OS,Osun,Orolu,Ifon-Osun,Ifon-Osun,Ifon-Osun,true,HIGH,https://zipcodes.ng/orolu/
230103,OS,Osun,Irepodun,Ilobu,Ilobu,Ilobu,true,HIGH,https://zipcodes.ng/irepodun/
230104,OS,Osun,Irepodun,Ilobu,Ilobu,Ilobu,true,HIGH,https://zipcodes.ng/irepodun/
230105,OS,Osun,Olorunda,Igbona,Igbona,Igbona,true,HIGH,https://zipcodes.ng/olorunda/
230211,OS,Osun,Osogbo,Osogbo,Osogbo,Osogbo,false,MEDIUM,https://zipcodes.ng/oshogbo/
230212,OS,Osun,Osogbo,Osogbo,Osogbo,Osogbo,false,MEDIUM,https://zipcodes.ng/oshogbo/
230221,OS,Osun,Osogbo,Osogbo,Osogbo,Osogbo,false,MEDIUM,https://zipcodes.ng/oshogbo/
230222,OS,Osun,Osogbo,Osogbo,Osogbo,Osogbo,false,MEDIUM,https://zipcodes.ng/oshogbo/
230231,OS,Osun,Osogbo,Osogbo,Osogbo,Osogbo,false,MEDIUM,https://zipcodes.ng/oshogbo/
230232,OS,Osun,Osogbo,Osogbo,Osogbo,Osogbo,false,MEDIUM,https://zipcodes.ng/oshogbo/
230261,OS,Osun,Osogbo,Osogbo,Osogbo,Osogbo,false,MEDIUM,https://zipcodes.ng/oshogbo/
230262,OS,Osun,Osogbo,Osogbo,Osogbo,Osogbo,false,MEDIUM,https://zipcodes.ng/oshogbo/
230263,OS,Osun,Osogbo,Osogbo,Osogbo,Osogbo,false,MEDIUM,https://zipcodes.ng/oshogbo/
230271,OS,Osun,Osogbo,Osogbo,Osogbo,Osogbo,false,MEDIUM,https://zipcodes.ng/oshogbo/
230281,OS,Osun,Osogbo,Osogbo,Osogbo,Osogbo,false,MEDIUM,https://zipcodes.ng/oshogbo/
230282,OS,Osun,Osogbo,Osogbo,Osogbo,Osogbo,false,MEDIUM,https://zipcodes.ng/oshogbo/
230283,OS,Osun,Osogbo,Osogbo,Osogbo,Osogbo,false,MEDIUM,https://zipcodes.ng/oshogbo/
230284,OS,Osun,Osogbo,Osogbo,Osogbo,Osogbo,false,MEDIUM,https://zipcodes.ng/oshogbo/
231101,OS,Osun,Odo Otin,Okuku,Okuku,Okuku,true,HIGH,https://zipcodes.ng/odo-otin/
231102,OS,Osun,Odo Otin,Okuku,Okuku,Okuku,true,HIGH,https://zipcodes.ng/odo-otin/
231103,OS,Osun,Odo Otin,Okuku,Okuku,Okuku,true,HIGH,https://zipcodes.ng/odo-otin/
231104,OS,Osun,Odo Otin,Okuku,Okuku,Okuku,true,HIGH,https://zipcodes.ng/odo-otin/
231105,OS,Osun,Odo Otin,Okuku,Okuku,Okuku,true,HIGH,https://zipcodes.ng/odo-otin/
231106,OS,Osun,Odo Otin,Okuku,Okuku,Okuku,true,HIGH,https://zipcodes.ng/odo-otin/
231107,OS,Osun,Odo Otin,Okuku,Okuku,Okuku,true,HIGH,https://zipcodes.ng/odo-otin/
231108,OS,Osun,Ifelodun,Ikirun,Ikirun,Ikirun,true,HIGH,https://zipcodes.ng/ifelodun/
231109,OS,Osun,Ifelodun,Ikirun,Ikirun,Ikirun,true,HIGH,https://zipcodes.ng/ifelodun/
231110,OS,Osun,Ifelodun,Ikirun,Ikirun,Ikirun,true,HIGH,https://zipcodes.ng/ifelodun/
231111,OS,Osun,Ifelodun,Ikirun,Ikirun,Ikirun,true,HIGH,https://zipcodes.ng/ifelodun/
231112,OS,Osun,Boripe,Iragbiji,Iragbiji,Iragbiji,true,HIGH,https://zipcodes.ng/boripe/
231113,OS,Osun,Boripe,Iragbiji,Iragbiji,Iragbiji,true,HIGH,https://zipcodes.ng/boripe/
231114,OS,Osun,Boripe,Iragbiji,Iragbiji,Iragbiji,true,HIGH,https://zipcodes.ng/boripe/
231115,OS,Osun,Boripe,Iragbiji,Iragbiji,Iragbiji,true,HIGH,https://zipcodes.ng/boripe/
231116,OS,Osun,Boluwaduro,Otan Ayegbaju,Otan Ayegbaju,Otan Ayegbaju,true,HIGH,https://zipcodes.ng/boluwaduro/
231117,OS,Osun,Boluwaduro,Otan Ayegbaju,Otan Ayegbaju,Otan Ayegbaju,true,HIGH,https://zipcodes.ng/boluwaduro/
231118,OS,Osun,Boluwaduro,Otan Ayegbaju,Otan Ayegbaju,Otan Ayegbaju,true,HIGH,https://zipcodes.ng/boluwaduro/
231119,OS,Osun,Ifelodun,Ikirun,Ikirun,Ikirun,true,HIGH,https://zipcodes.ng/ifelodun/
232005,OS,Osun,Iwo,Iwo,Iwo,Iwo,true,MEDIUM,https://nigeriapostal.com/location/NG-Osun/Iwo
232015,OS,Osun,Aiyedire,Ile Ogbo,Ile Ogbo,Ile Ogbo,true,HIGH,https://zipcodes.ng/aiyedire/
232105,OS,Osun,Egbedore,Awo,Awo,Awo,true,HIGH,https://zipcodes.ng/egberedore/
232108,OS,Osun,Egbedore,Awo,Awo,Awo,true,HIGH,https://zipcodes.ng/egberedore/
232112,OS,Osun,Ola Oluwa,Bode Osi,Bode Osi,Bode Osi,true,HIGH,https://zipcodes.ng/ola-oluwa/
232113,OS,Osun,Ola Oluwa,Bode Osi,Bode Osi,Bode Osi,true,HIGH,https://zipcodes.ng/ola-oluwa/
232114,OS,Osun,Ola Oluwa,Bode Osi,Bode Osi,Bode Osi,true,HIGH,https://zipcodes.ng/ola-oluwa/
232115,OS,Osun,Ola Oluwa,Bode Osi,Bode Osi,Bode Osi,true,HIGH,https://zipcodes.ng/ola-oluwa/
232116,OS,Osun,Ejigbo,Ejigbo,Ejigbo,Ejigbo,true,HIGH,https://zipcodes.ng/ejigbo-l-g-a-zip-codes/
232117,OS,Osun,Ejigbo,Ejigbo,Ejigbo,Ejigbo,true,HIGH,https://zipcodes.ng/ejigbo-l-g-a-zip-codes/
232118,OS,Osun,Ejigbo,Ejigbo,Ejigbo,Ejigbo,true,HIGH,https://zipcodes.ng/ejigbo-l-g-a-zip-codes/
232119,OS,Osun,Ejigbo,Ejigbo,Ejigbo,Ejigbo,true,HIGH,https://zipcodes.ng/ejigbo-l-g-a-zip-codes/
233110,OS,Osun,Atakumosa East,Iperindo,Iperindo,Iperindo,true,MEDIUM,https://zipcodes.ng/atakunmosa-east/
233111,OS,Osun,Atakumosa East,Iperindo,Iperindo,Iperindo,true,MEDIUM,https://zipcodes.ng/atakunmosa-east/
233112,OS,Osun,Atakumosa East,Iperindo,Iperindo,Iperindo,true,MEDIUM,https://zipcodes.ng/atakunmosa-east/
233113,OS,Osun,Atakumosa East,Iperindo,Iperindo,Iperindo,true,MEDIUM,https://zipcodes.ng/atakunmosa-east/
233114,OS,Osun,Oriade,Ijebu-Junction,Ijebu-Junction,Ijebu-Junction,true,HIGH,https://zipcodes.ng/oriade/
233115,OS,Osun,Oriade,Ijebu-Junction,Ijebu-Junction,Ijebu-Junction,true,HIGH,https://zipcodes.ng/oriade/
233116,OS,Osun,Oriade,Ijebu-Junction,Ijebu-Junction,Ijebu-Junction,true,HIGH,https://zipcodes.ng/oriade/
233117,OS,Osun,Oriade,Ijebu-Junction,Ijebu-Junction,Ijebu-Junction,true,HIGH,https://zipcodes.ng/oriade/
233118,OS,Osun,Oriade,Ijebu-Junction,Ijebu-Junction,Ijebu-Junction,true,HIGH,https://zipcodes.ng/oriade/
233119,OS,Osun,Oriade,Ijebu-Junction,Ijebu-Junction,Ijebu-Junction,true,HIGH,https://zipcodes.ng/oriade/
233120,OS,Osun,Oriade,Ijebu-Junction,Ijebu-Junction,Ijebu-Junction,true,HIGH,https://zipcodes.ng/oriade/
233121,OS,Osun,Oriade,Ijebu-Junction,Ijebu-Junction,Ijebu-Junction,true,HIGH,https://zipcodes.ng/oriade/
233122,OS,Osun,Obokun,Ibokun,Ibokun,Ibokun,true,HIGH,https://zipcodes.ng/ibokun/
233123,OS,Osun,Obokun,Ibokun,Ibokun,Ibokun,true,HIGH,https://zipcodes.ng/ibokun/
233124,OS,Osun,Obokun,Ibokun,Ibokun,Ibokun,true,HIGH,https://zipcodes.ng/ibokun/
233125,OS,Osun,Obokun,Ibokun,Ibokun,Ibokun,true,HIGH,https://zipcodes.ng/ibokun/
233126,OS,Osun,Obokun,Ibokun,Ibokun,Ibokun,true,HIGH,https://zipcodes.ng/ibokun/
233127,OS,Osun,Obokun,Ibokun,Ibokun,Ibokun,true,HIGH,https://zipcodes.ng/ibokun/
233128,OS,Osun,Obokun,Ibokun,Ibokun,Ibokun,true,HIGH,https://zipcodes.ng/ibokun/
233129,OS,Osun,Obokun,Ibokun,Ibokun,Ibokun,true,HIGH,https://zipcodes.ng/ibokun/
233130,OS,Osun,Obokun,Ibokun,Ibokun,Ibokun,true,HIGH,https://zipcodes.ng/ibokun/
234101,OS,Osun,Ila,Ila Orangun,Ila Orangun,Ila Orangun,true,HIGH,https://zipcodes.ng/ila/
234102,OS,Osun,Ifedayo,Ifedayo,Ifedayo,Ifedayo,true,HIGH,https://zipcodes.ng/ifedayo/
234103,OS,Osun,Ifedayo,Ifedayo,Ifedayo,Ifedayo,true,HIGH,https://zipcodes.ng/ifedayo/
240005,KW,Kwara,Ilorin West,Oja Oba,Oja Oba,Oja Oba,false,MEDIUM,https://nigeriapostal.com/location/NG-Kwara/Ilorin%20West
240006,KW,Kwara,Ilorin West,Oja Oba,Oja Oba,Oja Oba,false,MEDIUM,https://nigeriapostal.com/location/NG-Kwara/Ilorin%20West
240008,KW,Kwara,Ilorin West,Oja Oba,Oja Oba,Oja Oba,false,MEDIUM,https://nigeriapostal.com/location/NG-Kwara/Ilorin%20West
240104,KW,Kwara,Asa,Afon,Afon,Afon,true,HIGH,https://zipcodes.ng/asa/
240105,KW,Kwara,Asa,Afon,Afon,Afon,true,HIGH,https://zipcodes.ng/asa/
240106,KW,Kwara,Asa,Afon,Afon,Afon,true,HIGH,https://zipcodes.ng/asa/
240213,KW,Kwara,Ilorin East,Oke-Oyi,Oke-Oyi,Oke-Oyi,false,MEDIUM,https://zipcodes.ng/ilorin-east-west-south/
240221,KW,Kwara,Ilorin East,Oke-Oyi,Oke-Oyi,Oke-Oyi,false,MEDIUM,https://zipcodes.ng/ilorin-east-west-south/
240222,KW,Kwara,Ilorin East,Oke-Oyi,Oke-Oyi,Oke-Oyi,false,MEDIUM,https://zipcodes.ng/ilorin-east-west-south/
240223,KW,Kwara,Ilorin East,Oke-Oyi,Oke-Oyi,Oke-Oyi,false,MEDIUM,https://zipcodes.ng/ilorin-east-west-south/
240231,KW,Kwara,Ilorin East,Oke-Oyi,Oke-Oyi,Oke-Oyi,false,MEDIUM,https://zipcodes.ng/ilorin-east-west-south/
240232,KW,Kwara,Ilorin East,Oke-Oyi,Oke-Oyi,Oke-Oyi,false,MEDIUM,https://zipcodes.ng/ilorin-east-west-south/
240241,KW,Kwara,Ilorin East,Oke-Oyi,Oke-Oyi,Oke-Oyi,false,MEDIUM,https://zipcodes.ng/ilorin-east-west-south/
240242,KW,Kwara,Ilorin East,Oke-Oyi,Oke-Oyi,Oke-Oyi,false,MEDIUM,https://zipcodes.ng/ilorin-east-west-south/
240243,KW,Kwara,Ilorin East,Oke-Oyi,Oke-Oyi,Oke-Oyi,false,MEDIUM,https://zipcodes.ng/ilorin-east-west-south/
240244,KW,Kwara,Ilorin East,Oke-Oyi,Oke-Oyi,Oke-Oyi,false,MEDIUM,https://zipcodes.ng/ilorin-east-west-south/
240251,KW,Kwara,Ilorin East,Oke-Oyi,Oke-Oyi,Oke-Oyi,false,MEDIUM,https://zipcodes.ng/ilorin-east-west-south/
240271,KW,Kwara,Ilorin East,Oke-Oyi,Oke-Oyi,Oke-Oyi,false,MEDIUM,https://zipcodes.ng/ilorin-east-west-south/
240272,KW,Kwara,Ilorin East,Oke-Oyi,Oke-Oyi,Oke-Oyi,false,MEDIUM,https://zipcodes.ng/ilorin-east-west-south/
240281,KW,Kwara,Ilorin East,Oke-Oyi,Oke-Oyi,Oke-Oyi,false,MEDIUM,https://zipcodes.ng/ilorin-east-west-south/
241101,KW,Kwara,Moro,Bode-Saadu,Bode-Saadu,Bode-Saadu,true,HIGH,https://zipcodes.ng/moro/
241102,KW,Kwara,Moro,Bode-Saadu,Bode-Saadu,Bode-Saadu,true,HIGH,https://zipcodes.ng/moro/
241103,KW,Kwara,Moro,Bode-Saadu,Bode-Saadu,Bode-Saadu,true,HIGH,https://zipcodes.ng/moro/
241104,KW,Kwara,Moro,Bode-Saadu,Bode-Saadu,Bode-Saadu,true,HIGH,https://zipcodes.ng/moro/
241105,KW,Kwara,Moro,Bode-Saadu,Bode-Saadu,Bode-Saadu,true,HIGH,https://zipcodes.ng/moro/
242101,KW,Kwara,Kaiama,Kaiama,Kaiama,Kaiama,true,HIGH,https://zipcodes.ng/kaiama/
242102,KW,Kwara,Kaiama,Kaiama,Kaiama,Kaiama,true,HIGH,https://zipcodes.ng/kaiama/
242103,KW,Kwara,Kaiama,Kaiama,Kaiama,Kaiama,true,HIGH,https://zipcodes.ng/kaiama/
242104,KW,Kwara,Kaiama,Kaiama,Kaiama,Kaiama,true,HIGH,https://zipcodes.ng/kaiama/
242105,KW,Kwara,Kaiama,Kaiama,Kaiama,Kaiama,true,HIGH,https://zipcodes.ng/kaiama/
243101,KW,Kwara,Edu,Lafiagi,Lafiagi,Lafiagi,true,HIGH,https://zipcodes.ng/edu/
243102,KW,Kwara,Edu,Lafiagi,Lafiagi,Lafiagi,true,HIGH,https://zipcodes.ng/edu/
243103,KW,Kwara,Edu,Lafiagi,Lafiagi,Lafiagi,true,HIGH,https://zipcodes.ng/edu/
243104,KW,Kwara,Pategi,Pategi,Pategi,Pategi,true,HIGH,https://zipcodes.ng/pategi/
243105,KW,Kwara,Pategi,Pategi,Pategi,Pategi,true,HIGH,https://zipcodes.ng/pategi/
243106,KW,Kwara,Pategi,Pategi,Pategi,Pategi,true,HIGH,https://zipcodes.ng/pategi/
250101,KW,Kwara,Offa,Offa,Offa,Offa,true,HIGH,https://zipcodes.ng/offa/
250102,KW,Kwara,Oyun,Ilemona,Ilemona,Ilemona,true,HIGH,https://zipcodes.ng/oyun/
250103,KW,Kwara,Oyun,Ilemona,Ilemona,Ilemona,true,HIGH,https://zipcodes.ng/oyun/
251105,KW,Kwara,Isin,Owu-Isin,Owu-Isin,Owu-Isin,true,HIGH,https://zipcodes.ng/isin-l-g-a-zip-code/
251106,KW,Kwara,Isin,Owu-Isin,Owu-Isin,Owu-Isin,true,HIGH,https://zipcodes.ng/isin-l-g-a-zip-code/
252101,KW,Kwara,Oke-Ero,Ilofa,Ilofa,Ilofa,true,HIGH,https://zipcodes.ng/oke-ero/
252102,KW,Kwara,Oke-Ero,Ilofa,Ilofa,Ilofa,true,HIGH,https://zipcodes.ng/oke-ero/
252103,KW,Kwara,Oke-Ero,Ilofa,Ilofa,Ilofa,true,HIGH,https://zipcodes.ng/oke-ero/
252104,KW,Kwara,Ekiti,Araromi Opin,Araromi Opin,Araromi Opin,true,HIGH,https://zipcodes.ng/ekiti/
252105,KW,Kwara,Ekiti,Araromi Opin,Araromi Opin,Araromi Opin,true,HIGH,https://zipcodes.ng/ekiti/
260101,KO,Kogi,Lokoja,Lokoja,Lokoja,Lokoja,false,HIGH,https://zipcodes.ng/lokoja/
260102,KO,Kogi,Lokoja,Lokoja,Lokoja,Lokoja,false,HIGH,https://zipcodes.ng/lokoja/
260103,KO,Kogi,Lokoja,Lokoja,Lokoja,Lokoja,false,HIGH,https://zipcodes.ng/lokoja/
260104,KO,Kogi,Lokoja,Lokoja,Lokoja,Lokoja,false,HIGH,https://zipcodes.ng/lokoja/
260105,KO,Kogi,Kogi,Koton Karfe,Koton Karfe,Koton Karfe,true,HIGH,https://zipcodes.ng/kogi/
261101,KO,Kogi,Kabba/Bunu,Kabba,Kabba,Kabba,true,HIGH,https://zipcodes.ng/kabba-bunu/
261102,KO,Kogi,Kabba/Bunu,Kabba,Kabba,Kabba,true,HIGH,https://zipcodes.ng/kabba-bunu/
261103,KO,Kogi,Ijumu,Ayere,Ayere,Ayere,true,HIGH,https://zipcodes.ng/ijumu/
262101,KO,Kogi,Yagba East,Isanlu,Isanlu,Isanlu,true,HIGH,https://zipcodes.ng/yagba-east/
262102,KO,Kogi,Yagba East,Isanlu,Isanlu,Isanlu,true,HIGH,https://zipcodes.ng/yagba-east/
262103,KO,Kogi,Yagba West,Odo-Ere,Odo-Ere,Odo-Ere,true,HIGH,https://zipcodes.ng/yagba-west/
263101,KO,Kogi,Okene,Okene,Okene,Okene,true,HIGH,https://zipcodes.ng/okene/
263102,KO,Kogi,Okene,Okene,Okene,Okene,true,HIGH,https://zipcodes.ng/okene/
263103,KO,Kogi,Ogori/Magongo,Ogori,Ogori,Ogori,true,HIGH,https://zipcodes.ng/ogori-magongo/
263104,KO,Kogi,Ajaokuta,Ajaokuta,Ajaokuta,Ajaokuta,true,HIGH,https://zipcodes.ng/ajaokuta/
263105,KO,Kogi,Ajaokuta,Ajaokuta,Ajaokuta,Ajaokuta,true,HIGH,https://zipcodes.ng/ajaokuta/
263106,KO,Kogi,Ajaokuta,Ajaokuta,Ajaokuta,Ajaokuta,true,HIGH,https://zipcodes.ng/ajaokuta/
264101,KO,Kogi,Okehi,Obangede,Obangede,Obangede,true,HIGH,https://zipcodes.ng/okehi/
264102,KO,Kogi,Okehi,Obangede,Obangede,Obangede,true,HIGH,https://zipcodes.ng/okehi/
264103,KO,Kogi,Adavi,Ogaminana,Ogaminana,Ogaminana,true,HIGH,https://zipcodes.ng/adavi-l-g-a-zip-codes/
270101,KO,Kogi,Ankpa,Ankpa,Ankpa,Ankpa,true,HIGH,https://zipcodes.ng/ankpa/
270102,KO,Kogi,Ankpa,Ankpa,Ankpa,Ankpa,true,HIGH,https://zipcodes.ng/ankpa/
270103,KO,Kogi,Ankpa,Ankpa,Ankpa,Ankpa,true,HIGH,https://zipcodes.ng/ankpa/
270104,KO,Kogi,Omala,Abejukolo,Abejukolo,Abejukolo,true,HIGH,https://zipcodes.ng/omala/
270105,KO,Kogi,Omala,Abejukolo,Abejukolo,Abejukolo,true,HIGH,https://zipcodes.ng/omala/
270106,KO,Kogi,Omala,Abejukolo,Abejukolo,Abejukolo,true,HIGH,https://zipcodes.ng/omala/
270107,KO,Kogi,Olamaboro,Okpo,Okpo,Okpo,true,HIGH,https://zipcodes.ng/olamaboro/
270108,KO,Kogi,Olamaboro,Okpo,Okpo,Okpo,true,HIGH,https://zipcodes.ng/olamaboro/
270109,KO,Kogi,Olamaboro,Okpo,Okpo,Okpo,true,HIGH,https://zipcodes.ng/olamaboro/
271101,KO,Kogi,Idah,Idah,Idah,Idah,true,MEDIUM,https://zipcodes.ng/igbala-mela-idah/
271102,KO,Kogi,Idah,Idah,Idah,Idah,true,MEDIUM,https://zipcodes.ng/igbala-mela-idah/
271103,KO,Kogi,Idah,Idah,Idah,Idah,true,MEDIUM,https://zipcodes.ng/igbala-mela-idah/
271104,KO,Kogi,Idah,Idah,Idah,Idah,true,MEDIUM,https://zipcodes.ng/igbala-mela-idah/
271105,KO,Kogi,Ibaji,Onyedega,Onyedega,Onyedega,true,HIGH,https://zipcodes.ng/ibaji/
271106,KO,Kogi,Ofu,Ugwalawo,Ugwalawo,Ugwalawo,true,HIGH,https://zipcodes.ng/ofu/
271107,KO,Kogi,Ofu,Ugwalawo,Ugwalawo,Ugwalawo,true,HIGH,https://zipcodes.ng/ofu/
271108,KO,Kogi,Ofu,Ugwalawo,Ugwalawo,Ugwalawo,true,HIGH,https://zipcodes.ng/ofu/
271109,KO,Kogi,Ofu,Ugwalawo,Ugwalawo,Ugwalawo,true,HIGH,https://zipcodes.ng/ofu/
272101,KO,Kogi,Dekina,Dekina,Dekina,Dekina,true,HIGH,https://zipcodes.ng/dekina/
272102,KO,Kogi,Dekina,Dekina,Dekina,Dekina,true,HIGH,https://zipcodes.ng/dekina/
272103,KO,Kogi,Dekina,Dekina,Dekina,Dekina,true,HIGH,https://zipcodes.ng/dekina/
272104,KO,Kogi,Bassa,Oguma,Oguma,Oguma,true,HIGH,https://zipcodes.ng/bassa/
272105,KO,Kogi,Bassa,Oguma,Oguma,Oguma,true,HIGH,https://zipcodes.ng/bassa/
272106,KO,Kogi,Bassa,Oguma,Oguma,Oguma,true,HIGH,https://zipcodes.ng/bassa/
272107,KO,Kogi,Bassa,Oguma,Oguma,Oguma,true,HIGH,https://zipcodes.ng/bassa/
272108,KO,Kogi,Bassa,Oguma,Oguma,Oguma,true,HIGH,https://zipcodes.ng/bassa/
272109,KO,Kogi,Bassa,Oguma,Oguma,Oguma,true,HIGH,https://zipcodes.ng/bassa/
272110,KO,Kogi,Bassa,Oguma,Oguma,Oguma,true,HIGH,https://zipcodes.ng/bassa/
272111,KO,Kogi,Bassa,Oguma,Oguma,Oguma,true,HIGH,https://zipcodes.ng/bassa/
272112,KO,Kogi,Bassa,Oguma,Oguma,Oguma,true,HIGH,https://zipcodes.ng/bassa/
272113,KO,Kogi,Bassa,Oguma,Oguma,Oguma,true,HIGH,https://zipcodes.ng/bassa/
272114,KO,Kogi,Bassa,Oguma,Oguma,Oguma,true,HIGH,https://zipcodes.ng/bassa/
300102,ED,Edo,Oredo,Benin City,Benin City,Benin City,false,HIGH,https://zipcodes.ng/oredo/
300103,ED,Edo,Egor,Uselu,Uselu,Uselu,true,HIGH,https://zipcodes.ng/egor/
300104,ED,Edo,Ikpoba-Okha,Idogbo,Idogbo,Idogbo,true,HIGH,https://zipcodes.ng/ikpoba-okha/
300105,ED,Edo,Ikpoba-Okha,Idogbo,Idogbo,Idogbo,true,HIGH,https://zipcodes.ng/ikpoba-okha/
301101,ED,Edo,Orhionmwon,Abudu,Abudu,Abudu,true,HIGH,https://zipcodes.ng/orhionmwon/
301102,ED,Edo,Orhionmwon,Abudu,Abudu,Abudu,true,HIGH,https://zipcodes.ng/orhionmwon/
301103,ED,Edo,Orhionmwon,Abudu,Abudu,Abudu,true,HIGH,https://zipcodes.ng/orhionmwon/
301104,ED,Edo,Orhionmwon,Abudu,Abudu,Abudu,true,HIGH,https://zipcodes.ng/orhionmwon/
301105,ED,Edo,Orhionmwon,Abudu,Abudu,Abudu,true,HIGH,https://zipcodes.ng/orhionmwon/
301106,ED,Edo,Orhionmwon,Abudu,Abudu,Abudu,true,HIGH,https://zipcodes.ng/orhionmwon/
301107,ED,Edo,Uhunmwonde,Ehor,Ehor,Ehor,true,HIGH,https://zipcodes.ng/uhunmwonde/
301108,ED,Edo,Uhunmwonde,Ehor,Ehor,Ehor,true,HIGH,https://zipcodes.ng/uhunmwonde/
301109,ED,Edo,Uhunmwonde,Ehor,Ehor,Ehor,true,HIGH,https://zipcodes.ng/uhunmwonde/
301110,ED,Edo,Uhunmwonde,Ehor,Ehor,Ehor,true,HIGH,https://zipcodes.ng/uhunmwonde/
301111,ED,Edo,Uhunmwonde,Ehor,Ehor,Ehor,true,HIGH,https://zipcodes.ng/uhunmwonde/
301112,ED,Edo,Uhunmwonde,Ehor,Ehor,Ehor,true,HIGH,https://zipcodes.ng/uhunmwonde/
301113,ED,Edo,Uhunmwonde,Ehor,Ehor,Ehor,true,HIGH,https://zipcodes.ng/uhunmwonde/
301114,ED,Edo,Uhunmwonde,Ehor,Ehor,Ehor,true,HIGH,https://zipcodes.ng/uhunmwonde/
301115,ED,Edo,Uhunmwonde,Ehor,Ehor,Ehor,true,HIGH,https://zipcodes.ng/uhunmwonde/
302101,ED,Edo,Ovia South-West,Iguobazuwa,Iguobazuwa,Iguobazuwa,true,HIGH,https://zipcodes.ng/ovia-south-west/
302102,ED,Edo,Ovia South-West,Iguobazuwa,Iguobazuwa,Iguobazuwa,true,HIGH,https://zipcodes.ng/ovia-south-west/
302103,ED,Edo,Ovia South-West,Iguobazuwa,Iguobazuwa,Iguobazuwa,true,HIGH,https://zipcodes.ng/ovia-south-west/
302104,ED,Edo,Ovia South-West,Iguobazuwa,Iguobazuwa,Iguobazuwa,true,HIGH,https://zipcodes.ng/ovia-south-west/
302105,ED,Edo,Ovia South-West,Iguobazuwa,Iguobazuwa,Iguobazuwa,true,HIGH,https://zipcodes.ng/ovia-south-west/
302106,ED,Edo,Ovia South-West,Iguobazuwa,Iguobazuwa,Iguobazuwa,true,HIGH,https://zipcodes.ng/ovia-south-west/
302107,ED,Edo,Ovia South-West,Iguobazuwa,Iguobazuwa,Iguobazuwa,true,HIGH,https://zipcodes.ng/ovia-south-west/
302109,ED,Edo,Ovia South-West,Iguobazuwa,Iguobazuwa,Iguobazuwa,true,HIGH,https://zipcodes.ng/ovia-south-west/
302110,ED,Edo,Ovia North-East,Okada,Okada,Okada,true,HIGH,https://zipcodes.ng/ovia-north-east/
302111,ED,Edo,Ovia North-East,Okada,Okada,Okada,true,HIGH,https://zipcodes.ng/ovia-north-east/
302112,ED,Edo,Ovia North-East,Okada,Okada,Okada,true,HIGH,https://zipcodes.ng/ovia-north-east/
302113,ED,Edo,Ovia North-East,Okada,Okada,Okada,true,HIGH,https://zipcodes.ng/ovia-north-east/
302114,ED,Edo,Ovia North-East,Okada,Okada,Okada,true,HIGH,https://zipcodes.ng/ovia-north-east/
302115,ED,Edo,Ovia North-East,Okada,Okada,Okada,true,HIGH,https://zipcodes.ng/ovia-north-east/
302116,ED,Edo,Ovia North-East,Okada,Okada,Okada,true,HIGH,https://zipcodes.ng/ovia-north-east/
302117,ED,Edo,Ovia North-East,Okada,Okada,Okada,true,HIGH,https://zipcodes.ng/ovia-north-east/
302118,ED,Edo,Ovia North-East,Okada,Okada,Okada,true,HIGH,https://zipcodes.ng/ovia-north-east/
302119,ED,Edo,Ovia North-East,Okada,Okada,Okada,true,HIGH,https://zipcodes.ng/ovia-north-east/
302120,ED,Edo,Ovia North-East,Okada,Okada,Okada,true,HIGH,https://zipcodes.ng/ovia-north-east/
302121,ED,Edo,Ovia North-East,Okada,Okada,Okada,true,HIGH,https://zipcodes.ng/ovia-north-east/
310005,ED,Edo,Esan Central,Irrua,Irrua,Irrua,true,MEDIUM,https://nigeriapostal.com/location/NG-Edo/Esan%20Central
310109,ED,Edo,Igueben,Igueben,Igueben,Igueben,true,HIGH,https://zipcodes.ng/igueben/
310110,ED,Edo,Igueben,Igueben,Igueben,Igueben,true,HIGH,https://zipcodes.ng/igueben/
310111,ED,Edo,Igueben,Igueben,Igueben,Igueben,true,HIGH,https://zipcodes.ng/igueben/
310112,ED,Edo,Esan Central,Irrua,Irrua,Irrua,true,MEDIUM,https://nigeriapostal.com/location/NG-Edo/Esan%20Central
311101,ED,Edo,Esan South-East,Ubiaja,Ubiaja,Ubiaja,true,HIGH,https://zipcodes.ng/esan-south-east/
311102,ED,Edo,Esan South-East,Ubiaja,Ubiaja,Ubiaja,true,HIGH,https://zipcodes.ng/esan-south-east/
311103,ED,Edo,Esan South-East,Ubiaja,Ubiaja,Ubiaja,true,HIGH,https://zipcodes.ng/esan-south-east/
311104,ED,Edo,Esan South-East,Ubiaja,Ubiaja,Ubiaja,true,HIGH,https://zipcodes.ng/esan-south-east/
311105,ED,Edo,Esan South-East,Ubiaja,Ubiaja,Ubiaja,true,HIGH,https://zipcodes.ng/esan-south-east/
311106,ED,Edo,Esan South-East,Ubiaja,Ubiaja,Ubiaja,true,HIGH,https://zipcodes.ng/esan-south-east/
311107,ED,Edo,Esan South-East,Ubiaja,Ubiaja,Ubiaja,true,HIGH,https://zipcodes.ng/esan-south-east/
311108,ED,Edo,Esan South-East,Ubiaja,Ubiaja,Ubiaja,true,HIGH,https://zipcodes.ng/esan-south-east/
311109,ED,Edo,Esan South-East,Ubiaja,Ubiaja,Ubiaja,true,HIGH,https://zipcodes.ng/esan-south-east/
311110,ED,Edo,Esan South-East,Ubiaja,Ubiaja,Ubiaja,true,HIGH,https://zipcodes.ng/esan-south-east/
311111,ED,Edo,Esan South-East,Ubiaja,Ubiaja,Ubiaja,true,HIGH,https://zipcodes.ng/esan-south-east/
311112,ED,Edo,Esan South-East,Ubiaja,Ubiaja,Ubiaja,true,HIGH,https://zipcodes.ng/esan-south-east/
311113,ED,Edo,Esan South-East,Ubiaja,Ubiaja,Ubiaja,true,HIGH,https://zipcodes.ng/esan-south-east/
311114,ED,Edo,Esan South-East,Ubiaja,Ubiaja,Ubiaja,true,HIGH,https://zipcodes.ng/esan-south-east/
311115,ED,Edo,Esan North-East,Uromi,Uromi,Uromi,true,HIGH,https://zipcodes.ng/esan-north-east/
311116,ED,Edo,Esan North-East,Uromi,Uromi,Uromi,true,HIGH,https://zipcodes.ng/esan-north-east/
312006,ED,Edo,Etsako Central,Fugar,Fugar,Fugar,true,MEDIUM,https://nigeriapostal.com/location/NG-Edo/Etsako%20Central
312101,ED,Edo,Etsako West,Auchi,Auchi,Auchi,true,HIGH,https://zipcodes.ng/etsako-west/
312102,ED,Edo,Etsako West,Auchi,Auchi,Auchi,true,HIGH,https://zipcodes.ng/etsako-west/
312103,ED,Edo,Etsako West,Auchi,Auchi,Auchi,true,HIGH,https://zipcodes.ng/etsako-west/
312104,ED,Edo,Etsako West,Auchi,Auchi,Auchi,true,HIGH,https://zipcodes.ng/etsako-west/
312105,ED,Edo,Etsako West,Auchi,Auchi,Auchi,true,HIGH,https://zipcodes.ng/etsako-west/
312106,ED,Edo,Etsako West,Auchi,Auchi,Auchi,true,HIGH,https://zipcodes.ng/etsako-west/
312107,ED,Edo,Etsako East,Agenebode,Agenebode,Agenebode,true,MEDIUM,https://nigeriapostal.com/location/NG-Edo/Etsako%20East
312109,ED,Edo,Esan West,Ekpoma,Ekpoma,Ekpoma,true,HIGH,https://zipcodes.ng/esan-west/
312110,ED,Edo,Esan West,Ekpoma,Ekpoma,Ekpoma,true,HIGH,https://zipcodes.ng/esan-west/
312111,ED,Edo,Esan West,Ekpoma,Ekpoma,Ekpoma,true,HIGH,https://zipcodes.ng/esan-west/
312112,ED,Edo,Esan West,Ekpoma,Ekpoma,Ekpoma,true,HIGH,https://zipcodes.ng/esan-west/
312113,ED,Edo,Esan West,Ekpoma,Ekpoma,Ekpoma,true,HIGH,https://zipcodes.ng/esan-west/
312114,ED,Edo,Akoko-Edo,Igarra,Igarra,Igarra,true,HIGH,https://zipcodes.ng/akoko-edo/
312115,ED,Edo,Akoko-Edo,Igarra,Igarra,Igarra,true,HIGH,https://zipcodes.ng/akoko-edo/
312116,ED,Edo,Akoko-Edo,Igarra,Igarra,Igarra,true,HIGH,https://zipcodes.ng/akoko-edo/
312117,ED,Edo,Akoko-Edo,Igarra,Igarra,Igarra,true,HIGH,https://zipcodes.ng/akoko-edo/
312118,ED,Edo,Akoko-Edo,Igarra,Igarra,Igarra,true,HIGH,https://zipcodes.ng/akoko-edo/
312119,ED,Edo,Akoko-Edo,Igarra,Igarra,Igarra,true,HIGH,https://zipcodes.ng/akoko-edo/
312120,ED,Edo,Akoko-Edo,Igarra,Igarra,Igarra,true,HIGH,https://zipcodes.ng/akoko-edo/
312121,ED,Edo,Akoko-Edo,Igarra,Igarra,Igarra,true,HIGH,https://zipcodes.ng/akoko-edo/
312122,ED,Edo,Akoko-Edo,Igarra,Igarra,Igarra,true,HIGH,https://zipcodes.ng/akoko-edo/
312123,ED,Edo,Akoko-Edo,Igarra,Igarra,Igarra,true,HIGH,https://zipcodes.ng/akoko-edo/
313101,ED,Edo,Owan East,Ewohimi,Ewohimi,Ewohimi,true,HIGH,https://zipcodes.ng/owan-east/
313102,ED,Edo,Owan East,Ewohimi,Ewohimi,Ewohimi,true,HIGH,https://zipcodes.ng/owan-east/
313103,ED,Edo,Owan East,Ewohimi,Ewohimi,Ewohimi,true,HIGH,https://zipcodes.ng/owan-east/
313104,ED,Edo,Owan East,Ewohimi,Ewohimi,Ewohimi,true,HIGH,https://zipcodes.ng/owan-east/
313105,ED,Edo,Owan East,Ewohimi,Ewohimi,Ewohimi,true,HIGH,https://zipcodes.ng/owan-east/
313106,ED,Edo,Owan East,Ewohimi,Ewohimi,Ewohimi,true,HIGH,https://zipcodes.ng/owan-east/
313107,ED,Edo,Owan East,Ewohimi,Ewohimi,Ewohimi,true,HIGH,https://zipcodes.ng/owan-east/
313108,ED,Edo,Owan East,Ewohimi,Ewohimi,Ewohimi,true,HIGH,https://zipcodes.ng/owan-east/
313109,ED,Edo,Owan West,Sabongida-Ora,Sabongida-Ora,Sabongida-Ora,true,HIGH,https://zipcodes.ng/owan-west/
313110,ED,Edo,Owan West,Sabongida-Ora,Sabongida-Ora,Sabongida-Ora,true,HIGH,https://zipcodes.ng/owan-west/
313111,ED,Edo,Owan West,Sabongida-Ora,Sabongida-Ora,Sabongida-Ora,true,HIGH,https://zipcodes.ng/owan-west/
320102,DE,Delta,Oshimili North,Akwukwu-Igbo,Akwukwu-Igbo,Akwukwu-Igbo,true,MEDIUM,https://nigeriapostal.com/location/NG-Delta/Oshimili%20North
320103,DE,Delta,Oshimili North,Akwukwu-Igbo,Akwukwu-Igbo,Akwukwu-Igbo,true,MEDIUM,https://nigeriapostal.com/location/NG-Delta/Oshimili%20North
320104,DE,Delta,Oshimili North,Akwukwu-Igbo,Akwukwu-Igbo,Akwukwu-Igbo,true,MEDIUM,https://nigeriapostal.com/location/NG-Delta/Oshimili%20North
320105,DE,Delta,Oshimili North,Akwukwu-Igbo,Akwukwu-Igbo,Akwukwu-Igbo,true,MEDIUM,https://nigeriapostal.com/location/NG-Delta/Oshimili%20North
320106,DE,Delta,Oshimili North,Akwukwu-Igbo,Akwukwu-Igbo,Akwukwu-Igbo,true,MEDIUM,https://nigeriapostal.com/location/NG-Delta/Oshimili%20North
320107,DE,Delta,Aniocha South,Ogwashi-Uku,Ogwashi-Uku,Ogwashi-Uku,true,MEDIUM,https://nigeriapostal.com/location/NG-Delta/Aniocha%20South
320108,DE,Delta,Aniocha South,Ogwashi-Uku,Ogwashi-Uku,Ogwashi-Uku,true,MEDIUM,https://nigeriapostal.com/location/NG-Delta/Aniocha%20South
320109,DE,Delta,Aniocha South,Ogwashi-Uku,Ogwashi-Uku,Ogwashi-Uku,true,MEDIUM,https://nigeriapostal.com/location/NG-Delta/Aniocha%20South
320110,DE,Delta,Aniocha North,Ogwashi-Uku,Ogwashi-Uku,Ogwashi-Uku,true,MEDIUM,https://nigeriapostal.com/location/NG-Delta/Aniocha%20North
320111,DE,Delta,Aniocha North,Ogwashi-Uku,Ogwashi-Uku,Ogwashi-Uku,true,MEDIUM,https://nigeriapostal.com/location/NG-Delta/Aniocha%20North
320112,DE,Delta,Aniocha North,Ogwashi-Uku,Ogwashi-Uku,Ogwashi-Uku,true,MEDIUM,https://nigeriapostal.com/location/NG-Delta/Aniocha%20North
320211,DE,Delta,Oshimili South,Asaba,Asaba,Asaba,false,HIGH,https://zipcodes.ng/asaba/
320212,DE,Delta,Oshimili South,Asaba,Asaba,Asaba,false,HIGH,https://zipcodes.ng/asaba/
320213,DE,Delta,Oshimili South,Asaba,Asaba,Asaba,false,HIGH,https://zipcodes.ng/asaba/
320221,DE,Delta,Oshimili South,Asaba,Asaba,Asaba,false,HIGH,https://zipcodes.ng/asaba/
320231,DE,Delta,Oshimili South,Asaba,Asaba,Asaba,false,HIGH,https://zipcodes.ng/asaba/
320232,DE,Delta,Oshimili South,Asaba,Asaba,Asaba,false,HIGH,https://zipcodes.ng/asaba/
320233,DE,Delta,Oshimili South,Asaba,Asaba,Asaba,false,HIGH,https://zipcodes.ng/asaba/
320241,DE,Delta,Oshimili South,Asaba,Asaba,Asaba,false,HIGH,https://zipcodes.ng/asaba/
321105,DE,Delta,Ika North East,Owa-Oyibu,Owa-Oyibu,Owa-Oyibu,true,HIGH,https://zipcodes.ng/ika-north-east/
321106,DE,Delta,Ika North East,Owa-Oyibu,Owa-Oyibu,Owa-Oyibu,true,HIGH,https://zipcodes.ng/ika-north-east/
321107,DE,Delta,Ika North East,Owa-Oyibu,Owa-Oyibu,Owa-Oyibu,true,HIGH,https://zipcodes.ng/ika-north-east/
321108,DE,Delta,Ika North East,Owa-Oyibu,Owa-Oyibu,Owa-Oyibu,true,HIGH,https://zipcodes.ng/ika-north-east/
321109,DE,Delta,Ika North East,Owa-Oyibu,Owa-Oyibu,Owa-Oyibu,true,HIGH,https://zipcodes.ng/ika-north-east/
321110,DE,Delta,Ika North East,Owa-Oyibu,Owa-Oyibu,Owa-Oyibu,true,HIGH,https://zipcodes.ng/ika-north-east/
321111,DE,Delta,Ika North East,Owa-Oyibu,Owa-Oyibu,Owa-Oyibu,true,HIGH,https://zipcodes.ng/ika-north-east/
321112,DE,Delta,Ika North East,Owa-Oyibu,Owa-Oyibu,Owa-Oyibu,true,HIGH,https://zipcodes.ng/ika-north-east/
321113,DE,Delta,Ika North East,Owa-Oyibu,Owa-Oyibu,Owa-Oyibu,true,HIGH,https://zipcodes.ng/ika-north-east/
321211,DE,Delta,Ika South,Agbor,Agbor,Agbor,true,HIGH,https://zipcodes.ng/agbor/
321251,DE,Delta,Ika South,Agbor,Agbor,Agbor,true,HIGH,https://zipcodes.ng/agbor/
321271,DE,Delta,Ika South,Agbor,Agbor,Agbor,true,HIGH,https://zipcodes.ng/agbor/
321281,DE,Delta,Ika South,Agbor,Agbor,Agbor,true,HIGH,https://zipcodes.ng/agbor/
322101,DE,Delta,Ndokwa West,Kwale,Kwale,Kwale,true,HIGH,https://zipcodes.ng/ndokwa-west/
322102,DE,Delta,Ndokwa West,Kwale,Kwale,Kwale,true,HIGH,https://zipcodes.ng/ndokwa-west/
322103,DE,Delta,Ndokwa West,Kwale,Kwale,Kwale,true,HIGH,https://zipcodes.ng/ndokwa-west/
322104,DE,Delta,Ndokwa West,Kwale,Kwale,Kwale,true,HIGH,https://zipcodes.ng/ndokwa-west/
322105,DE,Delta,Ndokwa West,Kwale,Kwale,Kwale,true,HIGH,https://zipcodes.ng/ndokwa-west/
322106,DE,Delta,Ndokwa West,Kwale,Kwale,Kwale,true,HIGH,https://zipcodes.ng/ndokwa-west/
322107,DE,Delta,Ukwuani,Obiaruku,Obiaruku,Obiaruku,true,HIGH,https://zipcodes.ng/ukwuani/
322108,DE,Delta,Ukwuani,Obiaruku,Obiaruku,Obiaruku,true,HIGH,https://zipcodes.ng/ukwuani/
322109,DE,Delta,Ukwuani,Obiaruku,Obiaruku,Obiaruku,true,HIGH,https://zipcodes.ng/ukwuani/
322110,DE,Delta,Ukwuani,Obiaruku,Obiaruku,Obiaruku,true,HIGH,https://zipcodes.ng/ukwuani/
322111,DE,Delta,Ukwuani,Obiaruku,Obiaruku,Obiaruku,true,HIGH,https://zipcodes.ng/ukwuani/
322112,DE,Delta,Ukwuani,Obiaruku,Obiaruku,Obiaruku,true,HIGH,https://zipcodes.ng/ukwuani/
322113,DE,Delta,Ukwuani,Obiaruku,Obiaruku,Obiaruku,true,HIGH,https://zipcodes.ng/ukwuani/
322114,DE,Delta,Ukwuani,Obiaruku,Obiaruku,Obiaruku,true,HIGH,https://zipcodes.ng/ukwuani/
322115,DE,Delta,Ukwuani,Obiaruku,Obiaruku,Obiaruku,true,HIGH,https://zipcodes.ng/ukwuani/
322117,DE,Delta,Ndokwa East,Aboh,Aboh,Aboh,true,HIGH,https://zipcodes.ng/ndokwa-east/
322118,DE,Delta,Ndokwa East,Aboh,Aboh,Aboh,true,HIGH,https://zipcodes.ng/ndokwa-east/
322120,DE,Delta,Ndokwa East,Aboh,Aboh,Aboh,true,HIGH,https://zipcodes.ng/ndokwa-east/
322121,DE,Delta,Ndokwa East,Aboh,Aboh,Aboh,true,HIGH,https://zipcodes.ng/ndokwa-east/
322122,DE,Delta,Ndokwa East,Aboh,Aboh,Aboh,true,HIGH,https://zipcodes.ng/ndokwa-east/
322123,DE,Delta,Ndokwa East,Aboh,Aboh,Aboh,true,HIGH,https://zipcodes.ng/ndokwa-east/
322124,DE,Delta,Ndokwa East,Aboh,Aboh,Aboh,true,HIGH,https://zipcodes.ng/ndokwa-east/
322125,DE,Delta,Ndokwa East,Aboh,Aboh,Aboh,true,HIGH,https://zipcodes.ng/ndokwa-east/
322126,DE,Delta,Ndokwa East,Aboh,Aboh,Aboh,true,HIGH,https://zipcodes.ng/ndokwa-east/
322127,DE,Delta,Ndokwa East,Aboh,Aboh,Aboh,true,HIGH,https://zipcodes.ng/ndokwa-east/
322128,DE,Delta,Ndokwa East,Aboh,Aboh,Aboh,true,HIGH,https://zipcodes.ng/ndokwa-east/
322129,DE,Delta,Ndokwa East,Aboh,Aboh,Aboh,true,HIGH,https://zipcodes.ng/ndokwa-east/
322130,DE,Delta,Ndokwa East,Aboh,Aboh,Aboh,true,HIGH,https://zipcodes.ng/ndokwa-east/
322131,DE,Delta,Ndokwa East,Aboh,Aboh,Aboh,true,HIGH,https://zipcodes.ng/ndokwa-east/
322132,DE,Delta,Ndokwa East,Aboh,Aboh,Aboh,true,HIGH,https://zipcodes.ng/ndokwa-east/
322133,DE,Delta,Ndokwa East,Aboh,Aboh,Aboh,true,HIGH,https://zipcodes.ng/ndokwa-east/
322134,DE,Delta,Ndokwa East,Aboh,Aboh,Aboh,true,HIGH,https://zipcodes.ng/ndokwa-east/
322135,DE,Delta,Ndokwa East,Aboh,Aboh,Aboh,true,HIGH,https://zipcodes.ng/ndokwa-east/
322136,DE,Delta,Ndokwa East,Aboh,Aboh,Aboh,true,HIGH,https://zipcodes.ng/ndokwa-east/
322137,DE,Delta,Ndokwa East,Aboh,Aboh,Aboh,true,HIGH,https://zipcodes.ng/ndokwa-east/
330101,DE,Delta,Okpe,Orerokpe,Orerokpe,Orerokpe,true,HIGH,https://zipcodes.ng/okpe/
330102,DE,Delta,Uvwie,Effurun,Effurun,Effurun,true,HIGH,https://zipcodes.ng/uvwie-lga-zip-codes/
330103,DE,Delta,Udu,Otor-Udu,Otor-Udu,Otor-Udu,true,HIGH,https://zipcodes.ng/udu/
330104,DE,Delta,Ethiope East,Isiokolo,Isiokolo,Isiokolo,true,HIGH,https://zipcodes.ng/ethiope-east/
330105,DE,Delta,Ethiope East,Isiokolo,Isiokolo,Isiokolo,true,HIGH,https://zipcodes.ng/ethiope-east/
330106,DE,Delta,Ethiope East,Isiokolo,Isiokolo,Isiokolo,true,HIGH,https://zipcodes.ng/ethiope-east/
331101,DE,Delta,Ethiope West,Oghara,Oghara,Oghara,true,HIGH,https://zipcodes.ng/ethiope-west-zip-codes/
331102,DE,Delta,Ethiope West,Oghara,Oghara,Oghara,true,HIGH,https://zipcodes.ng/ethiope-west-zip-codes/
331103,DE,Delta,Warri North,Koko,Koko,Koko,true,HIGH,https://zipcodes.ng/warri-north/
331104,DE,Delta,Warri North,Koko,Koko,Koko,true,HIGH,https://zipcodes.ng/warri-north/
331105,DE,Delta,Warri North,Koko,Koko,Koko,true,HIGH,https://zipcodes.ng/warri-north/
331106,DE,Delta,Warri North,Koko,Koko,Koko,true,HIGH,https://zipcodes.ng/warri-north/
331211,DE,Delta,Sapele,Sapele,Sapele,Sapele,true,HIGH,https://zipcodes.ng/sapele/
331212,DE,Delta,Sapele,Sapele,Sapele,Sapele,true,HIGH,https://zipcodes.ng/sapele/
331221,DE,Delta,Sapele,Sapele,Sapele,Sapele,true,HIGH,https://zipcodes.ng/sapele/
331222,DE,Delta,Sapele,Sapele,Sapele,Sapele,true,HIGH,https://zipcodes.ng/sapele/
331241,DE,Delta,Sapele,Sapele,Sapele,Sapele,true,HIGH,https://zipcodes.ng/sapele/
331242,DE,Delta,Sapele,Sapele,Sapele,Sapele,true,HIGH,https://zipcodes.ng/sapele/
331261,DE,Delta,Sapele,Sapele,Sapele,Sapele,true,HIGH,https://zipcodes.ng/sapele/
331262,DE,Delta,Sapele,Sapele,Sapele,Sapele,true,HIGH,https://zipcodes.ng/sapele/
332104,DE,Delta,Warri South West,Ogbe-Ijoh,Ogbe-Ijoh,Ogbe-Ijoh,true,HIGH,https://zipcodes.ng/warri-south-west/
332105,DE,Delta,Burutu,Burutu,Burutu,Burutu,true,HIGH,https://zipcodes.ng/burutu/
332106,DE,Delta,Burutu,Burutu,Burutu,Burutu,true,HIGH,https://zipcodes.ng/burutu/
332107,DE,Delta,Burutu,Burutu,Burutu,Burutu,true,HIGH,https://zipcodes.ng/burutu/
332108,DE,Delta,Burutu,Burutu,Burutu,Burutu,true,HIGH,https://zipcodes.ng/burutu/
332109,DE,Delta,Burutu,Burutu,Burutu,Burutu,true,HIGH,https://zipcodes.ng/burutu/
332110,DE,Delta,Burutu,Burutu,Burutu,Burutu,true,HIGH,https://zipcodes.ng/burutu/
332111,DE,Delta,Burutu,Burutu,Burutu,Burutu,true,HIGH,https://zipcodes.ng/burutu/
332112,DE,Delta,Burutu,Burutu,Burutu,Burutu,true,HIGH,https://zipcodes.ng/burutu/
332211,DE,Delta,Warri South,Warri,Warri,Warri,true,HIGH,https://zipcodes.ng/warri/
332212,DE,Delta,Warri South,Warri,Warri,Warri,true,HIGH,https://zipcodes.ng/warri/
332213,DE,Delta,Warri South,Warri,Warri,Warri,true,HIGH,https://zipcodes.ng/warri/
332231,DE,Delta,Warri South,Warri,Warri,Warri,true,HIGH,https://zipcodes.ng/warri/
332232,DE,Delta,Warri South,Warri,Warri,Warri,true,HIGH,https://zipcodes.ng/warri/
332233,DE,Delta,Warri South,Warri,Warri,Warri,true,HIGH,https://zipcodes.ng/warri/
332271,DE,Delta,Warri South,Warri,Warri,Warri,true,HIGH,https://zipcodes.ng/warri/
332281,DE,Delta,Warri South,Warri,Warri,Warri,true,HIGH,https://zipcodes.ng/warri/
333101,DE,Delta,Bomadi,Bomadi,Bomadi,Bomadi,true,HIGH,https://zipcodes.ng/bomadi/
333102,DE,Delta,Bomadi,Bomadi,Bomadi,Bomadi,true,HIGH,https://zipcodes.ng/bomadi/
333103,DE,Delta,Patani,Patani,Patani,Patani,true,MEDIUM,https://zipcodes.ng/patani-north/
333104,DE,Delta,Patani,Patani,Patani,Patani,true,MEDIUM,https://zipcodes.ng/patani-north/
333105,DE,Delta,Ughelli North,Ughelli,Ughelli,Ughelli,true,HIGH,https://zipcodes.ng/ughelli-north/
333106,DE,Delta,Ughelli North,Ughelli,Ughelli,Ughelli,true,HIGH,https://zipcodes.ng/ughelli-north/
333107,DE,Delta,Ughelli North,Ughelli,Ughelli,Ughelli,true,HIGH,https://zipcodes.ng/ughelli-north/
333108,DE,Delta,Ughelli North,Ughelli,Ughelli,Ughelli,true,HIGH,https://zipcodes.ng/ughelli-north/
333109,DE,Delta,Ughelli North,Ughelli,Ughelli,Ughelli,true,HIGH,https://zipcodes.ng/ughelli-north/
333110,DE,Delta,Ughelli North,Ughelli,Ughelli,Ughelli,true,HIGH,https://zipcodes.ng/ughelli-north/
333111,DE,Delta,Ughelli North,Ughelli,Ughelli,Ughelli,true,HIGH,https://zipcodes.ng/ughelli-north/
333112,DE,Delta,Ughelli South,Otu-Jeremi,Otu-Jeremi,Otu-Jeremi,true,HIGH,https://zipcodes.ng/ughelli-south/
333113,DE,Delta,Ughelli South,Otu-Jeremi,Otu-Jeremi,Otu-Jeremi,true,HIGH,https://zipcodes.ng/ughelli-south/
333114,DE,Delta,Ughelli South,Otu-Jeremi,Otu-Jeremi,Otu-Jeremi,true,HIGH,https://zipcodes.ng/ughelli-south/
333115,DE,Delta,Ughelli South,Otu-Jeremi,Otu-Jeremi,Otu-Jeremi,true,HIGH,https://zipcodes.ng/ughelli-south/
333116,DE,Delta,Ughelli South,Otu-Jeremi,Otu-Jeremi,Otu-Jeremi,true,HIGH,https://zipcodes.ng/ughelli-south/
334103,DE,Delta,Isoko South,Oleh,Oleh,Oleh,true,HIGH,https://zipcodes.ng/isoko-south/
334104,DE,Delta,Isoko South,Oleh,Oleh,Oleh,true,HIGH,https://zipcodes.ng/isoko-south/
334105,DE,Delta,Isoko South,Oleh,Oleh,Oleh,true,HIGH,https://zipcodes.ng/isoko-south/
334106,DE,Delta,Isoko South,Oleh,Oleh,Oleh,true,HIGH,https://zipcodes.ng/isoko-south/
334107,DE,Delta,Isoko South,Oleh,Oleh,Oleh,true,HIGH,https://zipcodes.ng/isoko-south/
334108,DE,Delta,Isoko South,Oleh,Oleh,Oleh,true,HIGH,https://zipcodes.ng/isoko-south/
334109,DE,Delta,Isoko South,Oleh,Oleh,Oleh,true,HIGH,https://zipcodes.ng/isoko-south/
334111,DE,Delta,Isoko North,Ozoro,Ozoro,Ozoro,true,HIGH,https://zipcodes.ng/isoko-north/
334112,DE,Delta,Isoko North,Ozoro,Ozoro,Ozoro,true,HIGH,https://zipcodes.ng/isoko-north/
334113,DE,Delta,Isoko North,Ozoro,Ozoro,Ozoro,true,HIGH,https://zipcodes.ng/isoko-north/
334114,DE,Delta,Isoko North,Ozoro,Ozoro,Ozoro,true,HIGH,https://zipcodes.ng/isoko-north/
334115,DE,Delta,Isoko North,Ozoro,Ozoro,Ozoro,true,HIGH,https://zipcodes.ng/isoko-north/
334116,DE,Delta,Isoko North,Ozoro,Ozoro,Ozoro,true,HIGH,https://zipcodes.ng/isoko-north/
334117,DE,Delta,Isoko South,Oleh,Oleh,Oleh,true,HIGH,https://zipcodes.ng/isoko-south/
334118,DE,Delta,Isoko North,Ozoro,Ozoro,Ozoro,true,HIGH,https://zipcodes.ng/isoko-north/
340107,ON,Ondo,Idanre,Idanre,Idanre,Idanre,true,HIGH,https://zipcodes.ng/idanre/
340108,ON,Ondo,Idanre,Idanre,Idanre,Idanre,true,HIGH,https://zipcodes.ng/idanre/
340109,ON,Ondo,Idanre,Idanre,Idanre,Idanre,true,HIGH,https://zipcodes.ng/idanre/
340110,ON,Ondo,Ifedore,Igbara-Oke,Igbara-Oke,Igbara-Oke,true,HIGH,https://zipcodes.ng/ifedore/
340111,ON,Ondo,Ifedore,Igbara-Oke,Igbara-Oke,Igbara-Oke,true,HIGH,https://zipcodes.ng/ifedore/
340112,ON,Ondo,Ifedore,Igbara-Oke,Igbara-Oke,Igbara-Oke,true,HIGH,https://zipcodes.ng/ifedore/
340113,ON,Ondo,Ifedore,Igbara-Oke,Igbara-Oke,Igbara-Oke,true,HIGH,https://zipcodes.ng/ifedore/
341101,ON,Ondo,Owo,Owo,Owo,Owo,true,HIGH,https://zipcodes.ng/owo/
341102,ON,Ondo,Owo,Owo,Owo,Owo,true,HIGH,https://zipcodes.ng/owo/
341103,ON,Ondo,Owo,Owo,Owo,Owo,true,HIGH,https://zipcodes.ng/owo/
341104,ON,Ondo,Owo,Owo,Owo,Owo,true,HIGH,https://zipcodes.ng/owo/
341105,ON,Ondo,Owo,Owo,Owo,Owo,true,HIGH,https://zipcodes.ng/owo/
341106,ON,Ondo,Owo,Owo,Owo,Owo,true,HIGH,https://zipcodes.ng/owo/
341107,ON,Ondo,Owo,Owo,Owo,Owo,true,HIGH,https://zipcodes.ng/owo/
341108,ON,Ondo,Owo,Owo,Owo,Owo,true,HIGH,https://zipcodes.ng/owo/
341109,ON,Ondo,Ose,Ifon,Ifon,Ifon,true,HIGH,https://zipcodes.ng/0se/
341110,ON,Ondo,Ose,Ifon,Ifon,Ifon,true,HIGH,https://zipcodes.ng/0se/
341111,ON,Ondo,Ose,Ifon,Ifon,Ifon,true,HIGH,https://zipcodes.ng/0se/
341112,ON,Ondo,Ose,Ifon,Ifon,Ifon,true,HIGH,https://zipcodes.ng/0se/
341113,ON,Ondo,Ose,Ifon,Ifon,Ifon,true,HIGH,https://zipcodes.ng/0se/
341114,ON,Ondo,Ose,Ifon,Ifon,Ifon,true,HIGH,https://zipcodes.ng/0se/
341115,ON,Ondo,Ose,Ifon,Ifon,Ifon,true,HIGH,https://zipcodes.ng/0se/
341116,ON,Ondo,Ose,Ifon,Ifon,Ifon,true,HIGH,https://zipcodes.ng/0se/
341117,ON,Ondo,Ose,Ifon,Ifon,Ifon,true,HIGH,https://zipcodes.ng/0se/
341118,ON,Ondo,Ose,Ifon,Ifon,Ifon,true,HIGH,https://zipcodes.ng/0se/
341119,ON,Ondo,Ose,Ifon,Ifon,Ifon,true,HIGH,https://zipcodes.ng/0se/
342001,ON,Ondo,Akoko North-East,Ikare,Ikare,Ikare,true,MEDIUM,https://nigeriapostal.com/location/NG-Ondo/Ikare
342005,ON,Ondo,Akoko North-West,Oke Agbe,Oke Agbe,Oke Agbe,true,MEDIUM,https://nigeriapostal.com/location/NG-Ondo/Oke%20Agbe
342006,ON,Ondo,Akoko South-East,Oka,Oka,Oka,true,MEDIUM,https://nigeriapostal.com/location/NG-Ondo/Oka
350101,ON,Ondo,Odigbo,Ore,Ore,Ore,true,HIGH,https://zipcodes.ng/odigbo/
350102,ON,Ondo,Odigbo,Ore,Ore,Ore,true,HIGH,https://zipcodes.ng/odigbo/
350103,ON,Ondo,Odigbo,Ore,Ore,Ore,true,HIGH,https://zipcodes.ng/odigbo/
350104,ON,Ondo,Okitipupa,Okitipupa,Okitipupa,Okitipupa,true,MEDIUM,https://zipcodes.ng/oktipupa/
350105,ON,Ondo,Okitipupa,Okitipupa,Okitipupa,Okitipupa,true,MEDIUM,https://zipcodes.ng/oktipupa/
350106,ON,Ondo,Odigbo,Ore,Ore,Ore,true,HIGH,https://zipcodes.ng/odigbo/
350107,ON,Ondo,Odigbo,Ore,Ore,Ore,true,HIGH,https://zipcodes.ng/odigbo/
350108,ON,Ondo,Okitipupa,Okitipupa,Okitipupa,Okitipupa,true,MEDIUM,https://zipcodes.ng/oktipupa/
350109,ON,Ondo,Okitipupa,Okitipupa,Okitipupa,Okitipupa,true,MEDIUM,https://zipcodes.ng/oktipupa/
350110,ON,Ondo,Okitipupa,Okitipupa,Okitipupa,Okitipupa,true,MEDIUM,https://zipcodes.ng/oktipupa/
350112,ON,Ondo,Okitipupa,Okitipupa,Okitipupa,Okitipupa,true,MEDIUM,https://zipcodes.ng/oktipupa/
350113,ON,Ondo,Okitipupa,Okitipupa,Okitipupa,Okitipupa,true,MEDIUM,https://zipcodes.ng/oktipupa/
351001,ON,Ondo,Akoko South-West,Ondo,Ondo,Ondo,true,MEDIUM,https://nigeriapostal.com/location/NG-Ondo/Ondo
351101,ON,Ondo,Ondo West,Ondo,Ondo,Ondo,true,MEDIUM,https://zipcodes.ng/ondo-west-east/
351102,ON,Ondo,Ondo West,Ondo,Ondo,Ondo,true,MEDIUM,https://zipcodes.ng/ondo-west-east/
351103,ON,Ondo,Ondo West,Ondo,Ondo,Ondo,true,MEDIUM,https://zipcodes.ng/ondo-west-east/
351104,ON,Ondo,Ondo West,Ondo,Ondo,Ondo,true,MEDIUM,https://zipcodes.ng/ondo-west-east/
351105,ON,Ondo,Ondo West,Ondo,Ondo,Ondo,true,MEDIUM,https://zipcodes.ng/ondo-west-east/
351106,ON,Ondo,Ondo West,Ondo,Ondo,Ondo,true,MEDIUM,https://zipcodes.ng/ondo-west-east/
351107,ON,Ondo,Ile Oluji/Okeigbo,Ile-Oluji,Ile-Oluji,Ile-Oluji,true,HIGH,https://zipcodes.ng/ile-oluji-okeigbo/
351108,ON,Ondo,Ile Oluji/Okeigbo,Ile-Oluji,Ile-Oluji,Ile-Oluji,true,HIGH,https://zipcodes.ng/ile-oluji-okeigbo/
351109,ON,Ondo,Ile Oluji/Okeigbo,Ile-Oluji,Ile-Oluji,Ile-Oluji,true,HIGH,https://zipcodes.ng/ile-oluji-okeigbo/
351110,ON,Ondo,Ile Oluji/Okeigbo,Ile-Oluji,Ile-Oluji,Ile-Oluji,true,HIGH,https://zipcodes.ng/ile-oluji-okeigbo/
352106,ON,Ondo,Ese Odo,Igbekebo,Igbekebo,Igbekebo,true,MEDIUM,https://zipcodes.ng/ese-ondo/
352107,ON,Ondo,Ese Odo,Igbekebo,Igbekebo,Igbekebo,true,MEDIUM,https://zipcodes.ng/ese-ondo/
352108,ON,Ondo,Ese Odo,Igbekebo,Igbekebo,Igbekebo,true,MEDIUM,https://zipcodes.ng/ese-ondo/
352109,ON,Ondo,Ese Odo,Igbekebo,Igbekebo,Igbekebo,true,MEDIUM,https://zipcodes.ng/ese-ondo/
352110,ON,Ondo,Ese Odo,Igbekebo,Igbekebo,Igbekebo,true,MEDIUM,https://zipcodes.ng/ese-ondo/
352111,ON,Ondo,Ese Odo,Igbekebo,Igbekebo,Igbekebo,true,MEDIUM,https://zipcodes.ng/ese-ondo/
352112,ON,Ondo,Ese Odo,Igbekebo,Igbekebo,Igbekebo,true,MEDIUM,https://zipcodes.ng/ese-ondo/
352114,ON,Ondo,Ese Odo,Igbekebo,Igbekebo,Igbekebo,true,MEDIUM,https://zipcodes.ng/ese-ondo/
352115,ON,Ondo,Ese Odo,Igbekebo,Igbekebo,Igbekebo,true,MEDIUM,https://zipcodes.ng/ese-ondo/
352116,ON,Ondo,Ilaje,Igbokoda,Igbokoda,Igbokoda,true,MEDIUM,https://nigeriapostal.com/location/NG-Ondo/Ilaje
360211,EK,Ekiti,Ado Ekiti,Ado Ekiti,Ado Ekiti,Ado Ekiti,false,HIGH,https://zipcodes.ng/ado-ekiti/
360212,EK,Ekiti,Ado Ekiti,Ado Ekiti,Ado Ekiti,Ado Ekiti,false,HIGH,https://zipcodes.ng/ado-ekiti/
360213,EK,Ekiti,Ado Ekiti,Ado Ekiti,Ado Ekiti,Ado Ekiti,false,HIGH,https://zipcodes.ng/ado-ekiti/
360221,EK,Ekiti,Ado Ekiti,Ado Ekiti,Ado Ekiti,Ado Ekiti,false,HIGH,https://zipcodes.ng/ado-ekiti/
360231,EK,Ekiti,Ado Ekiti,Ado Ekiti,Ado Ekiti,Ado Ekiti,false,HIGH,https://zipcodes.ng/ado-ekiti/
360241,EK,Ekiti,Ado Ekiti,Ado Ekiti,Ado Ekiti,Ado Ekiti,false,HIGH,https://zipcodes.ng/ado-ekiti/
360251,EK,Ekiti,Ado Ekiti,Ado Ekiti,Ado Ekiti,Ado Ekiti,false,HIGH,https://zipcodes.ng/ado-ekiti/
360261,EK,Ekiti,Ado Ekiti,Ado Ekiti,Ado Ekiti,Ado Ekiti,false,HIGH,https://zipcodes.ng/ado-ekiti/
360271,EK,Ekiti,Ado Ekiti,Ado Ekiti,Ado Ekiti,Ado Ekiti,false,HIGH,https://zipcodes.ng/ado-ekiti/
360281,EK,Ekiti,Ado Ekiti,Ado Ekiti,Ado Ekiti,Ado Ekiti,false,HIGH,https://zipcodes.ng/ado-ekiti/
361101,EK,Ekiti,Ikere,Ikere-Ekiti,Ikere-Ekiti,Ikere-Ekiti,true,HIGH,https://zipcodes.ng/ikere/
361102,EK,Ekiti,Ikere,Ikere-Ekiti,Ikere-Ekiti,Ikere-Ekiti,true,HIGH,https://zipcodes.ng/ikere/
361103,EK,Ekiti,Ise/Orun,Ise-Ekiti,Ise-Ekiti,Ise-Ekiti,true,MEDIUM,https://zipcodes.ng/ise/
361104,EK,Ekiti,Emure,Emure-Ekiti,Emure-Ekiti,Emure-Ekiti,true,HIGH,https://zipcodes.ng/emure-lga-zip-codes/
370101,EK,Ekiti,Ikole,Ikole-Ekiti,Ikole-Ekiti,Ikole-Ekiti,true,HIGH,https://zipcodes.ng/ikole/
370102,EK,Ekiti,Ikole,Ikole-Ekiti,Ikole-Ekiti,Ikole-Ekiti,true,HIGH,https://zipcodes.ng/ikole/
370103,EK,Ekiti,Ikole,Ikole-Ekiti,Ikole-Ekiti,Ikole-Ekiti,true,HIGH,https://zipcodes.ng/ikole/
370104,EK,Ekiti,Ekiti East,Omuo-Ekiti,Omuo-Ekiti,Omuo-Ekiti,true,HIGH,https://zipcodes.ng/ekiti-east/
370105,EK,Ekiti,Ekiti East,Omuo-Ekiti,Omuo-Ekiti,Omuo-Ekiti,true,HIGH,https://zipcodes.ng/ekiti-east/
370107,EK,Ekiti,Gbonyin,Ode-Ekiti,Ode-Ekiti,Ode-Ekiti,true,HIGH,https://zipcodes.ng/gbonyin/
370108,EK,Ekiti,Gbonyin,Ode-Ekiti,Ode-Ekiti,Ode-Ekiti,true,HIGH,https://zipcodes.ng/gbonyin/
370110,EK,Ekiti,Gbonyin,Ode-Ekiti,Ode-Ekiti,Ode-Ekiti,true,HIGH,https://zipcodes.ng/gbonyin/
370111,EK,Ekiti,Oye,Oye-Ekiti,Oye-Ekiti,Oye-Ekiti,true,HIGH,https://zipcodes.ng/oye/
370112,EK,Ekiti,Oye,Oye-Ekiti,Oye-Ekiti,Oye-Ekiti,true,HIGH,https://zipcodes.ng/oye/
371101,EK,Ekiti,Ido Osi,Ido-Ekiti,Ido-Ekiti,Ido-Ekiti,true,HIGH,https://zipcodes.ng/ido-osi/
371102,EK,Ekiti,Ido Osi,Ido-Ekiti,Ido-Ekiti,Ido-Ekiti,true,HIGH,https://zipcodes.ng/ido-osi/
371103,EK,Ekiti,Ido Osi,Ido-Ekiti,Ido-Ekiti,Ido-Ekiti,true,HIGH,https://zipcodes.ng/ido-osi/
371104,EK,Ekiti,Oye,Oye-Ekiti,Oye-Ekiti,Oye-Ekiti,true,HIGH,https://zipcodes.ng/oye/
371105,EK,Ekiti,Oye,Oye-Ekiti,Oye-Ekiti,Oye-Ekiti,true,HIGH,https://zipcodes.ng/oye/
371106,EK,Ekiti,Oye,Oye-Ekiti,Oye-Ekiti,Oye-Ekiti,true,HIGH,https://zipcodes.ng/oye/
372101,EK,Ekiti,Ijero,Ijero-Ekiti,Ijero-Ekiti,Ijero-Ekiti,true,HIGH,https://zipcodes.ng/ijero-ekiti/
372102,EK,Ekiti,Ijero,Ijero-Ekiti,Ijero-Ekiti,Ijero-Ekiti,true,HIGH,https://zipcodes.ng/ijero-ekiti/
372103,EK,Ekiti,Ijero,Ijero-Ekiti,Ijero-Ekiti,Ijero-Ekiti,true,HIGH,https://zipcodes.ng/ijero-ekiti/
372104,EK,Ekiti,Ijero,Ijero-Ekiti,Ijero-Ekiti,Ijero-Ekiti,true,HIGH,https://zipcodes.ng/ijero-ekiti/
372105,EK,Ekiti,Ilejemeje,Iye-Ekiti,Iye-Ekiti,Iye-Ekiti,true,MEDIUM,https://nigeriapostal.com/location/NG-Ekiti/Ilejemeje
372106,EK,Ekiti,Ilejemeje,Iye-Ekiti,Iye-Ekiti,Iye-Ekiti,true,MEDIUM,https://nigeriapostal.com/location/NG-Ekiti/Ilejemeje
372107,EK,Ekiti,Ilejemeje,Iye-Ekiti,Iye-Ekiti,Iye-Ekiti,true,MEDIUM,https://nigeriapostal.com/location/NG-Ekiti/Ilejemeje
372108,EK,Ekiti,Ijero,Ijero-Ekiti,Ijero-Ekiti,Ijero-Ekiti,true,HIGH,https://zipcodes.ng/ijero-ekiti/
372109,EK,Ekiti,Ijero,Ijero-Ekiti,Ijero-Ekiti,Ijero-Ekiti,true,HIGH,https://zipcodes.ng/ijero-ekiti/
400102,EN,Enugu,Enugu North,Udi,Udi,Udi,false,HIGH,https://zipcodes.ng/enugu-north/
400103,EN,Enugu,Enugu East,Nkwo Nike,Nkwo Nike,Nkwo Nike,false,HIGH,https://zipcodes.ng/enugu-east/
400104,EN,Enugu,Enugu East,Nkwo Nike,Nkwo Nike,Nkwo Nike,false,HIGH,https://zipcodes.ng/enugu-east/
400105,EN,Enugu,Enugu South,Enugu,Enugu,Enugu,false,HIGH,https://zipcodes.ng/enugu-south/
400106,EN,Enugu,Enugu South,Enugu,Enugu,Enugu,false,HIGH,https://zipcodes.ng/enugu-south/
400107,EN,Enugu,Enugu South,Enugu,Enugu,Enugu,false,HIGH,https://zipcodes.ng/enugu-south/
400108,EN,Enugu,Enugu South,Enugu,Enugu,Enugu,false,HIGH,https://zipcodes.ng/enugu-south/
401007,EN,Enugu,Oji River,Oji River,Oji River,Oji River,true,MEDIUM,https://nigeriapostal.com/location/NG-Enugu/Oji%20River
401101,EN,Enugu,Udi,Udi,Udi,Udi,true,HIGH,https://zipcodes.ng/udi/
401102,EN,Enugu,Udi,Udi,Udi,Udi,true,HIGH,https://zipcodes.ng/udi/
401103,EN,Enugu,Udi,Udi,Udi,Udi,true,HIGH,https://zipcodes.ng/udi/
401104,EN,Enugu,Udi,Udi,Udi,Udi,true,HIGH,https://zipcodes.ng/udi/
401105,EN,Enugu,Udi,Udi,Udi,Udi,true,HIGH,https://zipcodes.ng/udi/
401108,EN,Enugu,Udi,Udi,Udi,Udi,true,HIGH,https://zipcodes.ng/udi/
401109,EN,Enugu,Udi,Udi,Udi,Udi,true,HIGH,https://zipcodes.ng/udi/
401110,EN,Enugu,Udi,Udi,Udi,Udi,true,HIGH,https://zipcodes.ng/udi/
401111,EN,Enugu,Udi,Udi,Udi,Udi,true,HIGH,https://zipcodes.ng/udi/
401112,EN,Enugu,Udi,Udi,Udi,Udi,true,HIGH,https://zipcodes.ng/udi/
401113,EN,Enugu,Udi,Udi,Udi,Udi,true,HIGH,https://zipcodes.ng/udi/
401114,EN,Enugu,Udi,Udi,Udi,Udi,true,HIGH,https://zipcodes.ng/udi/
401116,EN,Enugu,Udi,Udi,Udi,Udi,true,HIGH,https://zipcodes.ng/udi/
401117,EN,Enugu,Udi,Udi,Udi,Udi,true,HIGH,https://zipcodes.ng/udi/
401118,EN,Enugu,Udi,Udi,Udi,Udi,true,HIGH,https://zipcodes.ng/udi/
401119,EN,Enugu,Udi,Udi,Udi,Udi,true,HIGH,https://zipcodes.ng/udi/
401122,EN,Enugu,Udi,Udi,Udi,Udi,true,HIGH,https://zipcodes.ng/udi/
401123,EN,Enugu,Udi,Udi,Udi,Udi,true,HIGH,https://zipcodes.ng/udi/
401124,EN,Enugu,Udi,Udi,Udi,Udi,true,HIGH,https://zipcodes.ng/udi/
401125,EN,Enugu,Ezeagu,Aguobu-Owa,Aguobu-Owa,Aguobu-Owa,true,HIGH,https://zipcodes.ng/ezeagu/
401127,EN,Enugu,Ezeagu,Aguobu-Owa,Aguobu-Owa,Aguobu-Owa,true,HIGH,https://zipcodes.ng/ezeagu/
401128,EN,Enugu,Ezeagu,Aguobu-Owa,Aguobu-Owa,Aguobu-Owa,true,HIGH,https://zipcodes.ng/ezeagu/
401129,EN,Enugu,Ezeagu,Aguobu-Owa,Aguobu-Owa,Aguobu-Owa,true,HIGH,https://zipcodes.ng/ezeagu/
401130,EN,Enugu,Ezeagu,Aguobu-Owa,Aguobu-Owa,Aguobu-Owa,true,HIGH,https://zipcodes.ng/ezeagu/
401132,EN,Enugu,Ezeagu,Aguobu-Owa,Aguobu-Owa,Aguobu-Owa,true,HIGH,https://zipcodes.ng/ezeagu/
401133,EN,Enugu,Ezeagu,Aguobu-Owa,Aguobu-Owa,Aguobu-Owa,true,HIGH,https://zipcodes.ng/ezeagu/
401134,EN,Enugu,Ezeagu,Aguobu-Owa,Aguobu-Owa,Aguobu-Owa,true,HIGH,https://zipcodes.ng/ezeagu/
401135,EN,Enugu,Ezeagu,Aguobu-Owa,Aguobu-Owa,Aguobu-Owa,true,HIGH,https://zipcodes.ng/ezeagu/
401136,EN,Enugu,Ezeagu,Aguobu-Owa,Aguobu-Owa,Aguobu-Owa,true,HIGH,https://zipcodes.ng/ezeagu/
401137,EN,Enugu,Ezeagu,Aguobu-Owa,Aguobu-Owa,Aguobu-Owa,true,HIGH,https://zipcodes.ng/ezeagu/
401138,EN,Enugu,Ezeagu,Aguobu-Owa,Aguobu-Owa,Aguobu-Owa,true,HIGH,https://zipcodes.ng/ezeagu/
401139,EN,Enugu,Ezeagu,Aguobu-Owa,Aguobu-Owa,Aguobu-Owa,true,HIGH,https://zipcodes.ng/ezeagu/
401140,EN,Enugu,Ezeagu,Aguobu-Owa,Aguobu-Owa,Aguobu-Owa,true,HIGH,https://zipcodes.ng/ezeagu/
401141,EN,Enugu,Ezeagu,Aguobu-Owa,Aguobu-Owa,Aguobu-Owa,true,HIGH,https://zipcodes.ng/ezeagu/
401142,EN,Enugu,Ezeagu,Aguobu-Owa,Aguobu-Owa,Aguobu-Owa,true,HIGH,https://zipcodes.ng/ezeagu/
401143,EN,Enugu,Ezeagu,Aguobu-Owa,Aguobu-Owa,Aguobu-Owa,true,HIGH,https://zipcodes.ng/ezeagu/
401144,EN,Enugu,Ezeagu,Aguobu-Owa,Aguobu-Owa,Aguobu-Owa,true,HIGH,https://zipcodes.ng/ezeagu/
401145,EN,Enugu,Oji River,Oji River,Oji River,Oji River,true,MEDIUM,https://nigeriapostal.com/location/NG-Enugu/Oji%20River
401146,EN,Enugu,Oji River,Oji River,Oji River,Oji River,true,MEDIUM,https://nigeriapostal.com/location/NG-Enugu/Oji%20River
401147,EN,Enugu,Oji River,Oji River,Oji River,Oji River,true,MEDIUM,https://nigeriapostal.com/location/NG-Enugu/Oji%20River
402101,EN,Enugu,Nkanu West,Agbani,Agbani,Agbani,true,MEDIUM,https://nigeriapostal.com/location/NG-Enugu/Nkanu%20West
402102,EN,Enugu,Nkanu West,Agbani,Agbani,Agbani,true,MEDIUM,https://nigeriapostal.com/location/NG-Enugu/Nkanu%20West
402103,EN,Enugu,Nkanu West,Agbani,Agbani,Agbani,true,MEDIUM,https://nigeriapostal.com/location/NG-Enugu/Nkanu%20West
402104,EN,Enugu,Nkanu West,Agbani,Agbani,Agbani,true,MEDIUM,https://nigeriapostal.com/location/NG-Enugu/Nkanu%20West
402105,EN,Enugu,Nkanu West,Agbani,Agbani,Agbani,true,MEDIUM,https://nigeriapostal.com/location/NG-Enugu/Nkanu%20West
402113,EN,Enugu,Nkanu East,Amagunze,Amagunze,Amagunze,true,HIGH,https://zipcodes.ng/nkanu-east/
402114,EN,Enugu,Nkanu East,Amagunze,Amagunze,Amagunze,true,HIGH,https://zipcodes.ng/nkanu-east/
402115,EN,Enugu,Nkanu East,Amagunze,Amagunze,Amagunze,true,HIGH,https://zipcodes.ng/nkanu-east/
402116,EN,Enugu,Nkanu East,Amagunze,Amagunze,Amagunze,true,HIGH,https://zipcodes.ng/nkanu-east/
402117,EN,Enugu,Nkanu East,Amagunze,Amagunze,Amagunze,true,HIGH,https://zipcodes.ng/nkanu-east/
402118,EN,Enugu,Nkanu East,Amagunze,Amagunze,Amagunze,true,HIGH,https://zipcodes.ng/nkanu-east/
402119,EN,Enugu,Nkanu East,Amagunze,Amagunze,Amagunze,true,HIGH,https://zipcodes.ng/nkanu-east/
402120,EN,Enugu,Awgu,Awgu,Awgu,Awgu,true,HIGH,https://zipcodes.ng/awgu/
402121,EN,Enugu,Awgu,Awgu,Awgu,Awgu,true,HIGH,https://zipcodes.ng/awgu/
402124,EN,Enugu,Awgu,Awgu,Awgu,Awgu,true,HIGH,https://zipcodes.ng/awgu/
402126,EN,Enugu,Awgu,Awgu,Awgu,Awgu,true,HIGH,https://zipcodes.ng/awgu/
402135,EN,Enugu,Awgu,Awgu,Awgu,Awgu,true,HIGH,https://zipcodes.ng/awgu/
402136,EN,Enugu,Awgu,Awgu,Awgu,Awgu,true,HIGH,https://zipcodes.ng/awgu/
402137,EN,Enugu,Awgu,Awgu,Awgu,Awgu,true,HIGH,https://zipcodes.ng/awgu/
402138,EN,Enugu,Awgu,Awgu,Awgu,Awgu,true,HIGH,https://zipcodes.ng/awgu/
402139,EN,Enugu,Awgu,Awgu,Awgu,Awgu,true,HIGH,https://zipcodes.ng/awgu/
402140,EN,Enugu,Aninri,Nenwe,Nenwe,Nenwe,true,MEDIUM,https://zipcodes.ng/aninri/
402141,EN,Enugu,Aninri,Nenwe,Nenwe,Nenwe,true,MEDIUM,https://zipcodes.ng/aninri/
402142,EN,Enugu,Aninri,Nenwe,Nenwe,Nenwe,true,MEDIUM,https://zipcodes.ng/aninri/
402143,EN,Enugu,Aninri,Nenwe,Nenwe,Nenwe,true,MEDIUM,https://zipcodes.ng/aninri/
402144,EN,Enugu,Aninri,Nenwe,Nenwe,Nenwe,true,MEDIUM,https://zipcodes.ng/aninri/
410010,AB,Abia,Bende,Bende,Bende,Bende,true,HIGH,https://zipcodes.ng/bende/
410101,EN,Enugu,Nsukka,Nsukka,Nsukka,Nsukka,true,HIGH,https://zipcodes.ng/nsukka/
410102,EN,Enugu,Nsukka,Nsukka,Nsukka,Nsukka,true,HIGH,https://zipcodes.ng/nsukka/
410103,EN,Enugu,Nsukka,Nsukka,Nsukka,Nsukka,true,HIGH,https://zipcodes.ng/nsukka/
410104,EN,Enugu,Nsukka,Nsukka,Nsukka,Nsukka,true,HIGH,https://zipcodes.ng/nsukka/
410105,EN,Enugu,Nsukka,Nsukka,Nsukka,Nsukka,true,HIGH,https://zipcodes.ng/nsukka/
410106,EN,Enugu,Nsukka,Nsukka,Nsukka,Nsukka,true,HIGH,https://zipcodes.ng/nsukka/
410107,EN,Enugu,Nsukka,Nsukka,Nsukka,Nsukka,true,HIGH,https://zipcodes.ng/nsukka/
410108,EN,Enugu,Nsukka,Nsukka,Nsukka,Nsukka,true,HIGH,https://zipcodes.ng/nsukka/
410109,EN,Enugu,Nsukka,Nsukka,Nsukka,Nsukka,true,HIGH,https://zipcodes.ng/nsukka/
410110,EN,Enugu,Nsukka,Nsukka,Nsukka,Nsukka,true,HIGH,https://zipcodes.ng/nsukka/
410111,EN,Enugu,Nsukka,Nsukka,Nsukka,Nsukka,true,HIGH,https://zipcodes.ng/nsukka/
410112,EN,Enugu,Nsukka,Nsukka,Nsukka,Nsukka,true,HIGH,https://zipcodes.ng/nsukka/
410113,EN,Enugu,Nsukka,Nsukka,Nsukka,Nsukka,true,HIGH,https://zipcodes.ng/nsukka/
410114,EN,Enugu,Nsukka,Nsukka,Nsukka,Nsukka,true,HIGH,https://zipcodes.ng/nsukka/
410115,EN,Enugu,Nsukka,Nsukka,Nsukka,Nsukka,true,HIGH,https://zipcodes.ng/nsukka/
410116,EN,Enugu,Nsukka,Nsukka,Nsukka,Nsukka,true,HIGH,https://zipcodes.ng/nsukka/
411101,EN,Enugu,Igbo Etiti,Ogbede,Ogbede,Ogbede,true,HIGH,https://zipcodes.ng/lgbo-etiti/
411102,EN,Enugu,Igbo Etiti,Ogbede,Ogbede,Ogbede,true,HIGH,https://zipcodes.ng/lgbo-etiti/
411103,EN,Enugu,Igbo Etiti,Ogbede,Ogbede,Ogbede,true,HIGH,https://zipcodes.ng/lgbo-etiti/
411104,EN,Enugu,Igbo Etiti,Ogbede,Ogbede,Ogbede,true,HIGH,https://zipcodes.ng/lgbo-etiti/
411105,EN,Enugu,Igbo Etiti,Ogbede,Ogbede,Ogbede,true,HIGH,https://zipcodes.ng/lgbo-etiti/
411106,EN,Enugu,Igbo Etiti,Ogbede,Ogbede,Ogbede,true,HIGH,https://zipcodes.ng/lgbo-etiti/
411107,EN,Enugu,Igbo Etiti,Ogbede,Ogbede,Ogbede,true,HIGH,https://zipcodes.ng/lgbo-etiti/
411108,EN,Enugu,Igbo Etiti,Ogbede,Ogbede,Ogbede,true,HIGH,https://zipcodes.ng/lgbo-etiti/
411109,EN,Enugu,Igbo Etiti,Ogbede,Ogbede,Ogbede,true,HIGH,https://zipcodes.ng/lgbo-etiti/
411110,EN,Enugu,Igbo Etiti,Ogbede,Ogbede,Ogbede,true,HIGH,https://zipcodes.ng/lgbo-etiti/
411111,EN,Enugu,Uzo-Uwani,Umulokpa,Umulokpa,Umulokpa,true,MEDIUM,https://nigeriapostal.com/location/NG-Enugu/Uzo-Uwani
411112,EN,Enugu,Uzo-Uwani,Umulokpa,Umulokpa,Umulokpa,true,MEDIUM,https://nigeriapostal.com/location/NG-Enugu/Uzo-Uwani
411113,EN,Enugu,Uzo-Uwani,Umulokpa,Umulokpa,Umulokpa,true,MEDIUM,https://nigeriapostal.com/location/NG-Enugu/Uzo-Uwani
412101,EN,Enugu,Isi Uzo,Ikem,Ikem,Ikem,true,HIGH,https://zipcodes.ng/isi-uzo/
412102,EN,Enugu,Isi Uzo,Ikem,Ikem,Ikem,true,HIGH,https://zipcodes.ng/isi-uzo/
412103,EN,Enugu,Isi Uzo,Ikem,Ikem,Ikem,true,HIGH,https://zipcodes.ng/isi-uzo/
412104,EN,Enugu,Isi Uzo,Ikem,Ikem,Ikem,true,HIGH,https://zipcodes.ng/isi-uzo/
412105,EN,Enugu,Isi Uzo,Ikem,Ikem,Ikem,true,HIGH,https://zipcodes.ng/isi-uzo/
412106,EN,Enugu,Udenu,Obollo Afor,Obollo Afor,Obollo Afor,true,HIGH,https://zipcodes.ng/udenu/
412107,EN,Enugu,Udenu,Obollo Afor,Obollo Afor,Obollo Afor,true,HIGH,https://zipcodes.ng/udenu/
412108,EN,Enugu,Udenu,Obollo Afor,Obollo Afor,Obollo Afor,true,HIGH,https://zipcodes.ng/udenu/
412109,EN,Enugu,Udenu,Obollo Afor,Obollo Afor,Obollo Afor,true,HIGH,https://zipcodes.ng/udenu/
412110,EN,Enugu,Udenu,Obollo Afor,Obollo Afor,Obollo Afor,true,HIGH,https://zipcodes.ng/udenu/
412111,EN,Enugu,Udenu,Obollo Afor,Obollo Afor,Obollo Afor,true,HIGH,https://zipcodes.ng/udenu/
412112,EN,Enugu,Udenu,Obollo Afor,Obollo Afor,Obollo Afor,true,HIGH,https://zipcodes.ng/udenu/
412113,EN,Enugu,Udenu,Obollo Afor,Obollo Afor,Obollo Afor,true,HIGH,https://zipcodes.ng/udenu/
412114,EN,Enugu,Udenu,Obollo Afor,Obollo Afor,Obollo Afor,true,HIGH,https://zipcodes.ng/udenu/
420102,AN,Anambra,Awka South,Awka,Awka,Awka,false,HIGH,https://zipcodes.ng/awka-south/
420103,AN,Anambra,Awka South,Awka,Awka,Awka,false,HIGH,https://zipcodes.ng/awka-south/
420104,AN,Anambra,Awka South,Awka,Awka,Awka,false,HIGH,https://zipcodes.ng/awka-south/
420105,AN,Anambra,Awka South,Awka,Awka,Awka,false,HIGH,https://zipcodes.ng/awka-south/
420106,AN,Anambra,Awka South,Awka,Awka,Awka,false,HIGH,https://zipcodes.ng/awka-south/
420107,AN,Anambra,Awka South,Awka,Awka,Awka,false,HIGH,https://zipcodes.ng/awka-south/
420108,AN,Anambra,Awka South,Awka,Awka,Awka,false,HIGH,https://zipcodes.ng/awka-south/
420109,AN,Anambra,Awka South,Awka,Awka,Awka,false,HIGH,https://zipcodes.ng/awka-south/
420110,AN,Anambra,Awka South,Awka,Awka,Awka,false,HIGH,https://zipcodes.ng/awka-south/
420111,AN,Anambra,Awka North,Achalla,Achalla,Achalla,false,HIGH,https://zipcodes.ng/akwa-north/
420112,AN,Anambra,Awka North,Achalla,Achalla,Achalla,false,HIGH,https://zipcodes.ng/akwa-north/
420113,AN,Anambra,Awka North,Achalla,Achalla,Achalla,false,HIGH,https://zipcodes.ng/akwa-north/
420114,AN,Anambra,Awka North,Achalla,Achalla,Achalla,false,HIGH,https://zipcodes.ng/akwa-north/
420115,AN,Anambra,Awka North,Achalla,Achalla,Achalla,false,HIGH,https://zipcodes.ng/akwa-north/
420116,AN,Anambra,Awka North,Achalla,Achalla,Achalla,false,HIGH,https://zipcodes.ng/akwa-north/
420117,AN,Anambra,Awka North,Achalla,Achalla,Achalla,false,HIGH,https://zipcodes.ng/akwa-north/
420118,AN,Anambra,Awka North,Achalla,Achalla,Achalla,false,HIGH,https://zipcodes.ng/akwa-north/
420119,AN,Anambra,Awka North,Achalla,Achalla,Achalla,false,HIGH,https://zipcodes.ng/akwa-north/
421009,AN,Anambra,Dunukofia,Ukpo,Ukpo,Ukpo,true,MEDIUM,https://nigeriapostal.com/location/NG-Anambra/Dunukofia
421101,AN,Anambra,Njikoka,Abagana,Abagana,Abagana,true,HIGH,https://zipcodes.ng/njikoka/
421102,AN,Anambra,Njikoka,Abagana,Abagana,Abagana,true,HIGH,https://zipcodes.ng/njikoka/
421103,AN,Anambra,Njikoka,Abagana,Abagana,Abagana,true,HIGH,https://zipcodes.ng/njikoka/
421104,AN,Anambra,Njikoka,Abagana,Abagana,Abagana,true,HIGH,https://zipcodes.ng/njikoka/
421105,AN,Anambra,Njikoka,Abagana,Abagana,Abagana,true,HIGH,https://zipcodes.ng/njikoka/
421106,AN,Anambra,Njikoka,Abagana,Abagana,Abagana,true,HIGH,https://zipcodes.ng/njikoka/
421107,AN,Anambra,Dunukofia,Ukpo,Ukpo,Ukpo,true,MEDIUM,https://nigeriapostal.com/location/NG-Anambra/Dunukofia
421108,AN,Anambra,Dunukofia,Ukpo,Ukpo,Ukpo,true,MEDIUM,https://nigeriapostal.com/location/NG-Anambra/Dunukofia
421109,AN,Anambra,Dunukofia,Ukpo,Ukpo,Ukpo,true,MEDIUM,https://nigeriapostal.com/location/NG-Anambra/Dunukofia
421110,AN,Anambra,Dunukofia,Ukpo,Ukpo,Ukpo,true,MEDIUM,https://nigeriapostal.com/location/NG-Anambra/Dunukofia
421111,AN,Anambra,Dunukofia,Ukpo,Ukpo,Ukpo,true,MEDIUM,https://nigeriapostal.com/location/NG-Anambra/Dunukofia
422101,AN,Anambra,Anaocha,Neni,Neni,Neni,true,HIGH,https://zipcodes.ng/anaocha/
422102,AN,Anambra,Anaocha,Neni,Neni,Neni,true,HIGH,https://zipcodes.ng/anaocha/
422103,AN,Anambra,Anaocha,Neni,Neni,Neni,true,HIGH,https://zipcodes.ng/anaocha/
422104,AN,Anambra,Anaocha,Neni,Neni,Neni,true,HIGH,https://zipcodes.ng/anaocha/
422105,AN,Anambra,Anaocha,Neni,Neni,Neni,true,HIGH,https://zipcodes.ng/anaocha/
422106,AN,Anambra,Anaocha,Neni,Neni,Neni,true,HIGH,https://zipcodes.ng/anaocha/
422108,AN,Anambra,Anaocha,Neni,Neni,Neni,true,HIGH,https://zipcodes.ng/anaocha/
422109,AN,Anambra,Anaocha,Neni,Neni,Neni,true,HIGH,https://zipcodes.ng/anaocha/
422110,AN,Anambra,Anaocha,Neni,Neni,Neni,true,HIGH,https://zipcodes.ng/anaocha/
422111,AN,Anambra,Aguata,Aguata,Aguata,Aguata,true,HIGH,https://zipcodes.ng/aguata/
422112,AN,Anambra,Aguata,Aguata,Aguata,Aguata,true,HIGH,https://zipcodes.ng/aguata/
422113,AN,Anambra,Aguata,Aguata,Aguata,Aguata,true,HIGH,https://zipcodes.ng/aguata/
422114,AN,Anambra,Aguata,Aguata,Aguata,Aguata,true,HIGH,https://zipcodes.ng/aguata/
422115,AN,Anambra,Aguata,Aguata,Aguata,Aguata,true,HIGH,https://zipcodes.ng/aguata/
422116,AN,Anambra,Aguata,Aguata,Aguata,Aguata,true,HIGH,https://zipcodes.ng/aguata/
422118,AN,Anambra,Aguata,Aguata,Aguata,Aguata,true,HIGH,https://zipcodes.ng/aguata/
422119,AN,Anambra,Aguata,Aguata,Aguata,Aguata,true,HIGH,https://zipcodes.ng/aguata/
422120,AN,Anambra,Aguata,Aguata,Aguata,Aguata,true,HIGH,https://zipcodes.ng/aguata/
422122,AN,Anambra,Aguata,Aguata,Aguata,Aguata,true,HIGH,https://zipcodes.ng/aguata/
422123,AN,Anambra,Aguata,Aguata,Aguata,Aguata,true,HIGH,https://zipcodes.ng/aguata/
422124,AN,Anambra,Aguata,Aguata,Aguata,Aguata,true,HIGH,https://zipcodes.ng/aguata/
423101,AN,Anambra,Orumba South,Umunze,Umunze,Umunze,true,HIGH,https://zipcodes.ng/orumba-south/
423102,AN,Anambra,Orumba South,Umunze,Umunze,Umunze,true,HIGH,https://zipcodes.ng/orumba-south/
423103,AN,Anambra,Orumba South,Umunze,Umunze,Umunze,true,HIGH,https://zipcodes.ng/orumba-south/
423104,AN,Anambra,Orumba South,Umunze,Umunze,Umunze,true,HIGH,https://zipcodes.ng/orumba-south/
423105,AN,Anambra,Orumba South,Umunze,Umunze,Umunze,true,HIGH,https://zipcodes.ng/orumba-south/
423106,AN,Anambra,Orumba South,Umunze,Umunze,Umunze,true,HIGH,https://zipcodes.ng/orumba-south/
423107,AN,Anambra,Orumba South,Umunze,Umunze,Umunze,true,HIGH,https://zipcodes.ng/orumba-south/
423108,AN,Anambra,Orumba South,Umunze,Umunze,Umunze,true,HIGH,https://zipcodes.ng/orumba-south/
423109,AN,Anambra,Orumba South,Umunze,Umunze,Umunze,true,HIGH,https://zipcodes.ng/orumba-south/
423110,AN,Anambra,Orumba South,Umunze,Umunze,Umunze,true,HIGH,https://zipcodes.ng/orumba-south/
423111,AN,Anambra,Orumba South,Umunze,Umunze,Umunze,true,HIGH,https://zipcodes.ng/orumba-south/
423112,AN,Anambra,Orumba South,Umunze,Umunze,Umunze,true,HIGH,https://zipcodes.ng/orumba-south/
423113,AN,Anambra,Orumba South,Umunze,Umunze,Umunze,true,HIGH,https://zipcodes.ng/orumba-south/
423114,AN,Anambra,Orumba South,Umunze,Umunze,Umunze,true,HIGH,https://zipcodes.ng/orumba-south/
423115,AN,Anambra,Orumba South,Umunze,Umunze,Umunze,true,HIGH,https://zipcodes.ng/orumba-south/
423116,AN,Anambra,Orumba North,Ajalli,Ajalli,Ajalli,true,HIGH,https://zipcodes.ng/orumba-north/
423117,AN,Anambra,Orumba North,Ajalli,Ajalli,Ajalli,true,HIGH,https://zipcodes.ng/orumba-north/
423118,AN,Anambra,Orumba North,Ajalli,Ajalli,Ajalli,true,HIGH,https://zipcodes.ng/orumba-north/
423120,AN,Anambra,Orumba North,Ajalli,Ajalli,Ajalli,true,HIGH,https://zipcodes.ng/orumba-north/
423122,AN,Anambra,Orumba North,Ajalli,Ajalli,Ajalli,true,HIGH,https://zipcodes.ng/orumba-north/
423123,AN,Anambra,Orumba North,Ajalli,Ajalli,Ajalli,true,HIGH,https://zipcodes.ng/orumba-north/
423124,AN,Anambra,Orumba North,Ajalli,Ajalli,Ajalli,true,HIGH,https://zipcodes.ng/orumba-north/
423125,AN,Anambra,Orumba North,Ajalli,Ajalli,Ajalli,true,HIGH,https://zipcodes.ng/orumba-north/
423126,AN,Anambra,Orumba North,Ajalli,Ajalli,Ajalli,true,HIGH,https://zipcodes.ng/orumba-north/
423127,AN,Anambra,Orumba North,Ajalli,Ajalli,Ajalli,true,HIGH,https://zipcodes.ng/orumba-north/
423128,AN,Anambra,Orumba North,Ajalli,Ajalli,Ajalli,true,HIGH,https://zipcodes.ng/orumba-north/
423129,AN,Anambra,Orumba North,Ajalli,Ajalli,Ajalli,true,HIGH,https://zipcodes.ng/orumba-north/
423130,AN,Anambra,Orumba North,Ajalli,Ajalli,Ajalli,true,HIGH,https://zipcodes.ng/orumba-north/
423131,AN,Anambra,Orumba North,Ajalli,Ajalli,Ajalli,true,HIGH,https://zipcodes.ng/orumba-north/
423199,AN,Anambra,Orumba North,Ajalli,Ajalli,Ajalli,true,HIGH,https://zipcodes.ng/orumba-north/
431101,AN,Anambra,Ogbaru,Atani,Atani,Atani,true,HIGH,https://zipcodes.ng/ogbaru/
431102,AN,Anambra,Ogbaru,Atani,Atani,Atani,true,HIGH,https://zipcodes.ng/ogbaru/
431103,AN,Anambra,Ogbaru,Atani,Atani,Atani,true,HIGH,https://zipcodes.ng/ogbaru/
431104,AN,Anambra,Ogbaru,Atani,Atani,Atani,true,HIGH,https://zipcodes.ng/ogbaru/
431105,AN,Anambra,Ogbaru,Atani,Atani,Atani,true,HIGH,https://zipcodes.ng/ogbaru/
431106,AN,Anambra,Ogbaru,Atani,Atani,Atani,true,HIGH,https://zipcodes.ng/ogbaru/
431107,AN,Anambra,Ogbaru,Atani,Atani,Atani,true,HIGH,https://zipcodes.ng/ogbaru/
431108,AN,Anambra,Ogbaru,Atani,Atani,Atani,true,HIGH,https://zipcodes.ng/ogbaru/
431109,AN,Anambra,Ogbaru,Atani,Atani,Atani,true,HIGH,https://zipcodes.ng/ogbaru/
431110,AN,Anambra,Ogbaru,Atani,Atani,Atani,true,HIGH,https://zipcodes.ng/ogbaru/
431111,AN,Anambra,Ogbaru,Atani,Atani,Atani,true,HIGH,https://zipcodes.ng/ogbaru/
431112,AN,Anambra,Ogbaru,Atani,Atani,Atani,true,HIGH,https://zipcodes.ng/ogbaru/
431113,AN,Anambra,Ogbaru,Atani,Atani,Atani,true,HIGH,https://zipcodes.ng/ogbaru/
431114,AN,Anambra,Ogbaru,Atani,Atani,Atani,true,HIGH,https://zipcodes.ng/ogbaru/
431115,AN,Anambra,Ogbaru,Atani,Atani,Atani,true,HIGH,https://zipcodes.ng/ogbaru/
431116,AN,Anambra,Ihiala,Ihiala,Ihiala,Ihiala,true,HIGH,https://zipcodes.ng/ihiala/
431117,AN,Anambra,Ihiala,Ihiala,Ihiala,Ihiala,true,HIGH,https://zipcodes.ng/ihiala/
431118,AN,Anambra,Ihiala,Ihiala,Ihiala,Ihiala,true,HIGH,https://zipcodes.ng/ihiala/
431119,AN,Anambra,Ihiala,Ihiala,Ihiala,Ihiala,true,HIGH,https://zipcodes.ng/ihiala/
431120,AN,Anambra,Ihiala,Ihiala,Ihiala,Ihiala,true,HIGH,https://zipcodes.ng/ihiala/
431121,AN,Anambra,Ihiala,Ihiala,Ihiala,Ihiala,true,HIGH,https://zipcodes.ng/ihiala/
431123,AN,Anambra,Ihiala,Ihiala,Ihiala,Ihiala,true,HIGH,https://zipcodes.ng/ihiala/
431124,AN,Anambra,Ihiala,Ihiala,Ihiala,Ihiala,true,HIGH,https://zipcodes.ng/ihiala/
431125,AN,Anambra,Ihiala,Ihiala,Ihiala,Ihiala,true,HIGH,https://zipcodes.ng/ihiala/
432101,AN,Anambra,Anambra East,Nzam,Nzam,Nzam,true,HIGH,https://zipcodes.ng/anambra-east/
432102,AN,Anambra,Anambra East,Nzam,Nzam,Nzam,true,HIGH,https://zipcodes.ng/anambra-east/
432103,AN,Anambra,Anambra East,Nzam,Nzam,Nzam,true,HIGH,https://zipcodes.ng/anambra-east/
432104,AN,Anambra,Anambra East,Nzam,Nzam,Nzam,true,HIGH,https://zipcodes.ng/anambra-east/
432106,AN,Anambra,Anambra East,Nzam,Nzam,Nzam,true,HIGH,https://zipcodes.ng/anambra-east/
432107,AN,Anambra,Anambra East,Nzam,Nzam,Nzam,true,HIGH,https://zipcodes.ng/anambra-east/
432108,AN,Anambra,Anambra East,Nzam,Nzam,Nzam,true,HIGH,https://zipcodes.ng/anambra-east/
432109,AN,Anambra,Anambra West,Otuocha,Otuocha,Otuocha,true,HIGH,https://zipcodes.ng/anambra-west/
432110,AN,Anambra,Anambra West,Otuocha,Otuocha,Otuocha,true,HIGH,https://zipcodes.ng/anambra-west/
432111,AN,Anambra,Anambra West,Otuocha,Otuocha,Otuocha,true,HIGH,https://zipcodes.ng/anambra-west/
432112,AN,Anambra,Anambra West,Otuocha,Otuocha,Otuocha,true,HIGH,https://zipcodes.ng/anambra-west/
432113,AN,Anambra,Anambra West,Otuocha,Otuocha,Otuocha,true,HIGH,https://zipcodes.ng/anambra-west/
432114,AN,Anambra,Anambra West,Otuocha,Otuocha,Otuocha,true,HIGH,https://zipcodes.ng/anambra-west/
432115,AN,Anambra,Anambra West,Otuocha,Otuocha,Otuocha,true,HIGH,https://zipcodes.ng/anambra-west/
433101,AN,Anambra,Oyi,Nteje,Nteje,Nteje,true,HIGH,https://zipcodes.ng/oyi-l-g-a-zip-code/
433102,AN,Anambra,Oyi,Nteje,Nteje,Nteje,true,HIGH,https://zipcodes.ng/oyi-l-g-a-zip-code/
433103,AN,Anambra,Oyi,Nteje,Nteje,Nteje,true,HIGH,https://zipcodes.ng/oyi-l-g-a-zip-code/
433104,AN,Anambra,Oyi,Nteje,Nteje,Nteje,true,HIGH,https://zipcodes.ng/oyi-l-g-a-zip-code/
433106,AN,Anambra,Oyi,Nteje,Nteje,Nteje,true,HIGH,https://zipcodes.ng/oyi-l-g-a-zip-code/
433108,AN,Anambra,Ayamelum,Anaku,Anaku,Anaku,true,HIGH,https://zipcodes.ng/ayamelum/
433109,AN,Anambra,Ayamelum,Anaku,Anaku,Anaku,true,HIGH,https://zipcodes.ng/ayamelum/
433112,AN,Anambra,Ayamelum,Anaku,Anaku,Anaku,true,HIGH,https://zipcodes.ng/ayamelum/
433113,AN,Anambra,Ayamelum,Anaku,Anaku,Anaku,true,HIGH,https://zipcodes.ng/ayamelum/
433115,AN,Anambra,Ayamelum,Anaku,Anaku,Anaku,true,HIGH,https://zipcodes.ng/ayamelum/
434101,AN,Anambra,Idemili North,Ogidi,Ogidi,Ogidi,true,HIGH,https://zipcodes.ng/idemili-north-l-g-a-zip-code/
434102,AN,Anambra,Idemili North,Ogidi,Ogidi,Ogidi,true,HIGH,https://zipcodes.ng/idemili-north-l-g-a-zip-code/
434103,AN,Anambra,Idemili North,Ogidi,Ogidi,Ogidi,true,HIGH,https://zipcodes.ng/idemili-north-l-g-a-zip-code/
434104,AN,Anambra,Idemili North,Ogidi,Ogidi,Ogidi,true,HIGH,https://zipcodes.ng/idemili-north-l-g-a-zip-code/
434105,AN,Anambra,Idemili North,Ogidi,Ogidi,Ogidi,true,HIGH,https://zipcodes.ng/idemili-north-l-g-a-zip-code/
434106,AN,Anambra,Idemili North,Ogidi,Ogidi,Ogidi,true,HIGH,https://zipcodes.ng/idemili-north-l-g-a-zip-code/
434107,AN,Anambra,Idemili North,Ogidi,Ogidi,Ogidi,true,HIGH,https://zipcodes.ng/idemili-north-l-g-a-zip-code/
434108,AN,Anambra,Idemili North,Ogidi,Ogidi,Ogidi,true,HIGH,https://zipcodes.ng/idemili-north-l-g-a-zip-code/
434109,AN,Anambra,Idemili North,Ogidi,Ogidi,Ogidi,true,HIGH,https://zipcodes.ng/idemili-north-l-g-a-zip-code/
434110,AN,Anambra,Idemili North,Ogidi,Ogidi,Ogidi,true,HIGH,https://zipcodes.ng/idemili-north-l-g-a-zip-code/
434111,AN,Anambra,Idemili South,Nnewi,Nnewi,Nnewi,true,HIGH,https://zipcodes.ng/idemili-south/
434112,AN,Anambra,Idemili South,Nnewi,Nnewi,Nnewi,true,HIGH,https://zipcodes.ng/idemili-south/
434113,AN,Anambra,Idemili South,Nnewi,Nnewi,Nnewi,true,HIGH,https://zipcodes.ng/idemili-south/
434114,AN,Anambra,Idemili South,Nnewi,Nnewi,Nnewi,true,HIGH,https://zipcodes.ng/idemili-south/
434115,AN,Anambra,Idemili South,Nnewi,Nnewi,Nnewi,true,HIGH,https://zipcodes.ng/idemili-south/
434116,AN,Anambra,Idemili South,Nnewi,Nnewi,Nnewi,true,HIGH,https://zipcodes.ng/idemili-south/
434117,AN,Anambra,Idemili South,Nnewi,Nnewi,Nnewi,true,HIGH,https://zipcodes.ng/idemili-south/
435101,AN,Anambra,Nnewi North,Nnewi,Nnewi,Nnewi,true,HIGH,https://zipcodes.ng/nnewi-north/
435102,AN,Anambra,Nnewi South,Ozubulu,Ozubulu,Ozubulu,true,HIGH,https://zipcodes.ng/nnewi-south/
435104,AN,Anambra,Nnewi South,Ozubulu,Ozubulu,Ozubulu,true,HIGH,https://zipcodes.ng/nnewi-south/
435105,AN,Anambra,Nnewi South,Ozubulu,Ozubulu,Ozubulu,true,HIGH,https://zipcodes.ng/nnewi-south/
435106,AN,Anambra,Nnewi South,Ozubulu,Ozubulu,Ozubulu,true,HIGH,https://zipcodes.ng/nnewi-south/
435108,AN,Anambra,Nnewi South,Ozubulu,Ozubulu,Ozubulu,true,HIGH,https://zipcodes.ng/nnewi-south/
435109,AN,Anambra,Nnewi South,Ozubulu,Ozubulu,Ozubulu,true,HIGH,https://zipcodes.ng/nnewi-south/
435110,AN,Anambra,Nnewi South,Ozubulu,Ozubulu,Ozubulu,true,HIGH,https://zipcodes.ng/nnewi-south/
435111,AN,Anambra,Nnewi South,Ozubulu,Ozubulu,Ozubulu,true,HIGH,https://zipcodes.ng/nnewi-south/
435112,AN,Anambra,Ekwusigo,Ozubulu,Ozubulu,Ozubulu,true,HIGH,https://zipcodes.ng/ekwusigo/
435114,AN,Anambra,Ekwusigo,Ozubulu,Ozubulu,Ozubulu,true,HIGH,https://zipcodes.ng/ekwusigo/
435115,AN,Anambra,Ekwusigo,Ozubulu,Ozubulu,Ozubulu,true,HIGH,https://zipcodes.ng/ekwusigo/
440001,AB,Abia,Isiala Ngwa South,Omoba,Omoba,Omoba,true,MEDIUM,https://nigeriapostal.com/location/NG-Abia/Isiala%20Ngwa%20South
440002,AB,Abia,Umuahia South,Umuahia,Umuahia,Umuahia,false,MEDIUM,https://nigeriapostal.com/location/NG-Abia/Umuahia%20South
440005,AB,Abia,Umuahia South,Umuahia,Umuahia,Umuahia,false,MEDIUM,https://nigeriapostal.com/location/NG-Abia/Umuahia%20South
440008,AB,Abia,Isiala Ngwa South,Omoba,Omoba,Omoba,true,MEDIUM,https://nigeriapostal.com/location/NG-Abia/Isiala%20Ngwa%20South
440009,AB,Abia,Umuahia South,Umuahia,Umuahia,Umuahia,false,MEDIUM,https://nigeriapostal.com/location/NG-Abia/Umuahia%20South
440010,AB,Abia,Umuahia South,Umuahia,Umuahia,Umuahia,false,MEDIUM,https://nigeriapostal.com/location/NG-Abia/Umuahia%20South
440021,AB,Abia,Bende,Bende,Bende,Bende,true,HIGH,https://zipcodes.ng/bende/
440101,AB,Abia,Ikwuano,Isiala Oboro,Isiala Oboro,Isiala Oboro,true,HIGH,https://zipcodes.ng/ikwuano/
440102,AB,Abia,Ikwuano,Isiala Oboro,Isiala Oboro,Isiala Oboro,true,HIGH,https://zipcodes.ng/ikwuano/
440103,AB,Abia,Ikwuano,Isiala Oboro,Isiala Oboro,Isiala Oboro,true,HIGH,https://zipcodes.ng/ikwuano/
440104,AB,Abia,Ikwuano,Isiala Oboro,Isiala Oboro,Isiala Oboro,true,HIGH,https://zipcodes.ng/ikwuano/
440105,AB,Abia,Ikwuano,Isiala Oboro,Isiala Oboro,Isiala Oboro,true,HIGH,https://zipcodes.ng/ikwuano/
440106,AB,Abia,Ikwuano,Isiala Oboro,Isiala Oboro,Isiala Oboro,true,HIGH,https://zipcodes.ng/ikwuano/
440108,AB,Abia,Ikwuano,Isiala Oboro,Isiala Oboro,Isiala Oboro,true,HIGH,https://zipcodes.ng/ikwuano/
440109,AB,Abia,Ikwuano,Isiala Oboro,Isiala Oboro,Isiala Oboro,true,HIGH,https://zipcodes.ng/ikwuano/
440110,AB,Abia,Ikwuano,Isiala Oboro,Isiala Oboro,Isiala Oboro,true,HIGH,https://zipcodes.ng/ikwuano/
440111,AB,Abia,Ikwuano,Isiala Oboro,Isiala Oboro,Isiala Oboro,true,HIGH,https://zipcodes.ng/ikwuano/
440112,AB,Abia,Ikwuano,Isiala Oboro,Isiala Oboro,Isiala Oboro,true,HIGH,https://zipcodes.ng/ikwuano/
440113,AB,Abia,Ikwuano,Isiala Oboro,Isiala Oboro,Isiala Oboro,true,HIGH,https://zipcodes.ng/ikwuano/
440114,AB,Abia,Ikwuano,Isiala Oboro,Isiala Oboro,Isiala Oboro,true,HIGH,https://zipcodes.ng/ikwuano/
440221,AB,Abia,Umuahia North,Umuahia,Umuahia,Umuahia,false,MEDIUM,https://zipcodes.ng/umuahia-north-and-south/
440231,AB,Abia,Umuahia North,Umuahia,Umuahia,Umuahia,false,MEDIUM,https://zipcodes.ng/umuahia-north-and-south/
440232,AB,Abia,Umuahia North,Umuahia,Umuahia,Umuahia,false,MEDIUM,https://zipcodes.ng/umuahia-north-and-south/
440233,AB,Abia,Umuahia North,Umuahia,Umuahia,Umuahia,false,MEDIUM,https://zipcodes.ng/umuahia-north-and-south/
440234,AB,Abia,Umuahia North,Umuahia,Umuahia,Umuahia,false,MEDIUM,https://zipcodes.ng/umuahia-north-and-south/
440235,AB,Abia,Umuahia North,Umuahia,Umuahia,Umuahia,false,MEDIUM,https://zipcodes.ng/umuahia-north-and-south/
441008,AB,Abia,Bende,Bende,Bende,Bende,true,HIGH,https://zipcodes.ng/bende/
441011,AB,Abia,Bende,Bende,Bende,Bende,true,HIGH,https://zipcodes.ng/bende/
441012,AB,Abia,Bende,Bende,Bende,Bende,true,HIGH,https://zipcodes.ng/bende/
441013,AB,Abia,Bende,Bende,Bende,Bende,true,HIGH,https://zipcodes.ng/bende/
441101,AB,Abia,Isuikwuato,Mbalano,Mbalano,Mbalano,true,MEDIUM,https://zipcodes.ng/isukwuato/
441102,AB,Abia,Isuikwuato,Mbalano,Mbalano,Mbalano,true,MEDIUM,https://zipcodes.ng/isukwuato/
441103,AB,Abia,Isuikwuato,Mbalano,Mbalano,Mbalano,true,MEDIUM,https://zipcodes.ng/isukwuato/
441104,AB,Abia,Isuikwuato,Mbalano,Mbalano,Mbalano,true,MEDIUM,https://zipcodes.ng/isukwuato/
441105,AB,Abia,Isuikwuato,Mbalano,Mbalano,Mbalano,true,MEDIUM,https://zipcodes.ng/isukwuato/
441106,AB,Abia,Isuikwuato,Mbalano,Mbalano,Mbalano,true,MEDIUM,https://zipcodes.ng/isukwuato/
441107,AB,Abia,Isuikwuato,Mbalano,Mbalano,Mbalano,true,MEDIUM,https://zipcodes.ng/isukwuato/
441108,AB,Abia,Isuikwuato,Mbalano,Mbalano,Mbalano,true,MEDIUM,https://zipcodes.ng/isukwuato/
441109,AB,Abia,Umu Nneochi,Umuneochi,Umuneochi,Umuneochi,true,MEDIUM,https://zipcodes.ng/umunneochi/
441110,AB,Abia,Umu Nneochi,Umuneochi,Umuneochi,Umuneochi,true,MEDIUM,https://zipcodes.ng/umunneochi/
441111,AB,Abia,Umu Nneochi,Umuneochi,Umuneochi,Umuneochi,true,MEDIUM,https://zipcodes.ng/umunneochi/
441112,AB,Abia,Umu Nneochi,Umuneochi,Umuneochi,Umuneochi,true,MEDIUM,https://zipcodes.ng/umunneochi/
442001,AB,Abia,Arochukwu,Arochukwu,Arochukwu,Arochukwu,true,HIGH,https://zipcodes.ng/arochukwu/
442003,AB,Abia,Arochukwu,Arochukwu,Arochukwu,Arochukwu,true,HIGH,https://zipcodes.ng/arochukwu/
442108,AB,Abia,Ohafia,Ebem Ohafia,Ebem Ohafia,Ebem Ohafia,true,HIGH,https://zipcodes.ng/ohafia/
442109,AB,Abia,Ohafia,Ebem Ohafia,Ebem Ohafia,Ebem Ohafia,true,HIGH,https://zipcodes.ng/ohafia/
442110,AB,Abia,Ohafia,Ebem Ohafia,Ebem Ohafia,Ebem Ohafia,true,HIGH,https://zipcodes.ng/ohafia/
442111,AB,Abia,Ohafia,Ebem Ohafia,Ebem Ohafia,Ebem Ohafia,true,HIGH,https://zipcodes.ng/ohafia/
442112,AB,Abia,Ohafia,Ebem Ohafia,Ebem Ohafia,Ebem Ohafia,true,HIGH,https://zipcodes.ng/ohafia/
442113,AB,Abia,Ohafia,Ebem Ohafia,Ebem Ohafia,Ebem Ohafia,true,HIGH,https://zipcodes.ng/ohafia/
442114,AB,Abia,Ohafia,Ebem Ohafia,Ebem Ohafia,Ebem Ohafia,true,HIGH,https://zipcodes.ng/ohafia/
442115,AB,Abia,Ohafia,Ebem Ohafia,Ebem Ohafia,Ebem Ohafia,true,HIGH,https://zipcodes.ng/ohafia/
450001,AB,Abia,Aba South,Aba,Aba,Aba,true,HIGH,https://zipcodes.ng/aba-south-zipcodes/
450002,AB,Abia,Aba South,Aba,Aba,Aba,true,HIGH,https://zipcodes.ng/aba-south-zipcodes/
450211,AB,Abia,Aba North,Apumiri Ubakala,Apumiri Ubakala,Apumiri Ubakala,true,MEDIUM,https://zipcodes.ng/aba/
450212,AB,Abia,Aba North,Apumiri Ubakala,Apumiri Ubakala,Apumiri Ubakala,true,MEDIUM,https://zipcodes.ng/aba/
450221,AB,Abia,Aba North,Apumiri Ubakala,Apumiri Ubakala,Apumiri Ubakala,true,MEDIUM,https://zipcodes.ng/aba/
450241,AB,Abia,Aba North,Apumiri Ubakala,Apumiri Ubakala,Apumiri Ubakala,true,MEDIUM,https://zipcodes.ng/aba/
450251,AB,Abia,Aba North,Apumiri Ubakala,Apumiri Ubakala,Apumiri Ubakala,true,MEDIUM,https://zipcodes.ng/aba/
450252,AB,Abia,Aba North,Apumiri Ubakala,Apumiri Ubakala,Apumiri Ubakala,true,MEDIUM,https://zipcodes.ng/aba/
450261,AB,Abia,Aba North,Apumiri Ubakala,Apumiri Ubakala,Apumiri Ubakala,true,MEDIUM,https://zipcodes.ng/aba/
450271,AB,Abia,Aba North,Apumiri Ubakala,Apumiri Ubakala,Apumiri Ubakala,true,MEDIUM,https://zipcodes.ng/aba/
450272,AB,Abia,Aba North,Apumiri Ubakala,Apumiri Ubakala,Apumiri Ubakala,true,MEDIUM,https://zipcodes.ng/aba/
451001,AB,Abia,Isiala Ngwa South,Omoba,Omoba,Omoba,true,MEDIUM,https://nigeriapostal.com/location/NG-Abia/Isiala%20Ngwa%20South
451002,AB,Abia,Isiala Ngwa South,Omoba,Omoba,Omoba,true,MEDIUM,https://nigeriapostal.com/location/NG-Abia/Isiala%20Ngwa%20South
451003,AB,Abia,Isiala Ngwa South,Omoba,Omoba,Omoba,true,MEDIUM,https://nigeriapostal.com/location/NG-Abia/Isiala%20Ngwa%20South
451004,AB,Abia,Isiala Ngwa South,Omoba,Omoba,Omoba,true,MEDIUM,https://nigeriapostal.com/location/NG-Abia/Isiala%20Ngwa%20South
451111,AB,Abia,Isiala Ngwa North,Okpuala Ngwa,Okpuala Ngwa,Okpuala Ngwa,true,HIGH,https://zipcodes.ng/isiala-ngwa-north/
451112,AB,Abia,Isiala Ngwa North,Okpuala Ngwa,Okpuala Ngwa,Okpuala Ngwa,true,HIGH,https://zipcodes.ng/isiala-ngwa-north/
451113,AB,Abia,Isiala Ngwa North,Okpuala Ngwa,Okpuala Ngwa,Okpuala Ngwa,true,HIGH,https://zipcodes.ng/isiala-ngwa-north/
451114,AB,Abia,Isiala Ngwa North,Okpuala Ngwa,Okpuala Ngwa,Okpuala Ngwa,true,HIGH,https://zipcodes.ng/isiala-ngwa-north/
451115,AB,Abia,Isiala Ngwa North,Okpuala Ngwa,Okpuala Ngwa,Okpuala Ngwa,true,HIGH,https://zipcodes.ng/isiala-ngwa-north/
451117,AB,Abia,Isiala Ngwa North,Okpuala Ngwa,Okpuala Ngwa,Okpuala Ngwa,true,HIGH,https://zipcodes.ng/isiala-ngwa-north/
452101,AB,Abia,Ukwa East,Okeikpe,Okeikpe,Okeikpe,true,HIGH,https://zipcodes.ng/ukwa-east/
452102,AB,Abia,Ukwa East,Okeikpe,Okeikpe,Okeikpe,true,HIGH,https://zipcodes.ng/ukwa-east/
452103,AB,Abia,Ukwa East,Okeikpe,Okeikpe,Okeikpe,true,HIGH,https://zipcodes.ng/ukwa-east/
452104,AB,Abia,Ukwa East,Okeikpe,Okeikpe,Okeikpe,true,HIGH,https://zipcodes.ng/ukwa-east/
452105,AB,Abia,Ukwa East,Okeikpe,Okeikpe,Okeikpe,true,HIGH,https://zipcodes.ng/ukwa-east/
452106,AB,Abia,Ukwa East,Okeikpe,Okeikpe,Okeikpe,true,HIGH,https://zipcodes.ng/ukwa-east/
452107,AB,Abia,Ukwa East,Okeikpe,Okeikpe,Okeikpe,true,HIGH,https://zipcodes.ng/ukwa-east/
452108,AB,Abia,Ukwa East,Okeikpe,Okeikpe,Okeikpe,true,HIGH,https://zipcodes.ng/ukwa-east/
452112,AB,Abia,Ukwa West,Ukpumiri,Ukpumiri,Ukpumiri,true,HIGH,https://zipcodes.ng/ukwa-west/
452113,AB,Abia,Ukwa West,Ukpumiri,Ukpumiri,Ukpumiri,true,HIGH,https://zipcodes.ng/ukwa-west/
452114,AB,Abia,Ukwa West,Ukpumiri,Ukpumiri,Ukpumiri,true,HIGH,https://zipcodes.ng/ukwa-west/
452115,AB,Abia,Ukwa West,Ukpumiri,Ukpumiri,Ukpumiri,true,HIGH,https://zipcodes.ng/ukwa-west/
452116,AB,Abia,Ukwa West,Ukpumiri,Ukpumiri,Ukpumiri,true,HIGH,https://zipcodes.ng/ukwa-west/
453111,AB,Abia,Osisioma Ngwa,Osisioma,Osisioma,Osisioma,true,HIGH,https://zipcodes.ng/osisioma/
453112,AB,Abia,Osisioma Ngwa,Osisioma,Osisioma,Osisioma,true,HIGH,https://zipcodes.ng/osisioma/
453113,AB,Abia,Osisioma Ngwa,Osisioma,Osisioma,Osisioma,true,HIGH,https://zipcodes.ng/osisioma/
453117,AB,Abia,Ohafia,Ebem Ohafia,Ebem Ohafia,Ebem Ohafia,true,HIGH,https://zipcodes.ng/ohafia/
453118,AB,Abia,Ohafia,Ebem Ohafia,Ebem Ohafia,Ebem Ohafia,true,HIGH,https://zipcodes.ng/ohafia/
453119,AB,Abia,Ohafia,Ebem Ohafia,Ebem Ohafia,Ebem Ohafia,true,HIGH,https://zipcodes.ng/ohafia/
453120,AB,Abia,Ugwunagbo,Umuahia,Umuahia,Umuahia,false,HIGH,https://zipcodes.ng/ugwunagbo/
460102,IM,Imo,Owerri West,Owerri,Owerri,Owerri,false,HIGH,https://zipcodes.ng/owerri-west-l-g-a-zip-codes/
460105,IM,Imo,Owerri North,Owerri,Owerri,Owerri,false,HIGH,https://zipcodes.ng/owerri-north-l-g-a-zip-codes/
460106,IM,Imo,Owerri West,Owerri,Owerri,Owerri,false,HIGH,https://zipcodes.ng/owerri-west-l-g-a-zip-codes/
460107,IM,Imo,Owerri West,Owerri,Owerri,Owerri,false,HIGH,https://zipcodes.ng/owerri-west-l-g-a-zip-codes/
460109,IM,Imo,Owerri North,Owerri,Owerri,Owerri,false,HIGH,https://zipcodes.ng/owerri-north-l-g-a-zip-codes/
460113,IM,Imo,Owerri West,Owerri,Owerri,Owerri,false,HIGH,https://zipcodes.ng/owerri-west-l-g-a-zip-codes/
460114,IM,Imo,Owerri West,Owerri,Owerri,Owerri,false,HIGH,https://zipcodes.ng/owerri-west-l-g-a-zip-codes/
460115,IM,Imo,Owerri West,Owerri,Owerri,Owerri,false,HIGH,https://zipcodes.ng/owerri-west-l-g-a-zip-codes/
460116,IM,Imo,Owerri West,Owerri,Owerri,Owerri,false,HIGH,https://zipcodes.ng/owerri-west-l-g-a-zip-codes/
460117,IM,Imo,Owerri West,Owerri,Owerri,Owerri,false,HIGH,https://zipcodes.ng/owerri-west-l-g-a-zip-codes/
460118,IM,Imo,Ngor-Okpala,Umuowa,Umuowa,Umuowa,true,HIGH,https://zipcodes.ng/ngor-okpala/
460119,IM,Imo,Ngor-Okpala,Umuowa,Umuowa,Umuowa,true,HIGH,https://zipcodes.ng/ngor-okpala/
460120,IM,Imo,Ngor-Okpala,Umuowa,Umuowa,Umuowa,true,HIGH,https://zipcodes.ng/ngor-okpala/
460125,IM,Imo,Ngor-Okpala,Umuowa,Umuowa,Umuowa,true,HIGH,https://zipcodes.ng/ngor-okpala/
460126,IM,Imo,Ngor-Okpala,Umuowa,Umuowa,Umuowa,true,HIGH,https://zipcodes.ng/ngor-okpala/
460127,IM,Imo,Ngor-Okpala,Umuowa,Umuowa,Umuowa,true,HIGH,https://zipcodes.ng/ngor-okpala/
460128,IM,Imo,Ngor-Okpala,Umuowa,Umuowa,Umuowa,true,HIGH,https://zipcodes.ng/ngor-okpala/
460129,IM,Imo,Ngor-Okpala,Umuowa,Umuowa,Umuowa,true,HIGH,https://zipcodes.ng/ngor-okpala/
460130,IM,Imo,Ngor-Okpala,Umuowa,Umuowa,Umuowa,true,HIGH,https://zipcodes.ng/ngor-okpala/
460131,IM,Imo,Ngor-Okpala,Umuowa,Umuowa,Umuowa,true,HIGH,https://zipcodes.ng/ngor-okpala/
460132,IM,Imo,Ngor-Okpala,Umuowa,Umuowa,Umuowa,true,HIGH,https://zipcodes.ng/ngor-okpala/
460133,IM,Imo,Ngor-Okpala,Umuowa,Umuowa,Umuowa,true,HIGH,https://zipcodes.ng/ngor-okpala/
460211,IM,Imo,Owerri Municipal,Owerri,Owerri,Owerri,false,HIGH,https://zipcodes.ng/owerri-municipal/
460212,IM,Imo,Owerri Municipal,Owerri,Owerri,Owerri,false,HIGH,https://zipcodes.ng/owerri-municipal/
460213,IM,Imo,Owerri Municipal,Owerri,Owerri,Owerri,false,HIGH,https://zipcodes.ng/owerri-municipal/
460221,IM,Imo,Owerri Municipal,Owerri,Owerri,Owerri,false,HIGH,https://zipcodes.ng/owerri-municipal/
460222,IM,Imo,Owerri Municipal,Owerri,Owerri,Owerri,false,HIGH,https://zipcodes.ng/owerri-municipal/
460231,IM,Imo,Owerri Municipal,Owerri,Owerri,Owerri,false,HIGH,https://zipcodes.ng/owerri-municipal/
460232,IM,Imo,Owerri Municipal,Owerri,Owerri,Owerri,false,HIGH,https://zipcodes.ng/owerri-municipal/
460241,IM,Imo,Owerri Municipal,Owerri,Owerri,Owerri,false,HIGH,https://zipcodes.ng/owerri-municipal/
460242,IM,Imo,Owerri Municipal,Owerri,Owerri,Owerri,false,HIGH,https://zipcodes.ng/owerri-municipal/
460243,IM,Imo,Owerri Municipal,Owerri,Owerri,Owerri,false,HIGH,https://zipcodes.ng/owerri-municipal/
460251,IM,Imo,Owerri Municipal,Owerri,Owerri,Owerri,false,HIGH,https://zipcodes.ng/owerri-municipal/
460261,IM,Imo,Owerri Municipal,Owerri,Owerri,Owerri,false,HIGH,https://zipcodes.ng/owerri-municipal/
460262,IM,Imo,Owerri Municipal,Owerri,Owerri,Owerri,false,HIGH,https://zipcodes.ng/owerri-municipal/
460271,IM,Imo,Owerri Municipal,Owerri,Owerri,Owerri,false,HIGH,https://zipcodes.ng/owerri-municipal/
460281,IM,Imo,Owerri Municipal,Owerri,Owerri,Owerri,false,HIGH,https://zipcodes.ng/owerri-municipal/
461102,IM,Imo,Ikeduru,Ikeduru,Ikeduru,Ikeduru,true,HIGH,https://zipcodes.ng/lkeduru/
461104,IM,Imo,Ikeduru,Ikeduru,Ikeduru,Ikeduru,true,HIGH,https://zipcodes.ng/lkeduru/
461105,IM,Imo,Ikeduru,Ikeduru,Ikeduru,Ikeduru,true,HIGH,https://zipcodes.ng/lkeduru/
461106,IM,Imo,Ikeduru,Ikeduru,Ikeduru,Ikeduru,true,HIGH,https://zipcodes.ng/lkeduru/
461107,IM,Imo,Ikeduru,Ikeduru,Ikeduru,Ikeduru,true,HIGH,https://zipcodes.ng/lkeduru/
461108,IM,Imo,Ikeduru,Ikeduru,Ikeduru,Ikeduru,true,HIGH,https://zipcodes.ng/lkeduru/
461109,IM,Imo,Ikeduru,Ikeduru,Ikeduru,Ikeduru,true,HIGH,https://zipcodes.ng/lkeduru/
461110,IM,Imo,Ikeduru,Ikeduru,Ikeduru,Ikeduru,true,HIGH,https://zipcodes.ng/lkeduru/
461111,IM,Imo,Ikeduru,Ikeduru,Ikeduru,Ikeduru,true,HIGH,https://zipcodes.ng/lkeduru/
461112,IM,Imo,Ikeduru,Ikeduru,Ikeduru,Ikeduru,true,HIGH,https://zipcodes.ng/lkeduru/
461114,IM,Imo,Mbaitoli,Nwaorieubi,Nwaorieubi,Nwaorieubi,true,HIGH,https://zipcodes.ng/mbaitoli/
461115,IM,Imo,Mbaitoli,Nwaorieubi,Nwaorieubi,Nwaorieubi,true,HIGH,https://zipcodes.ng/mbaitoli/
461116,IM,Imo,Mbaitoli,Nwaorieubi,Nwaorieubi,Nwaorieubi,true,HIGH,https://zipcodes.ng/mbaitoli/
461117,IM,Imo,Mbaitoli,Nwaorieubi,Nwaorieubi,Nwaorieubi,true,HIGH,https://zipcodes.ng/mbaitoli/
461118,IM,Imo,Mbaitoli,Nwaorieubi,Nwaorieubi,Nwaorieubi,true,HIGH,https://zipcodes.ng/mbaitoli/
461119,IM,Imo,Mbaitoli,Nwaorieubi,Nwaorieubi,Nwaorieubi,true,HIGH,https://zipcodes.ng/mbaitoli/
461120,IM,Imo,Mbaitoli,Nwaorieubi,Nwaorieubi,Nwaorieubi,true,HIGH,https://zipcodes.ng/mbaitoli/
461121,IM,Imo,Mbaitoli,Nwaorieubi,Nwaorieubi,Nwaorieubi,true,HIGH,https://zipcodes.ng/mbaitoli/
461122,IM,Imo,Mbaitoli,Nwaorieubi,Nwaorieubi,Nwaorieubi,true,HIGH,https://zipcodes.ng/mbaitoli/
462101,IM,Imo,Aboh-Mbaise,Aboh,Aboh,Aboh,true,HIGH,https://zipcodes.ng/aboh-mbaise/
462102,IM,Imo,Aboh-Mbaise,Aboh,Aboh,Aboh,true,HIGH,https://zipcodes.ng/aboh-mbaise/
462103,IM,Imo,Aboh-Mbaise,Aboh,Aboh,Aboh,true,HIGH,https://zipcodes.ng/aboh-mbaise/
462104,IM,Imo,Aboh-Mbaise,Aboh,Aboh,Aboh,true,HIGH,https://zipcodes.ng/aboh-mbaise/
462105,IM,Imo,Aboh-Mbaise,Aboh,Aboh,Aboh,true,HIGH,https://zipcodes.ng/aboh-mbaise/
462106,IM,Imo,Aboh-Mbaise,Aboh,Aboh,Aboh,true,HIGH,https://zipcodes.ng/aboh-mbaise/
462107,IM,Imo,Aboh-Mbaise,Aboh,Aboh,Aboh,true,HIGH,https://zipcodes.ng/aboh-mbaise/
462108,IM,Imo,Aboh-Mbaise,Aboh,Aboh,Aboh,true,HIGH,https://zipcodes.ng/aboh-mbaise/
462109,IM,Imo,Aboh-Mbaise,Aboh,Aboh,Aboh,true,HIGH,https://zipcodes.ng/aboh-mbaise/
462110,IM,Imo,Ezinihitte,Umudibia,Umudibia,Umudibia,true,MEDIUM,https://zipcodes.ng/ezinithitte/
462111,IM,Imo,Ezinihitte,Umudibia,Umudibia,Umudibia,true,MEDIUM,https://zipcodes.ng/ezinithitte/
462112,IM,Imo,Ezinihitte,Umudibia,Umudibia,Umudibia,true,MEDIUM,https://zipcodes.ng/ezinithitte/
462113,IM,Imo,Ezinihitte,Umudibia,Umudibia,Umudibia,true,MEDIUM,https://zipcodes.ng/ezinithitte/
462114,IM,Imo,Ezinihitte,Umudibia,Umudibia,Umudibia,true,MEDIUM,https://zipcodes.ng/ezinithitte/
462115,IM,Imo,Ezinihitte,Umudibia,Umudibia,Umudibia,true,MEDIUM,https://zipcodes.ng/ezinithitte/
462116,IM,Imo,Ezinihitte,Umudibia,Umudibia,Umudibia,true,MEDIUM,https://zipcodes.ng/ezinithitte/
462122,IM,Imo,Ezinihitte,Umudibia,Umudibia,Umudibia,true,MEDIUM,https://zipcodes.ng/ezinithitte/
462123,IM,Imo,Ezinihitte,Umudibia,Umudibia,Umudibia,true,MEDIUM,https://zipcodes.ng/ezinithitte/
463109,IM,Imo,Ahiazu-Mbaise,Nkwerre,Nkwerre,Nkwerre,true,HIGH,https://zipcodes.ng/ahiazu-mbaise/
463110,IM,Imo,Ahiazu-Mbaise,Nkwerre,Nkwerre,Nkwerre,true,HIGH,https://zipcodes.ng/ahiazu-mbaise/
463111,IM,Imo,Ahiazu-Mbaise,Nkwerre,Nkwerre,Nkwerre,true,HIGH,https://zipcodes.ng/ahiazu-mbaise/
463112,IM,Imo,Ahiazu-Mbaise,Nkwerre,Nkwerre,Nkwerre,true,HIGH,https://zipcodes.ng/ahiazu-mbaise/
463113,IM,Imo,Ahiazu-Mbaise,Nkwerre,Nkwerre,Nkwerre,true,HIGH,https://zipcodes.ng/ahiazu-mbaise/
463114,IM,Imo,Ahiazu-Mbaise,Nkwerre,Nkwerre,Nkwerre,true,HIGH,https://zipcodes.ng/ahiazu-mbaise/
463115,IM,Imo,Ahiazu-Mbaise,Nkwerre,Nkwerre,Nkwerre,true,HIGH,https://zipcodes.ng/ahiazu-mbaise/
463116,IM,Imo,Ahiazu-Mbaise,Nkwerre,Nkwerre,Nkwerre,true,HIGH,https://zipcodes.ng/ahiazu-mbaise/
463117,IM,Imo,Ahiazu-Mbaise,Nkwerre,Nkwerre,Nkwerre,true,HIGH,https://zipcodes.ng/ahiazu-mbaise/
463118,IM,Imo,Ahiazu-Mbaise,Nkwerre,Nkwerre,Nkwerre,true,HIGH,https://zipcodes.ng/ahiazu-mbaise/
463119,IM,Imo,Ahiazu-Mbaise,Nkwerre,Nkwerre,Nkwerre,true,HIGH,https://zipcodes.ng/ahiazu-mbaise/
463120,IM,Imo,Ahiazu-Mbaise,Nkwerre,Nkwerre,Nkwerre,true,HIGH,https://zipcodes.ng/ahiazu-mbaise/
463121,IM,Imo,Ahiazu-Mbaise,Nkwerre,Nkwerre,Nkwerre,true,HIGH,https://zipcodes.ng/ahiazu-mbaise/
463122,IM,Imo,Ahiazu-Mbaise,Nkwerre,Nkwerre,Nkwerre,true,HIGH,https://zipcodes.ng/ahiazu-mbaise/
464101,IM,Imo,Oguta,Oguta,Oguta,Oguta,true,HIGH,https://zipcodes.ng/oguta/
464102,IM,Imo,Oguta,Oguta,Oguta,Oguta,true,HIGH,https://zipcodes.ng/oguta/
464103,IM,Imo,Oguta,Oguta,Oguta,Oguta,true,HIGH,https://zipcodes.ng/oguta/
464104,IM,Imo,Oguta,Oguta,Oguta,Oguta,true,HIGH,https://zipcodes.ng/oguta/
464105,IM,Imo,Oguta,Oguta,Oguta,Oguta,true,HIGH,https://zipcodes.ng/oguta/
464106,IM,Imo,Oguta,Oguta,Oguta,Oguta,true,HIGH,https://zipcodes.ng/oguta/
464107,IM,Imo,Oguta,Oguta,Oguta,Oguta,true,HIGH,https://zipcodes.ng/oguta/
464108,IM,Imo,Oguta,Oguta,Oguta,Oguta,true,HIGH,https://zipcodes.ng/oguta/
464109,IM,Imo,Oguta,Oguta,Oguta,Oguta,true,HIGH,https://zipcodes.ng/oguta/
464110,IM,Imo,Oguta,Oguta,Oguta,Oguta,true,HIGH,https://zipcodes.ng/oguta/
470211,IM,Imo,Okigwe,Okigwe,Okigwe,Okigwe,true,HIGH,https://zipcodes.ng/okigwe-town-area-zip-codes/
470212,IM,Imo,Okigwe,Okigwe,Okigwe,Okigwe,true,HIGH,https://zipcodes.ng/okigwe-town-area-zip-codes/
470213,IM,Imo,Okigwe,Okigwe,Okigwe,Okigwe,true,HIGH,https://zipcodes.ng/okigwe-town-area-zip-codes/
470281,IM,Imo,Okigwe,Okigwe,Okigwe,Okigwe,true,HIGH,https://zipcodes.ng/okigwe-town-area-zip-codes/
470282,IM,Imo,Okigwe,Okigwe,Okigwe,Okigwe,true,HIGH,https://zipcodes.ng/okigwe-town-area-zip-codes/
470283,IM,Imo,Okigwe,Okigwe,Okigwe,Okigwe,true,HIGH,https://zipcodes.ng/okigwe-town-area-zip-codes/
471101,IM,Imo,Isiala Mbano,Okigwe,Okigwe,Okigwe,true,HIGH,https://zipcodes.ng/lsiala-mbano/
471102,IM,Imo,Isiala Mbano,Okigwe,Okigwe,Okigwe,true,HIGH,https://zipcodes.ng/lsiala-mbano/
471103,IM,Imo,Isiala Mbano,Okigwe,Okigwe,Okigwe,true,HIGH,https://zipcodes.ng/lsiala-mbano/
471104,IM,Imo,Isiala Mbano,Okigwe,Okigwe,Okigwe,true,HIGH,https://zipcodes.ng/lsiala-mbano/
471105,IM,Imo,Isiala Mbano,Okigwe,Okigwe,Okigwe,true,HIGH,https://zipcodes.ng/lsiala-mbano/
471106,IM,Imo,Isiala Mbano,Okigwe,Okigwe,Okigwe,true,HIGH,https://zipcodes.ng/lsiala-mbano/
471107,IM,Imo,Isiala Mbano,Okigwe,Okigwe,Okigwe,true,HIGH,https://zipcodes.ng/lsiala-mbano/
471108,IM,Imo,Isiala Mbano,Okigwe,Okigwe,Okigwe,true,HIGH,https://zipcodes.ng/lsiala-mbano/
471109,IM,Imo,Isiala Mbano,Okigwe,Okigwe,Okigwe,true,HIGH,https://zipcodes.ng/lsiala-mbano/
471110,IM,Imo,Isiala Mbano,Okigwe,Okigwe,Okigwe,true,HIGH,https://zipcodes.ng/lsiala-mbano/
471111,IM,Imo,Isiala Mbano,Okigwe,Okigwe,Okigwe,true,HIGH,https://zipcodes.ng/lsiala-mbano/
471112,IM,Imo,Isiala Mbano,Okigwe,Okigwe,Okigwe,true,HIGH,https://zipcodes.ng/lsiala-mbano/
471113,IM,Imo,Isiala Mbano,Okigwe,Okigwe,Okigwe,true,HIGH,https://zipcodes.ng/lsiala-mbano/
471114,IM,Imo,Isiala Mbano,Okigwe,Okigwe,Okigwe,true,HIGH,https://zipcodes.ng/lsiala-mbano/
471115,IM,Imo,Nkwerre,Nkwerre,Nkwerre,Nkwerre,true,MEDIUM,https://zipcodes.ng/nkwere/
471116,IM,Imo,Nkwerre,Nkwerre,Nkwerre,Nkwerre,true,MEDIUM,https://zipcodes.ng/nkwere/
471117,IM,Imo,Nkwerre,Nkwerre,Nkwerre,Nkwerre,true,MEDIUM,https://zipcodes.ng/nkwere/
471118,IM,Imo,Nkwerre,Nkwerre,Nkwerre,Nkwerre,true,MEDIUM,https://zipcodes.ng/nkwere/
471119,IM,Imo,Nkwerre,Nkwerre,Nkwerre,Nkwerre,true,MEDIUM,https://zipcodes.ng/nkwere/
471121,IM,Imo,Nwangele,Nwangele,Nwangele,Nwangele,true,HIGH,https://zipcodes.ng/nwangele/
471122,IM,Imo,Nwangele,Nwangele,Nwangele,Nwangele,true,HIGH,https://zipcodes.ng/nwangele/
471123,IM,Imo,Nwangele,Nwangele,Nwangele,Nwangele,true,HIGH,https://zipcodes.ng/nwangele/
471124,IM,Imo,Nwangele,Nwangele,Nwangele,Nwangele,true,HIGH,https://zipcodes.ng/nwangele/
471125,IM,Imo,Nwangele,Nwangele,Nwangele,Nwangele,true,HIGH,https://zipcodes.ng/nwangele/
472101,IM,Imo,Ehime-Mbano,Ihitte-Uboma,Ihitte-Uboma,Ihitte-Uboma,true,HIGH,https://zipcodes.ng/ehime-mbano/
472102,IM,Imo,Ehime-Mbano,Ihitte-Uboma,Ihitte-Uboma,Ihitte-Uboma,true,HIGH,https://zipcodes.ng/ehime-mbano/
472103,IM,Imo,Ehime-Mbano,Ihitte-Uboma,Ihitte-Uboma,Ihitte-Uboma,true,HIGH,https://zipcodes.ng/ehime-mbano/
472104,IM,Imo,Ehime-Mbano,Ihitte-Uboma,Ihitte-Uboma,Ihitte-Uboma,true,HIGH,https://zipcodes.ng/ehime-mbano/
472105,IM,Imo,Ehime-Mbano,Ihitte-Uboma,Ihitte-Uboma,Ihitte-Uboma,true,HIGH,https://zipcodes.ng/ehime-mbano/
472106,IM,Imo,Ehime-Mbano,Ihitte-Uboma,Ihitte-Uboma,Ihitte-Uboma,true,HIGH,https://zipcodes.ng/ehime-mbano/
472107,IM,Imo,Ehime-Mbano,Ihitte-Uboma,Ihitte-Uboma,Ihitte-Uboma,true,HIGH,https://zipcodes.ng/ehime-mbano/
472108,IM,Imo,Ehime-Mbano,Ihitte-Uboma,Ihitte-Uboma,Ihitte-Uboma,true,HIGH,https://zipcodes.ng/ehime-mbano/
472109,IM,Imo,Ehime-Mbano,Ihitte-Uboma,Ihitte-Uboma,Ihitte-Uboma,true,HIGH,https://zipcodes.ng/ehime-mbano/
472110,IM,Imo,Ehime-Mbano,Ihitte-Uboma,Ihitte-Uboma,Ihitte-Uboma,true,HIGH,https://zipcodes.ng/ehime-mbano/
472111,IM,Imo,Ehime-Mbano,Ihitte-Uboma,Ihitte-Uboma,Ihitte-Uboma,true,HIGH,https://zipcodes.ng/ehime-mbano/
472112,IM,Imo,Ihitte/Uboma,Isinweke,Isinweke,Isinweke,true,HIGH,https://zipcodes.ng/ihitte-uboma/
472113,IM,Imo,Ihitte/Uboma,Isinweke,Isinweke,Isinweke,true,HIGH,https://zipcodes.ng/ihitte-uboma/
472116,IM,Imo,Ihitte/Uboma,Isinweke,Isinweke,Isinweke,true,HIGH,https://zipcodes.ng/ihitte-uboma/
472117,IM,Imo,Ihitte/Uboma,Isinweke,Isinweke,Isinweke,true,HIGH,https://zipcodes.ng/ihitte-uboma/
472118,IM,Imo,Ihitte/Uboma,Isinweke,Isinweke,Isinweke,true,HIGH,https://zipcodes.ng/ihitte-uboma/
472119,IM,Imo,Ihitte/Uboma,Isinweke,Isinweke,Isinweke,true,HIGH,https://zipcodes.ng/ihitte-uboma/
472120,IM,Imo,Ihitte/Uboma,Isinweke,Isinweke,Isinweke,true,HIGH,https://zipcodes.ng/ihitte-uboma/
472121,IM,Imo,Ihitte/Uboma,Isinweke,Isinweke,Isinweke,true,HIGH,https://zipcodes.ng/ihitte-uboma/
472122,IM,Imo,Ihitte/Uboma,Isinweke,Isinweke,Isinweke,true,HIGH,https://zipcodes.ng/ihitte-uboma/
472123,IM,Imo,Ihitte/Uboma,Isinweke,Isinweke,Isinweke,true,HIGH,https://zipcodes.ng/ihitte-uboma/
472124,IM,Imo,Ihitte/Uboma,Isinweke,Isinweke,Isinweke,true,HIGH,https://zipcodes.ng/ihitte-uboma/
473101,IM,Imo,Orlu,Orlu,Orlu,Orlu,true,HIGH,https://zipcodes.ng/orlu-lga/
473102,IM,Imo,Orlu,Orlu,Orlu,Orlu,true,HIGH,https://zipcodes.ng/orlu-lga/
473103,IM,Imo,Orlu,Orlu,Orlu,Orlu,true,HIGH,https://zipcodes.ng/orlu-lga/
473104,IM,Imo,Orlu,Orlu,Orlu,Orlu,true,HIGH,https://zipcodes.ng/orlu-lga/
473105,IM,Imo,Orsu,Awo-Omamma,Awo-Omamma,Awo-Omamma,true,HIGH,https://zipcodes.ng/orsu/
473106,IM,Imo,Orlu,Orlu,Orlu,Orlu,true,HIGH,https://zipcodes.ng/orlu-lga/
473107,IM,Imo,Orlu,Orlu,Orlu,Orlu,true,HIGH,https://zipcodes.ng/orlu-lga/
473108,IM,Imo,Orlu,Orlu,Orlu,Orlu,true,HIGH,https://zipcodes.ng/orlu-lga/
473109,IM,Imo,Orlu,Orlu,Orlu,Orlu,true,HIGH,https://zipcodes.ng/orlu-lga/
473110,IM,Imo,Orlu,Orlu,Orlu,Orlu,true,HIGH,https://zipcodes.ng/orlu-lga/
473111,IM,Imo,Orlu,Orlu,Orlu,Orlu,true,HIGH,https://zipcodes.ng/orlu-lga/
473112,IM,Imo,Orlu,Orlu,Orlu,Orlu,true,HIGH,https://zipcodes.ng/orlu-lga/
473113,IM,Imo,Orsu,Awo-Omamma,Awo-Omamma,Awo-Omamma,true,HIGH,https://zipcodes.ng/orsu/
473114,IM,Imo,Orsu,Awo-Omamma,Awo-Omamma,Awo-Omamma,true,HIGH,https://zipcodes.ng/orsu/
473115,IM,Imo,Orsu,Awo-Omamma,Awo-Omamma,Awo-Omamma,true,HIGH,https://zipcodes.ng/orsu/
473116,IM,Imo,Orsu,Awo-Omamma,Awo-Omamma,Awo-Omamma,true,HIGH,https://zipcodes.ng/orsu/
473117,IM,Imo,Orlu,Orlu,Orlu,Orlu,true,HIGH,https://zipcodes.ng/orlu-lga/
473118,IM,Imo,Orlu,Orlu,Orlu,Orlu,true,HIGH,https://zipcodes.ng/orlu-lga/
473119,IM,Imo,Orlu,Orlu,Orlu,Orlu,true,HIGH,https://zipcodes.ng/orlu-lga/
473120,IM,Imo,Orlu,Orlu,Orlu,Orlu,true,HIGH,https://zipcodes.ng/orlu-lga/
473121,IM,Imo,Orsu,Awo-Omamma,Awo-Omamma,Awo-Omamma,true,HIGH,https://zipcodes.ng/orsu/
473122,IM,Imo,Orsu,Awo-Omamma,Awo-Omamma,Awo-Omamma,true,HIGH,https://zipcodes.ng/orsu/
473123,IM,Imo,Orsu,Awo-Omamma,Awo-Omamma,Awo-Omamma,true,HIGH,https://zipcodes.ng/orsu/
473124,IM,Imo,Orlu,Orlu,Orlu,Orlu,true,HIGH,https://zipcodes.ng/orlu-lga/
474101,IM,Imo,Oru West,Omuma,Omuma,Omuma,true,HIGH,https://zipcodes.ng/oru-west/
474102,IM,Imo,Oru West,Omuma,Omuma,Omuma,true,HIGH,https://zipcodes.ng/oru-west/
474103,IM,Imo,Oru West,Omuma,Omuma,Omuma,true,HIGH,https://zipcodes.ng/oru-west/
474104,IM,Imo,Oru West,Omuma,Omuma,Omuma,true,HIGH,https://zipcodes.ng/oru-west/
474105,IM,Imo,Oru West,Omuma,Omuma,Omuma,true,HIGH,https://zipcodes.ng/oru-west/
474106,IM,Imo,Oru West,Omuma,Omuma,Omuma,true,HIGH,https://zipcodes.ng/oru-west/
474107,IM,Imo,Oru West,Omuma,Omuma,Omuma,true,HIGH,https://zipcodes.ng/oru-west/
474108,IM,Imo,Oru West,Omuma,Omuma,Omuma,true,HIGH,https://zipcodes.ng/oru-west/
474109,IM,Imo,Oru East,Omuma,Omuma,Omuma,true,HIGH,https://zipcodes.ng/oru-east-l-g-a-zip-codes/
474110,IM,Imo,Oru East,Omuma,Omuma,Omuma,true,HIGH,https://zipcodes.ng/oru-east-l-g-a-zip-codes/
474111,IM,Imo,Oru East,Omuma,Omuma,Omuma,true,HIGH,https://zipcodes.ng/oru-east-l-g-a-zip-codes/
474112,IM,Imo,Oru East,Omuma,Omuma,Omuma,true,HIGH,https://zipcodes.ng/oru-east-l-g-a-zip-codes/
474113,IM,Imo,Oru East,Omuma,Omuma,Omuma,true,HIGH,https://zipcodes.ng/oru-east-l-g-a-zip-codes/
474114,IM,Imo,Oru East,Omuma,Omuma,Omuma,true,HIGH,https://zipcodes.ng/oru-east-l-g-a-zip-codes/
474115,IM,Imo,Oru West,Omuma,Omuma,Omuma,true,HIGH,https://zipcodes.ng/oru-west/
474116,IM,Imo,Oru East,Omuma,Omuma,Omuma,true,HIGH,https://zipcodes.ng/oru-east-l-g-a-zip-codes/
474117,IM,Imo,Oru West,Omuma,Omuma,Omuma,true,HIGH,https://zipcodes.ng/oru-west/
474118,IM,Imo,Oru East,Omuma,Omuma,Omuma,true,HIGH,https://zipcodes.ng/oru-east-l-g-a-zip-codes/
474119,IM,Imo,Isu,Umunakanu,Umunakanu,Umunakanu,true,HIGH,https://zipcodes.ng/lsu/
474120,IM,Imo,Isu,Umunakanu,Umunakanu,Umunakanu,true,HIGH,https://zipcodes.ng/lsu/
474121,IM,Imo,Isu,Umunakanu,Umunakanu,Umunakanu,true,HIGH,https://zipcodes.ng/lsu/
474122,IM,Imo,Isu,Umunakanu,Umunakanu,Umunakanu,true,HIGH,https://zipcodes.ng/lsu/
474123,IM,Imo,Njaba,Nnenasa,Nnenasa,Nnenasa,true,HIGH,https://zipcodes.ng/njaba/
474124,IM,Imo,Njaba,Nnenasa,Nnenasa,Nnenasa,true,HIGH,https://zipcodes.ng/njaba/
474125,IM,Imo,Isu,Umunakanu,Umunakanu,Umunakanu,true,HIGH,https://zipcodes.ng/lsu/
474127,IM,Imo,Njaba,Nnenasa,Nnenasa,Nnenasa,true,HIGH,https://zipcodes.ng/njaba/
474128,IM,Imo,Njaba,Nnenasa,Nnenasa,Nnenasa,true,HIGH,https://zipcodes.ng/njaba/
475101,IM,Imo,Ideato North,Urualla,Urualla,Urualla,true,HIGH,https://zipcodes.ng/ideato-north/
475102,IM,Imo,Ideato North,Urualla,Urualla,Urualla,true,HIGH,https://zipcodes.ng/ideato-north/
475103,IM,Imo,Ideato North,Urualla,Urualla,Urualla,true,HIGH,https://zipcodes.ng/ideato-north/
475104,IM,Imo,Ideato North,Urualla,Urualla,Urualla,true,HIGH,https://zipcodes.ng/ideato-north/
475106,IM,Imo,Ideato North,Urualla,Urualla,Urualla,true,HIGH,https://zipcodes.ng/ideato-north/
475107,IM,Imo,Ideato North,Urualla,Urualla,Urualla,true,HIGH,https://zipcodes.ng/ideato-north/
475108,IM,Imo,Ideato North,Urualla,Urualla,Urualla,true,HIGH,https://zipcodes.ng/ideato-north/
475109,IM,Imo,Ideato South,Dikenafai,Dikenafai,Dikenafai,true,HIGH,https://zipcodes.ng/ldeato-south/
475110,IM,Imo,Ideato South,Dikenafai,Dikenafai,Dikenafai,true,HIGH,https://zipcodes.ng/ldeato-south/
475111,IM,Imo,Ideato South,Dikenafai,Dikenafai,Dikenafai,true,HIGH,https://zipcodes.ng/ldeato-south/
475112,IM,Imo,Ideato South,Dikenafai,Dikenafai,Dikenafai,true,HIGH,https://zipcodes.ng/ldeato-south/
475113,IM,Imo,Ideato South,Dikenafai,Dikenafai,Dikenafai,true,HIGH,https://zipcodes.ng/ldeato-south/
475118,IM,Imo,Ideato South,Dikenafai,Dikenafai,Dikenafai,true,HIGH,https://zipcodes.ng/ldeato-south/
475120,IM,Imo,Ideato South,Dikenafai,Dikenafai,Dikenafai,true,HIGH,https://zipcodes.ng/ldeato-south/
475121,IM,Imo,Ideato South,Dikenafai,Dikenafai,Dikenafai,true,HIGH,https://zipcodes.ng/ldeato-south/
475122,IM,Imo,Ideato South,Dikenafai,Dikenafai,Dikenafai,true,HIGH,https://zipcodes.ng/ldeato-south/
480101,EB,Ebonyi,Ebonyi,Ugbodo,Ugbodo,Ugbodo,true,HIGH,https://zipcodes.ng/ebonyi/
480102,EB,Ebonyi,Ebonyi,Ugbodo,Ugbodo,Ugbodo,true,HIGH,https://zipcodes.ng/ebonyi/
480103,EB,Ebonyi,Ebonyi,Ugbodo,Ugbodo,Ugbodo,true,HIGH,https://zipcodes.ng/ebonyi/
480104,EB,Ebonyi,Ebonyi,Ugbodo,Ugbodo,Ugbodo,true,HIGH,https://zipcodes.ng/ebonyi/
480105,EB,Ebonyi,Ebonyi,Ugbodo,Ugbodo,Ugbodo,true,HIGH,https://zipcodes.ng/ebonyi/
480106,EB,Ebonyi,Ebonyi,Ugbodo,Ugbodo,Ugbodo,true,HIGH,https://zipcodes.ng/ebonyi/
480107,EB,Ebonyi,Ebonyi,Ugbodo,Ugbodo,Ugbodo,true,HIGH,https://zipcodes.ng/ebonyi/
480108,EB,Ebonyi,Ebonyi,Ugbodo,Ugbodo,Ugbodo,true,HIGH,https://zipcodes.ng/ebonyi/
480109,EB,Ebonyi,Izzi,Iboko,Iboko,Iboko,true,HIGH,https://zipcodes.ng/izzi/
480110,EB,Ebonyi,Izzi,Iboko,Iboko,Iboko,true,HIGH,https://zipcodes.ng/izzi/
480111,EB,Ebonyi,Izzi,Iboko,Iboko,Iboko,true,HIGH,https://zipcodes.ng/izzi/
480112,EB,Ebonyi,Izzi,Iboko,Iboko,Iboko,true,HIGH,https://zipcodes.ng/izzi/
480113,EB,Ebonyi,Izzi,Iboko,Iboko,Iboko,true,HIGH,https://zipcodes.ng/izzi/
480211,EB,Ebonyi,Abakaliki,Abakaliki,Abakaliki,Abakaliki,false,HIGH,https://zipcodes.ng/abakaliki/
480212,EB,Ebonyi,Abakaliki,Abakaliki,Abakaliki,Abakaliki,false,HIGH,https://zipcodes.ng/abakaliki/
480213,EB,Ebonyi,Abakaliki,Abakaliki,Abakaliki,Abakaliki,false,HIGH,https://zipcodes.ng/abakaliki/
480214,EB,Ebonyi,Abakaliki,Abakaliki,Abakaliki,Abakaliki,false,HIGH,https://zipcodes.ng/abakaliki/
480221,EB,Ebonyi,Abakaliki,Abakaliki,Abakaliki,Abakaliki,false,HIGH,https://zipcodes.ng/abakaliki/
480222,EB,Ebonyi,Abakaliki,Abakaliki,Abakaliki,Abakaliki,false,HIGH,https://zipcodes.ng/abakaliki/
480231,EB,Ebonyi,Abakaliki,Abakaliki,Abakaliki,Abakaliki,false,HIGH,https://zipcodes.ng/abakaliki/
480241,EB,Ebonyi,Abakaliki,Abakaliki,Abakaliki,Abakaliki,false,HIGH,https://zipcodes.ng/abakaliki/
480242,EB,Ebonyi,Abakaliki,Abakaliki,Abakaliki,Abakaliki,false,HIGH,https://zipcodes.ng/abakaliki/
480251,EB,Ebonyi,Abakaliki,Abakaliki,Abakaliki,Abakaliki,false,HIGH,https://zipcodes.ng/abakaliki/
480252,EB,Ebonyi,Abakaliki,Abakaliki,Abakaliki,Abakaliki,false,HIGH,https://zipcodes.ng/abakaliki/
480261,EB,Ebonyi,Abakaliki,Abakaliki,Abakaliki,Abakaliki,false,HIGH,https://zipcodes.ng/abakaliki/
480263,EB,Ebonyi,Abakaliki,Abakaliki,Abakaliki,Abakaliki,false,HIGH,https://zipcodes.ng/abakaliki/
480271,EB,Ebonyi,Abakaliki,Abakaliki,Abakaliki,Abakaliki,false,HIGH,https://zipcodes.ng/abakaliki/
480273,EB,Ebonyi,Abakaliki,Abakaliki,Abakaliki,Abakaliki,false,HIGH,https://zipcodes.ng/abakaliki/
480281,EB,Ebonyi,Abakaliki,Abakaliki,Abakaliki,Abakaliki,false,HIGH,https://zipcodes.ng/abakaliki/
480282,EB,Ebonyi,Abakaliki,Abakaliki,Abakaliki,Abakaliki,false,HIGH,https://zipcodes.ng/abakaliki/
481101,EB,Ebonyi,Ohaukwu,Effium,Effium,Effium,true,HIGH,https://zipcodes.ng/ohaukwu/
481102,EB,Ebonyi,Ohaukwu,Effium,Effium,Effium,true,HIGH,https://zipcodes.ng/ohaukwu/
481103,EB,Ebonyi,Ohaukwu,Effium,Effium,Effium,true,HIGH,https://zipcodes.ng/ohaukwu/
481104,EB,Ebonyi,Ohaukwu,Effium,Effium,Effium,true,HIGH,https://zipcodes.ng/ohaukwu/
481105,EB,Ebonyi,Ohaukwu,Effium,Effium,Effium,true,HIGH,https://zipcodes.ng/ohaukwu/
481106,EB,Ebonyi,Ohaukwu,Effium,Effium,Effium,true,HIGH,https://zipcodes.ng/ohaukwu/
481107,EB,Ebonyi,Ohaukwu,Effium,Effium,Effium,true,HIGH,https://zipcodes.ng/ohaukwu/
481108,EB,Ebonyi,Ohaukwu,Effium,Effium,Effium,true,HIGH,https://zipcodes.ng/ohaukwu/
481109,EB,Ebonyi,Ohaukwu,Effium,Effium,Effium,true,HIGH,https://zipcodes.ng/ohaukwu/
481110,EB,Ebonyi,Ohaukwu,Effium,Effium,Effium,true,HIGH,https://zipcodes.ng/ohaukwu/
481111,EB,Ebonyi,Ishielu,Ezzagu,Ezzagu,Ezzagu,true,MEDIUM,https://zipcodes.ng/ishelu/
481112,EB,Ebonyi,Ishielu,Ezzagu,Ezzagu,Ezzagu,true,MEDIUM,https://zipcodes.ng/ishelu/
481113,EB,Ebonyi,Ishielu,Ezzagu,Ezzagu,Ezzagu,true,MEDIUM,https://zipcodes.ng/ishelu/
481114,EB,Ebonyi,Ishielu,Ezzagu,Ezzagu,Ezzagu,true,MEDIUM,https://zipcodes.ng/ishelu/
481115,EB,Ebonyi,Ishielu,Ezzagu,Ezzagu,Ezzagu,true,MEDIUM,https://zipcodes.ng/ishelu/
481116,EB,Ebonyi,Ishielu,Ezzagu,Ezzagu,Ezzagu,true,MEDIUM,https://zipcodes.ng/ishelu/
481117,EB,Ebonyi,Ishielu,Ezzagu,Ezzagu,Ezzagu,true,MEDIUM,https://zipcodes.ng/ishelu/
481118,EB,Ebonyi,Ishielu,Ezzagu,Ezzagu,Ezzagu,true,MEDIUM,https://zipcodes.ng/ishelu/
481119,EB,Ebonyi,Ishielu,Ezzagu,Ezzagu,Ezzagu,true,MEDIUM,https://zipcodes.ng/ishelu/
481120,EB,Ebonyi,Ishielu,Ezzagu,Ezzagu,Ezzagu,true,MEDIUM,https://zipcodes.ng/ishelu/
481121,EB,Ebonyi,Ishielu,Ezzagu,Ezzagu,Ezzagu,true,MEDIUM,https://zipcodes.ng/ishelu/
481122,EB,Ebonyi,Ishielu,Ezzagu,Ezzagu,Ezzagu,true,MEDIUM,https://zipcodes.ng/ishelu/
481123,EB,Ebonyi,Ishielu,Ezzagu,Ezzagu,Ezzagu,true,MEDIUM,https://zipcodes.ng/ishelu/
482101,EB,Ebonyi,Ezza North,Ezzamgbo,Ezzamgbo,Ezzamgbo,true,HIGH,https://zipcodes.ng/ezza-north/
482102,EB,Ebonyi,Ezza North,Ezzamgbo,Ezzamgbo,Ezzamgbo,true,HIGH,https://zipcodes.ng/ezza-north/
482103,EB,Ebonyi,Ezza North,Ezzamgbo,Ezzamgbo,Ezzamgbo,true,HIGH,https://zipcodes.ng/ezza-north/
482104,EB,Ebonyi,Ezza North,Ezzamgbo,Ezzamgbo,Ezzamgbo,true,HIGH,https://zipcodes.ng/ezza-north/
482105,EB,Ebonyi,Ezza North,Ezzamgbo,Ezzamgbo,Ezzamgbo,true,HIGH,https://zipcodes.ng/ezza-north/
482106,EB,Ebonyi,Ezza North,Ezzamgbo,Ezzamgbo,Ezzamgbo,true,HIGH,https://zipcodes.ng/ezza-north/
482107,EB,Ebonyi,Ezza North,Ezzamgbo,Ezzamgbo,Ezzamgbo,true,HIGH,https://zipcodes.ng/ezza-north/
482108,EB,Ebonyi,Ezza North,Ezzamgbo,Ezzamgbo,Ezzamgbo,true,HIGH,https://zipcodes.ng/ezza-north/
482109,EB,Ebonyi,Ezza North,Ezzamgbo,Ezzamgbo,Ezzamgbo,true,HIGH,https://zipcodes.ng/ezza-north/
482111,EB,Ebonyi,Ezza North,Ezzamgbo,Ezzamgbo,Ezzamgbo,true,HIGH,https://zipcodes.ng/ezza-north/
482112,EB,Ebonyi,Ezza North,Ezzamgbo,Ezzamgbo,Ezzamgbo,true,HIGH,https://zipcodes.ng/ezza-north/
482113,EB,Ebonyi,Ezza North,Ezzamgbo,Ezzamgbo,Ezzamgbo,true,HIGH,https://zipcodes.ng/ezza-north/
482114,EB,Ebonyi,Ezza North,Ezzamgbo,Ezzamgbo,Ezzamgbo,true,HIGH,https://zipcodes.ng/ezza-north/
482115,EB,Ebonyi,Ezza North,Ezzamgbo,Ezzamgbo,Ezzamgbo,true,HIGH,https://zipcodes.ng/ezza-north/
482116,EB,Ebonyi,Ezza North,Ezzamgbo,Ezzamgbo,Ezzamgbo,true,HIGH,https://zipcodes.ng/ezza-north/
482117,EB,Ebonyi,Ezza North,Ezzamgbo,Ezzamgbo,Ezzamgbo,true,HIGH,https://zipcodes.ng/ezza-north/
482118,EB,Ebonyi,Ezza North,Ezzamgbo,Ezzamgbo,Ezzamgbo,true,HIGH,https://zipcodes.ng/ezza-north/
482119,EB,Ebonyi,Ezza North,Ezzamgbo,Ezzamgbo,Ezzamgbo,true,HIGH,https://zipcodes.ng/ezza-north/
482120,EB,Ebonyi,Ezza North,Ezzamgbo,Ezzamgbo,Ezzamgbo,true,HIGH,https://zipcodes.ng/ezza-north/
482121,EB,Ebonyi,Ezza North,Ezzamgbo,Ezzamgbo,Ezzamgbo,true,HIGH,https://zipcodes.ng/ezza-north/
482122,EB,Ebonyi,Ezza North,Ezzamgbo,Ezzamgbo,Ezzamgbo,true,HIGH,https://zipcodes.ng/ezza-north/
482123,EB,Ebonyi,Ikwo,Isu,Isu,Isu,true,HIGH,https://zipcodes.ng/ikwo/
482124,EB,Ebonyi,Ikwo,Isu,Isu,Isu,true,HIGH,https://zipcodes.ng/ikwo/
482125,EB,Ebonyi,Ikwo,Isu,Isu,Isu,true,HIGH,https://zipcodes.ng/ikwo/
482126,EB,Ebonyi,Ikwo,Isu,Isu,Isu,true,HIGH,https://zipcodes.ng/ikwo/
482127,EB,Ebonyi,Ikwo,Isu,Isu,Isu,true,HIGH,https://zipcodes.ng/ikwo/
482128,EB,Ebonyi,Ikwo,Isu,Isu,Isu,true,HIGH,https://zipcodes.ng/ikwo/
482129,EB,Ebonyi,Ikwo,Isu,Isu,Isu,true,HIGH,https://zipcodes.ng/ikwo/
482130,EB,Ebonyi,Ikwo,Isu,Isu,Isu,true,HIGH,https://zipcodes.ng/ikwo/
482131,EB,Ebonyi,Ikwo,Isu,Isu,Isu,true,HIGH,https://zipcodes.ng/ikwo/
482132,EB,Ebonyi,Ikwo,Isu,Isu,Isu,true,HIGH,https://zipcodes.ng/ikwo/
482133,EB,Ebonyi,Ikwo,Isu,Isu,Isu,true,HIGH,https://zipcodes.ng/ikwo/
482134,EB,Ebonyi,Ikwo,Isu,Isu,Isu,true,HIGH,https://zipcodes.ng/ikwo/
482135,EB,Ebonyi,Ikwo,Isu,Isu,Isu,true,HIGH,https://zipcodes.ng/ikwo/
482136,EB,Ebonyi,Ikwo,Isu,Isu,Isu,true,HIGH,https://zipcodes.ng/ikwo/
490101,EB,Ebonyi,Afikpo South,Afikpo,Afikpo,Afikpo,true,HIGH,https://zipcodes.ng/afikpo-south/
490102,EB,Ebonyi,Afikpo South,Afikpo,Afikpo,Afikpo,true,HIGH,https://zipcodes.ng/afikpo-south/
490103,EB,Ebonyi,Afikpo South,Afikpo,Afikpo,Afikpo,true,HIGH,https://zipcodes.ng/afikpo-south/
491101,EB,Ebonyi,Ohaozara,Obiozara,Obiozara,Obiozara,true,HIGH,https://zipcodes.ng/ohaozra-l-g-a-zip-codes/
491102,EB,Ebonyi,Ohaozara,Obiozara,Obiozara,Obiozara,true,HIGH,https://zipcodes.ng/ohaozra-l-g-a-zip-codes/
491103,EB,Ebonyi,Ohaozara,Obiozara,Obiozara,Obiozara,true,HIGH,https://zipcodes.ng/ohaozra-l-g-a-zip-codes/
491104,EB,Ebonyi,Ohaozara,Obiozara,Obiozara,Obiozara,true,HIGH,https://zipcodes.ng/ohaozra-l-g-a-zip-codes/
491105,EB,Ebonyi,Ohaozara,Obiozara,Obiozara,Obiozara,true,HIGH,https://zipcodes.ng/ohaozra-l-g-a-zip-codes/
491106,EB,Ebonyi,Onicha,Isu,Isu,Isu,true,HIGH,https://zipcodes.ng/onicha-l-g-a-zip-codes/
491107,EB,Ebonyi,Onicha,Isu,Isu,Isu,true,HIGH,https://zipcodes.ng/onicha-l-g-a-zip-codes/
491108,EB,Ebonyi,Onicha,Isu,Isu,Isu,true,HIGH,https://zipcodes.ng/onicha-l-g-a-zip-codes/
491109,EB,Ebonyi,Onicha,Isu,Isu,Isu,true,HIGH,https://zipcodes.ng/onicha-l-g-a-zip-codes/
491110,EB,Ebonyi,Onicha,Isu,Isu,Isu,true,HIGH,https://zipcodes.ng/onicha-l-g-a-zip-codes/
500101,RI,Rivers,Port Harcourt City,Port Harcourt,Port Harcourt,Port Harcourt,false,HIGH,https://zipcodes.ng/port-harcourt/
500103,RI,Rivers,Okrika,Okrika,Okrika,Okrika,true,HIGH,https://zipcodes.ng/okrika/
500104,RI,Rivers,Ogu/Bolo,Ogu,Ogu,Ogu,true,HIGH,https://zipcodes.ng/ogu-bolo/
500211,RI,Rivers,Port Harcourt City,Port Harcourt,Port Harcourt,Port Harcourt,false,HIGH,https://zipcodes.ng/port-harcourt/
500241,RI,Rivers,Port Harcourt City,Port Harcourt,Port Harcourt,Port Harcourt,false,HIGH,https://zipcodes.ng/port-harcourt/
500242,RI,Rivers,Port Harcourt City,Port Harcourt,Port Harcourt,Port Harcourt,false,HIGH,https://zipcodes.ng/port-harcourt/
500243,RI,Rivers,Port Harcourt City,Port Harcourt,Port Harcourt,Port Harcourt,false,HIGH,https://zipcodes.ng/port-harcourt/
500244,RI,Rivers,Port Harcourt City,Port Harcourt,Port Harcourt,Port Harcourt,false,HIGH,https://zipcodes.ng/port-harcourt/
500251,RI,Rivers,Port Harcourt City,Port Harcourt,Port Harcourt,Port Harcourt,false,HIGH,https://zipcodes.ng/port-harcourt/
500261,RI,Rivers,Port Harcourt City,Port Harcourt,Port Harcourt,Port Harcourt,false,HIGH,https://zipcodes.ng/port-harcourt/
500262,RI,Rivers,Port Harcourt City,Port Harcourt,Port Harcourt,Port Harcourt,false,HIGH,https://zipcodes.ng/port-harcourt/
500263,RI,Rivers,Port Harcourt City,Port Harcourt,Port Harcourt,Port Harcourt,false,HIGH,https://zipcodes.ng/port-harcourt/
500264,RI,Rivers,Port Harcourt City,Port Harcourt,Port Harcourt,Port Harcourt,false,HIGH,https://zipcodes.ng/port-harcourt/
500265,RI,Rivers,Port Harcourt City,Port Harcourt,Port Harcourt,Port Harcourt,false,HIGH,https://zipcodes.ng/port-harcourt/
500271,RI,Rivers,Port Harcourt City,Port Harcourt,Port Harcourt,Port Harcourt,false,HIGH,https://zipcodes.ng/port-harcourt/
500272,RI,Rivers,Port Harcourt City,Port Harcourt,Port Harcourt,Port Harcourt,false,HIGH,https://zipcodes.ng/port-harcourt/
501101,RI,Rivers,Eleme,Eleme,Eleme,Eleme,true,HIGH,https://zipcodes.ng/eleme/
501102,RI,Rivers,Tai,Koroma,Koroma,Koroma,true,HIGH,https://zipcodes.ng/tai/
501103,RI,Rivers,Gokana,Kpor,Kpor,Kpor,true,HIGH,https://zipcodes.ng/gokana/
502101,RI,Rivers,Khana,Bori,Bori,Bori,true,HIGH,https://zipcodes.ng/khana/
502102,RI,Rivers,Khana,Bori,Bori,Bori,true,HIGH,https://zipcodes.ng/khana/
502103,RI,Rivers,Oyigbo,Afam,Afam,Afam,true,HIGH,https://zipcodes.ng/oyigbo/
502104,RI,Rivers,Oyigbo,Afam,Afam,Afam,true,HIGH,https://zipcodes.ng/oyigbo/
503101,RI,Rivers,Bonny,Bonny,Bonny,Bonny,true,HIGH,https://zipcodes.ng/bonny/
503102,RI,Rivers,Andoni,Ngo,Ngo,Ngo,true,HIGH,https://zipcodes.ng/andoni/
503103,RI,Rivers,Opobo/Nkoro,Opobo,Opobo,Opobo,true,HIGH,https://zipcodes.ng/opobo-nkoro/
504101,RI,Rivers,Asari-Toru,Buguma,Buguma,Buguma,true,HIGH,https://zipcodes.ng/asari-toru-lga/
504102,RI,Rivers,Degema,Degema,Degema,Degema,true,HIGH,https://zipcodes.ng/degema/
504103,RI,Rivers,Akuku-Toru,Abonnema,Abonnema,Abonnema,true,HIGH,https://zipcodes.ng/akuku-toru/
510102,RI,Rivers,Abua/Odual,Abua,Abua,Abua,true,HIGH,https://zipcodes.ng/abua-odual/
510103,RI,Rivers,Ogba/Egbema/Ndoni,Omoku,Omoku,Omoku,true,HIGH,https://zipcodes.ng/ogba-egbema-ndoni/
510104,RI,Rivers,Ogba/Egbema/Ndoni,Omoku,Omoku,Omoku,true,HIGH,https://zipcodes.ng/ogba-egbema-ndoni/
511101,RI,Rivers,Ikwerre,Isiokpo,Isiokpo,Isiokpo,true,HIGH,https://zipcodes.ng/ikwerre/
511102,RI,Rivers,Emohua,Emohua,Emohua,Emohua,true,HIGH,https://zipcodes.ng/emohua/
512101,RI,Rivers,Etche,Okehi,Okehi,Okehi,true,HIGH,https://zipcodes.ng/etche/
512102,RI,Rivers,Omuma,Eberi,Eberi,Eberi,true,HIGH,https://zipcodes.ng/omuma/
520105,AK,Akwa Ibom,Uruan,Idu Uruan,Idu Uruan,Idu Uruan,true,HIGH,https://zipcodes.ng/uruan/
520106,AK,Akwa Ibom,Uruan,Idu Uruan,Idu Uruan,Idu Uruan,true,HIGH,https://zipcodes.ng/uruan/
520107,AK,Akwa Ibom,Uruan,Idu Uruan,Idu Uruan,Idu Uruan,true,HIGH,https://zipcodes.ng/uruan/
520108,AK,Akwa Ibom,Itu,Itu,Itu,Itu,true,HIGH,https://zipcodes.ng/itu/
520109,AK,Akwa Ibom,Itu,Itu,Itu,Itu,true,HIGH,https://zipcodes.ng/itu/
520110,AK,Akwa Ibom,Itu,Itu,Itu,Itu,true,HIGH,https://zipcodes.ng/itu/
520111,AK,Akwa Ibom,Itu,Itu,Itu,Itu,true,HIGH,https://zipcodes.ng/itu/
520112,AK,Akwa Ibom,Itu,Itu,Itu,Itu,true,HIGH,https://zipcodes.ng/itu/
520113,AK,Akwa Ibom,Itu,Itu,Itu,Itu,true,HIGH,https://zipcodes.ng/itu/
520115,AK,Akwa Ibom,Ibiono Ibom,Oko Ita,Oko Ita,Oko Ita,true,MEDIUM,https://zipcodes.ng/ibiono/
520116,AK,Akwa Ibom,Ibiono Ibom,Oko Ita,Oko Ita,Oko Ita,true,MEDIUM,https://zipcodes.ng/ibiono/
520117,AK,Akwa Ibom,Ibiono Ibom,Oko Ita,Oko Ita,Oko Ita,true,MEDIUM,https://zipcodes.ng/ibiono/
520119,AK,Akwa Ibom,Ibiono Ibom,Oko Ita,Oko Ita,Oko Ita,true,MEDIUM,https://zipcodes.ng/ibiono/
520211,AK,Akwa Ibom,Uyo,Uyo,Uyo,Uyo,false,HIGH,https://zipcodes.ng/uyo-town/
520212,AK,Akwa Ibom,Uyo,Uyo,Uyo,Uyo,false,HIGH,https://zipcodes.ng/uyo-town/
520221,AK,Akwa Ibom,Uyo,Uyo,Uyo,Uyo,false,HIGH,https://zipcodes.ng/uyo-town/
520222,AK,Akwa Ibom,Uyo,Uyo,Uyo,Uyo,false,HIGH,https://zipcodes.ng/uyo-town/
520231,AK,Akwa Ibom,Uyo,Uyo,Uyo,Uyo,false,HIGH,https://zipcodes.ng/uyo-town/
520241,AK,Akwa Ibom,Uyo,Uyo,Uyo,Uyo,false,HIGH,https://zipcodes.ng/uyo-town/
520251,AK,Akwa Ibom,Uyo,Uyo,Uyo,Uyo,false,HIGH,https://zipcodes.ng/uyo-town/
520261,AK,Akwa Ibom,Uyo,Uyo,Uyo,Uyo,false,HIGH,https://zipcodes.ng/uyo-town/
520271,AK,Akwa Ibom,Uyo,Uyo,Uyo,Uyo,false,HIGH,https://zipcodes.ng/uyo-town/
521101,AK,Akwa Ibom,Okobo,Okopedi,Okopedi,Okopedi,true,HIGH,https://zipcodes.ng/okobo/
521102,AK,Akwa Ibom,Okobo,Okopedi,Okopedi,Okopedi,true,HIGH,https://zipcodes.ng/okobo/
521103,AK,Akwa Ibom,Okobo,Okopedi,Okopedi,Okopedi,true,HIGH,https://zipcodes.ng/okobo/
521104,AK,Akwa Ibom,Okobo,Okopedi,Okopedi,Okopedi,true,HIGH,https://zipcodes.ng/okobo/
521105,AK,Akwa Ibom,Okobo,Okopedi,Okopedi,Okopedi,true,HIGH,https://zipcodes.ng/okobo/
521106,AK,Akwa Ibom,Okobo,Okopedi,Okopedi,Okopedi,true,HIGH,https://zipcodes.ng/okobo/
521107,AK,Akwa Ibom,Okobo,Okopedi,Okopedi,Okopedi,true,HIGH,https://zipcodes.ng/okobo/
521108,AK,Akwa Ibom,Nsit Atai,Odot,Odot,Odot,true,HIGH,https://zipcodes.ng/nsit-atai/
521109,AK,Akwa Ibom,Ibesikpo Asutan,Nung Udoe,Nung Udoe,Nung Udoe,true,HIGH,https://zipcodes.ng/ibesikpo-asutan/
521110,AK,Akwa Ibom,Ibesikpo Asutan,Nung Udoe,Nung Udoe,Nung Udoe,true,HIGH,https://zipcodes.ng/ibesikpo-asutan/
522002,AK,Akwa Ibom,Nsit Ibom,Nsit Ibom,Nsit Ibom,Nsit Ibom,true,MEDIUM,https://nigeriapostal.com/location/NG-Akwa%20Ibom/Nsit%20Ibom
522003,AK,Akwa Ibom,Nsit Ibom,Nsit Ibom,Nsit Ibom,Nsit Ibom,true,MEDIUM,https://nigeriapostal.com/location/NG-Akwa%20Ibom/Nsit%20Ibom
522004,AK,Akwa Ibom,Nsit Ibom,Nsit Ibom,Nsit Ibom,Nsit Ibom,true,MEDIUM,https://nigeriapostal.com/location/NG-Akwa%20Ibom/Nsit%20Ibom
522101,AK,Akwa Ibom,Etinan,Etinan,Etinan,Etinan,true,HIGH,https://zipcodes.ng/etinan/
522102,AK,Akwa Ibom,Etinan,Etinan,Etinan,Etinan,true,HIGH,https://zipcodes.ng/etinan/
522103,AK,Akwa Ibom,Etinan,Etinan,Etinan,Etinan,true,HIGH,https://zipcodes.ng/etinan/
522104,AK,Akwa Ibom,Nsit Ubium,Ikot Osurua,Ikot Osurua,Ikot Osurua,true,HIGH,https://zipcodes.ng/nsit-ubium/
522105,AK,Akwa Ibom,Nsit Ubium,Ikot Osurua,Ikot Osurua,Ikot Osurua,true,HIGH,https://zipcodes.ng/nsit-ubium/
522106,AK,Akwa Ibom,Nsit Ubium,Ikot Osurua,Ikot Osurua,Ikot Osurua,true,HIGH,https://zipcodes.ng/nsit-ubium/
522107,AK,Akwa Ibom,Nsit Ubium,Ikot Osurua,Ikot Osurua,Ikot Osurua,true,HIGH,https://zipcodes.ng/nsit-ubium/
522108,AK,Akwa Ibom,Nsit Ubium,Ikot Osurua,Ikot Osurua,Ikot Osurua,true,HIGH,https://zipcodes.ng/nsit-ubium/
522109,AK,Akwa Ibom,Nsit Ubium,Ikot Osurua,Ikot Osurua,Ikot Osurua,true,HIGH,https://zipcodes.ng/nsit-ubium/
522110,AK,Akwa Ibom,Nsit Ubium,Ikot Osurua,Ikot Osurua,Ikot Osurua,true,HIGH,https://zipcodes.ng/nsit-ubium/
523101,AK,Akwa Ibom,Oron,Oron,Oron,Oron,true,HIGH,https://zipcodes.ng/oron/
523105,AK,Akwa Ibom,Udung Uko,Ikot Akpan Nkuk,Ikot Akpan Nkuk,Ikot Akpan Nkuk,true,HIGH,https://zipcodes.ng/udung-uko/
523106,AK,Akwa Ibom,Udung Uko,Ikot Akpan Nkuk,Ikot Akpan Nkuk,Ikot Akpan Nkuk,true,HIGH,https://zipcodes.ng/udung-uko/
523107,AK,Akwa Ibom,Urue-Offong/Oruko,Urue-Offong,Urue-Offong,Urue-Offong,true,MEDIUM,https://zipcodes.ng/urue-offiong/
523108,AK,Akwa Ibom,Urue-Offong/Oruko,Urue-Offong,Urue-Offong,Urue-Offong,true,MEDIUM,https://zipcodes.ng/urue-offiong/
523109,AK,Akwa Ibom,Urue-Offong/Oruko,Urue-Offong,Urue-Offong,Urue-Offong,true,MEDIUM,https://zipcodes.ng/urue-offiong/
523110,AK,Akwa Ibom,Urue-Offong/Oruko,Urue-Offong,Urue-Offong,Urue-Offong,true,MEDIUM,https://zipcodes.ng/urue-offiong/
523111,AK,Akwa Ibom,Urue-Offong/Oruko,Urue-Offong,Urue-Offong,Urue-Offong,true,MEDIUM,https://zipcodes.ng/urue-offiong/
523112,AK,Akwa Ibom,Urue-Offong/Oruko,Urue-Offong,Urue-Offong,Urue-Offong,true,MEDIUM,https://zipcodes.ng/urue-offiong/
523113,AK,Akwa Ibom,Mbo,Enwang,Enwang,Enwang,true,HIGH,https://zipcodes.ng/mbo/
523114,AK,Akwa Ibom,Mbo,Enwang,Enwang,Enwang,true,HIGH,https://zipcodes.ng/mbo/
523115,AK,Akwa Ibom,Mbo,Enwang,Enwang,Enwang,true,HIGH,https://zipcodes.ng/mbo/
523118,AK,Akwa Ibom,Oron,Oron,Oron,Oron,true,HIGH,https://zipcodes.ng/oron/
523119,AK,Akwa Ibom,Onna,Ikot Uboh,Ikot Uboh,Ikot Uboh,true,HIGH,https://zipcodes.ng/onna/
523120,AK,Akwa Ibom,Oron,Oron,Oron,Oron,true,HIGH,https://zipcodes.ng/oron/
523121,AK,Akwa Ibom,Oron,Oron,Oron,Oron,true,HIGH,https://zipcodes.ng/oron/
524101,AK,Akwa Ibom,Essien Udim,Ikot Ekpene,Ikot Ekpene,Ikot Ekpene,true,HIGH,https://zipcodes.ng/essien-udim/
524106,AK,Akwa Ibom,Onna,Ikot Uboh,Ikot Uboh,Ikot Uboh,true,HIGH,https://zipcodes.ng/onna/
524107,AK,Akwa Ibom,Onna,Ikot Uboh,Ikot Uboh,Ikot Uboh,true,HIGH,https://zipcodes.ng/onna/
524110,AK,Akwa Ibom,Ibeno,Upenekang,Upenekang,Upenekang,true,MEDIUM,https://zipcodes.ng/uquo-ibeno/
530101,AK,Akwa Ibom,Ikot Ekpene,Ikot Ekpene,Ikot Ekpene,Ikot Ekpene,true,HIGH,https://zipcodes.ng/ikot-ekpene/
530102,AK,Akwa Ibom,Ikot Ekpene,Ikot Ekpene,Ikot Ekpene,Ikot Ekpene,true,HIGH,https://zipcodes.ng/ikot-ekpene/
530103,AK,Akwa Ibom,Obot Akara,Ikot Akpa Nkuk,Ikot Akpa Nkuk,Ikot Akpa Nkuk,true,HIGH,https://zipcodes.ng/obot-akara-l-g-a-zip-codes/
530104,AK,Akwa Ibom,Obot Akara,Ikot Akpa Nkuk,Ikot Akpa Nkuk,Ikot Akpa Nkuk,true,HIGH,https://zipcodes.ng/obot-akara-l-g-a-zip-codes/
530105,AK,Akwa Ibom,Obot Akara,Ikot Akpa Nkuk,Ikot Akpa Nkuk,Ikot Akpa Nkuk,true,HIGH,https://zipcodes.ng/obot-akara-l-g-a-zip-codes/
530106,AK,Akwa Ibom,Essien Udim,Ikot Ekpene,Ikot Ekpene,Ikot Ekpene,true,HIGH,https://zipcodes.ng/essien-udim/
530107,AK,Akwa Ibom,Essien Udim,Ikot Ekpene,Ikot Ekpene,Ikot Ekpene,true,HIGH,https://zipcodes.ng/essien-udim/
530108,AK,Akwa Ibom,Essien Udim,Ikot Ekpene,Ikot Ekpene,Ikot Ekpene,true,HIGH,https://zipcodes.ng/essien-udim/
530109,AK,Akwa Ibom,Essien Udim,Ikot Ekpene,Ikot Ekpene,Ikot Ekpene,true,HIGH,https://zipcodes.ng/essien-udim/
530111,AK,Akwa Ibom,Essien Udim,Ikot Ekpene,Ikot Ekpene,Ikot Ekpene,true,HIGH,https://zipcodes.ng/essien-udim/
530112,AK,Akwa Ibom,Essien Udim,Ikot Ekpene,Ikot Ekpene,Ikot Ekpene,true,HIGH,https://zipcodes.ng/essien-udim/
530113,AK,Akwa Ibom,Essien Udim,Ikot Ekpene,Ikot Ekpene,Ikot Ekpene,true,HIGH,https://zipcodes.ng/essien-udim/
532101,AK,Akwa Ibom,Abak,Abak,Abak,Abak,true,HIGH,https://zipcodes.ng/abak/
532102,AK,Akwa Ibom,Abak,Abak,Abak,Abak,true,HIGH,https://zipcodes.ng/abak/
532103,AK,Akwa Ibom,Abak,Abak,Abak,Abak,true,HIGH,https://zipcodes.ng/abak/
532104,AK,Akwa Ibom,Abak,Abak,Abak,Abak,true,HIGH,https://zipcodes.ng/abak/
532105,AK,Akwa Ibom,Abak,Abak,Abak,Abak,true,HIGH,https://zipcodes.ng/abak/
532106,AK,Akwa Ibom,Etim Ekpo,Ikot Ekpene,Ikot Ekpene,Ikot Ekpene,true,HIGH,https://zipcodes.ng/etim-ekpo/
532107,AK,Akwa Ibom,Etim Ekpo,Ikot Ekpene,Ikot Ekpene,Ikot Ekpene,true,HIGH,https://zipcodes.ng/etim-ekpo/
532108,AK,Akwa Ibom,Etim Ekpo,Ikot Ekpene,Ikot Ekpene,Ikot Ekpene,true,HIGH,https://zipcodes.ng/etim-ekpo/
532109,AK,Akwa Ibom,Etim Ekpo,Ikot Ekpene,Ikot Ekpene,Ikot Ekpene,true,HIGH,https://zipcodes.ng/etim-ekpo/
532110,AK,Akwa Ibom,Ika,Nung Ukim,Nung Ukim,Nung Ukim,true,HIGH,https://zipcodes.ng/ika/
532111,AK,Akwa Ibom,Ika,Nung Ukim,Nung Ukim,Nung Ukim,true,HIGH,https://zipcodes.ng/ika/
532112,AK,Akwa Ibom,Ika,Nung Ukim,Nung Ukim,Nung Ukim,true,HIGH,https://zipcodes.ng/ika/
533101,AK,Akwa Ibom,Ukanafun,Ikot Akpan Nkuk,Ikot Akpan Nkuk,Ikot Akpan Nkuk,true,MEDIUM,https://nigeriapostal.com/location/NG-Akwa%20Ibom/Ukanafun
533102,AK,Akwa Ibom,Ukanafun,Ikot Akpan Nkuk,Ikot Akpan Nkuk,Ikot Akpan Nkuk,true,MEDIUM,https://nigeriapostal.com/location/NG-Akwa%20Ibom/Ukanafun
533106,AK,Akwa Ibom,Oruk Anam,Ikot Ibritam,Ikot Ibritam,Ikot Ibritam,true,HIGH,https://zipcodes.ng/oruk-anam/
533107,AK,Akwa Ibom,Oruk Anam,Ikot Ibritam,Ikot Ibritam,Ikot Ibritam,true,HIGH,https://zipcodes.ng/oruk-anam/
533108,AK,Akwa Ibom,Oruk Anam,Ikot Ibritam,Ikot Ibritam,Ikot Ibritam,true,HIGH,https://zipcodes.ng/oruk-anam/
533110,AK,Akwa Ibom,Oruk Anam,Ikot Ibritam,Ikot Ibritam,Ikot Ibritam,true,HIGH,https://zipcodes.ng/oruk-anam/
533111,AK,Akwa Ibom,Oruk Anam,Ikot Ibritam,Ikot Ibritam,Ikot Ibritam,true,HIGH,https://zipcodes.ng/oruk-anam/
533113,AK,Akwa Ibom,Oruk Anam,Ikot Ibritam,Ikot Ibritam,Ikot Ibritam,true,HIGH,https://zipcodes.ng/oruk-anam/
533114,AK,Akwa Ibom,Oruk Anam,Ikot Ibritam,Ikot Ibritam,Ikot Ibritam,true,HIGH,https://zipcodes.ng/oruk-anam/
534107,AK,Akwa Ibom,Eastern Obolo,Okoroete,Okoroete,Okoroete,true,MEDIUM,https://nigeriapostal.com/location/NG-Akwa%20Ibom/Eastern%20Obolo
534109,AK,Akwa Ibom,Mbo,Enwang,Enwang,Enwang,true,HIGH,https://zipcodes.ng/mbo/
534110,AK,Akwa Ibom,Mbo,Enwang,Enwang,Enwang,true,HIGH,https://zipcodes.ng/mbo/
534111,AK,Akwa Ibom,Mbo,Enwang,Enwang,Enwang,true,HIGH,https://zipcodes.ng/mbo/
534206,AK,Akwa Ibom,Eastern Obolo,Okoroete,Okoroete,Okoroete,true,MEDIUM,https://nigeriapostal.com/location/NG-Akwa%20Ibom/Eastern%20Obolo
540211,CR,Cross River,Calabar Municipal,Calabar,Calabar,Calabar,false,HIGH,https://zipcodes.ng/calabar/
540213,CR,Cross River,Calabar Municipal,Calabar,Calabar,Calabar,false,HIGH,https://zipcodes.ng/calabar/
540221,CR,Cross River,Calabar Municipal,Calabar,Calabar,Calabar,false,HIGH,https://zipcodes.ng/calabar/
540222,CR,Cross River,Calabar Municipal,Calabar,Calabar,Calabar,false,HIGH,https://zipcodes.ng/calabar/
540241,CR,Cross River,Calabar Municipal,Calabar,Calabar,Calabar,false,HIGH,https://zipcodes.ng/calabar/
540242,CR,Cross River,Calabar Municipal,Calabar,Calabar,Calabar,false,HIGH,https://zipcodes.ng/calabar/
540243,CR,Cross River,Calabar Municipal,Calabar,Calabar,Calabar,false,HIGH,https://zipcodes.ng/calabar/
540252,CR,Cross River,Calabar Municipal,Calabar,Calabar,Calabar,false,HIGH,https://zipcodes.ng/calabar/
540253,CR,Cross River,Calabar Municipal,Calabar,Calabar,Calabar,false,HIGH,https://zipcodes.ng/calabar/
540261,CR,Cross River,Calabar Municipal,Calabar,Calabar,Calabar,false,HIGH,https://zipcodes.ng/calabar/
540271,CR,Cross River,Calabar Municipal,Calabar,Calabar,Calabar,false,HIGH,https://zipcodes.ng/calabar/
541106,CR,Cross River,Bakassi,Abana,Abana,Abana,true,MEDIUM,https://zipcodes.ng/bakassi/
541107,CR,Cross River,Bakassi,Abana,Abana,Abana,true,MEDIUM,https://zipcodes.ng/bakassi/
541109,CR,Cross River,Bakassi,Abana,Abana,Abana,true,MEDIUM,https://zipcodes.ng/bakassi/
541110,CR,Cross River,Bakassi,Abana,Abana,Abana,true,MEDIUM,https://zipcodes.ng/bakassi/
542101,CR,Cross River,Akamkpa,Akamkpa,Akamkpa,Akamkpa,true,MEDIUM,https://zipcodes.ng/akampa/
542102,CR,Cross River,Akamkpa,Akamkpa,Akamkpa,Akamkpa,true,MEDIUM,https://zipcodes.ng/akampa/
542103,CR,Cross River,Akamkpa,Akamkpa,Akamkpa,Akamkpa,true,MEDIUM,https://zipcodes.ng/akampa/
542104,CR,Cross River,Akamkpa,Akamkpa,Akamkpa,Akamkpa,true,MEDIUM,https://zipcodes.ng/akampa/
542105,CR,Cross River,Akamkpa,Akamkpa,Akamkpa,Akamkpa,true,MEDIUM,https://zipcodes.ng/akampa/
542106,CR,Cross River,Akamkpa,Akamkpa,Akamkpa,Akamkpa,true,MEDIUM,https://zipcodes.ng/akampa/
542110,CR,Cross River,Akamkpa,Akamkpa,Akamkpa,Akamkpa,true,MEDIUM,https://zipcodes.ng/akampa/
542111,CR,Cross River,Akamkpa,Akamkpa,Akamkpa,Akamkpa,true,MEDIUM,https://zipcodes.ng/akampa/
543001,CR,Cross River,Yakurr,Ugep,Ugep,Ugep,true,MEDIUM,https://nigeriapostal.com/location/NG-Cross%20River/Ugep
550102,CR,Cross River,Bekwarra,Abuochiche,Abuochiche,Abuochiche,true,HIGH,https://zipcodes.ng/bekwara/
550108,CR,Cross River,Ogoja,Ogoja,Ogoja,Ogoja,true,HIGH,https://zipcodes.ng/ogoja/
550211,CR,Cross River,Ikom,Ikom,Ikom,Ikom,true,MEDIUM,https://nigeriapostal.com/location/NG-Cross%20River/Ikom
550241,CR,Cross River,Ikom,Ikom,Ikom,Ikom,true,MEDIUM,https://nigeriapostal.com/location/NG-Cross%20River/Ikom
550261,CR,Cross River,Ikom,Ikom,Ikom,Ikom,true,MEDIUM,https://nigeriapostal.com/location/NG-Cross%20River/Ikom
551101,CR,Cross River,Boki,Boje,Boje,Boje,true,HIGH,https://zipcodes.ng/boki/
551102,CR,Cross River,Boki,Boje,Boje,Boje,true,HIGH,https://zipcodes.ng/boki/
551103,CR,Cross River,Boki,Boje,Boje,Boje,true,HIGH,https://zipcodes.ng/boki/
551104,CR,Cross River,Boki,Boje,Boje,Boje,true,HIGH,https://zipcodes.ng/boki/
551105,CR,Cross River,Boki,Boje,Boje,Boje,true,HIGH,https://zipcodes.ng/boki/
551106,CR,Cross River,Boki,Boje,Boje,Boje,true,HIGH,https://zipcodes.ng/boki/
551107,CR,Cross River,Boki,Boje,Boje,Boje,true,HIGH,https://zipcodes.ng/boki/
551108,CR,Cross River,Boki,Boje,Boje,Boje,true,HIGH,https://zipcodes.ng/boki/
551109,CR,Cross River,Boki,Boje,Boje,Boje,true,HIGH,https://zipcodes.ng/boki/
551110,CR,Cross River,Boki,Boje,Boje,Boje,true,HIGH,https://zipcodes.ng/boki/
551111,CR,Cross River,Boki,Boje,Boje,Boje,true,HIGH,https://zipcodes.ng/boki/
551112,CR,Cross River,Obubra,Obubra,Obubra,Obubra,true,HIGH,https://zipcodes.ng/obubra/
551113,CR,Cross River,Obubra,Obubra,Obubra,Obubra,true,HIGH,https://zipcodes.ng/obubra/
551114,CR,Cross River,Obubra,Obubra,Obubra,Obubra,true,HIGH,https://zipcodes.ng/obubra/
551115,CR,Cross River,Obubra,Obubra,Obubra,Obubra,true,HIGH,https://zipcodes.ng/obubra/
551116,CR,Cross River,Obubra,Obubra,Obubra,Obubra,true,HIGH,https://zipcodes.ng/obubra/
551117,CR,Cross River,Obubra,Obubra,Obubra,Obubra,true,HIGH,https://zipcodes.ng/obubra/
551118,CR,Cross River,Obubra,Obubra,Obubra,Obubra,true,HIGH,https://zipcodes.ng/obubra/
552001,CR,Cross River,Obudu,Obudu,Obudu,Obudu,true,MEDIUM,https://nigeriapostal.com/location/NG-Cross%20River/Obudu
552018,CR,Cross River,Obudu,Obudu,Obudu,Obudu,true,MEDIUM,https://nigeriapostal.com/location/NG-Cross%20River/Obudu
552101,CR,Cross River,Obudu,Obudu,Obudu,Obudu,true,MEDIUM,https://nigeriapostal.com/location/NG-Cross%20River/Obudu
552102,CR,Cross River,Obudu,Obudu,Obudu,Obudu,true,MEDIUM,https://nigeriapostal.com/location/NG-Cross%20River/Obudu
552103,CR,Cross River,Obudu,Obudu,Obudu,Obudu,true,MEDIUM,https://nigeriapostal.com/location/NG-Cross%20River/Obudu
560103,BY,Bayelsa,Southern Ijaw,Oporoma,Oporoma,Oporoma,true,HIGH,https://zipcodes.ng/southern-ijaw/
560104,BY,Bayelsa,Southern Ijaw,Oporoma,Oporoma,Oporoma,true,HIGH,https://zipcodes.ng/southern-ijaw/
560212,BY,Bayelsa,Yenagoa,Yenagoa,Yenagoa,Yenagoa,false,HIGH,https://zipcodes.ng/yenagoa/
560213,BY,Bayelsa,Yenagoa,Yenagoa,Yenagoa,Yenagoa,false,HIGH,https://zipcodes.ng/yenagoa/
560214,BY,Bayelsa,Yenagoa,Yenagoa,Yenagoa,Yenagoa,false,HIGH,https://zipcodes.ng/yenagoa/
560221,BY,Bayelsa,Yenagoa,Yenagoa,Yenagoa,Yenagoa,false,HIGH,https://zipcodes.ng/yenagoa/
560222,BY,Bayelsa,Yenagoa,Yenagoa,Yenagoa,Yenagoa,false,HIGH,https://zipcodes.ng/yenagoa/
560223,BY,Bayelsa,Yenagoa,Yenagoa,Yenagoa,Yenagoa,false,HIGH,https://zipcodes.ng/yenagoa/
560231,BY,Bayelsa,Yenagoa,Yenagoa,Yenagoa,Yenagoa,false,HIGH,https://zipcodes.ng/yenagoa/
560232,BY,Bayelsa,Yenagoa,Yenagoa,Yenagoa,Yenagoa,false,HIGH,https://zipcodes.ng/yenagoa/
561101,BY,Bayelsa,Sagbama,Sagbama,Sagbama,Sagbama,true,HIGH,https://zipcodes.ng/sagbama/
561102,BY,Bayelsa,Ekeremor,Ekeremor,Ekeremor,Ekeremor,true,HIGH,https://zipcodes.ng/ekeremor/
562101,BY,Bayelsa,Brass,Twon-Brass,Twon-Brass,Twon-Brass,true,HIGH,https://zipcodes.ng/brass/
562102,BY,Bayelsa,Nembe,Nembe,Nembe,Nembe,true,HIGH,https://zipcodes.ng/nembe/
562103,BY,Bayelsa,Ogbia,Ogbia Town,Ogbia Town,Ogbia Town,true,HIGH,https://zipcodes.ng/ogbia/
600104,BO,Borno,Jere,Jere,Jere,Jere,true,HIGH,https://zipcodes.ng/jere/
600213,BO,Borno,Maiduguri Metropolitan,Maiduguri,Maiduguri,Maiduguri,false,HIGH,https://zipcodes.ng/maiduguri/
600215,BO,Borno,Maiduguri Metropolitan,Maiduguri,Maiduguri,Maiduguri,false,HIGH,https://zipcodes.ng/maiduguri/
600221,BO,Borno,Maiduguri Metropolitan,Maiduguri,Maiduguri,Maiduguri,false,HIGH,https://zipcodes.ng/maiduguri/
600230,BO,Borno,Maiduguri Metropolitan,Maiduguri,Maiduguri,Maiduguri,false,HIGH,https://zipcodes.ng/maiduguri/
600231,BO,Borno,Maiduguri Metropolitan,Maiduguri,Maiduguri,Maiduguri,false,HIGH,https://zipcodes.ng/maiduguri/
600235,BO,Borno,Maiduguri Metropolitan,Maiduguri,Maiduguri,Maiduguri,false,HIGH,https://zipcodes.ng/maiduguri/
600241,BO,Borno,Maiduguri Metropolitan,Maiduguri,Maiduguri,Maiduguri,false,HIGH,https://zipcodes.ng/maiduguri/
600271,BO,Borno,Maiduguri Metropolitan,Maiduguri,Maiduguri,Maiduguri,false,HIGH,https://zipcodes.ng/maiduguri/
600273,BO,Borno,Maiduguri Metropolitan,Maiduguri,Maiduguri,Maiduguri,false,HIGH,https://zipcodes.ng/maiduguri/
600281,BO,Borno,Maiduguri Metropolitan,Maiduguri,Maiduguri,Maiduguri,false,HIGH,https://zipcodes.ng/maiduguri/
601101,BO,Borno,Damboa,Damboa,Damboa,Damboa,true,HIGH,https://zipcodes.ng/damboa/
601102,BO,Borno,Chibok,Chibok,Chibok,Chibok,true,HIGH,https://zipcodes.ng/chibok/
601103,BO,Borno,Askira/Uba,Uba,Uba,Uba,true,HIGH,https://zipcodes.ng/askira-uba/
601105,BO,Borno,Kaga,Benisheik,Benisheik,Benisheik,true,HIGH,https://zipcodes.ng/kaga-l-g-a-zip-codes/
601106,BO,Borno,Damboa,Damboa,Damboa,Damboa,true,HIGH,https://zipcodes.ng/damboa/
601107,BO,Borno,Askira/Uba,Uba,Uba,Uba,true,HIGH,https://zipcodes.ng/askira-uba/
602102,BO,Borno,Gubio,Gubio,Gubio,Gubio,true,HIGH,https://zipcodes.ng/gubio-l-g-a-zip-codes/
602104,BO,Borno,Magumeri,Magumeri,Magumeri,Magumeri,true,HIGH,https://zipcodes.ng/magumeri/
603103,BO,Borno,Kwaya Kusar,Kwaya Kusar,Kwaya Kusar,Kwaya Kusar,true,HIGH,https://zipcodes.ng/kwaya-kusar/
603104,BO,Borno,Bayo,Bayo,Bayo,Bayo,true,HIGH,https://zipcodes.ng/bayo/
603106,BO,Borno,Hawul,Azare,Azare,Azare,true,HIGH,https://zipcodes.ng/hawul/
603107,BO,Borno,Shani,Shani,Shani,Shani,true,HIGH,https://zipcodes.ng/shani/
603110,BO,Borno,Shani,Shani,Shani,Shani,true,HIGH,https://zipcodes.ng/shani/
603111,BO,Borno,Shani,Shani,Shani,Shani,true,HIGH,https://zipcodes.ng/shani/
603112,BO,Borno,Hawul,Azare,Azare,Azare,true,HIGH,https://zipcodes.ng/hawul/
603211,BO,Borno,Biu,Biu,Biu,Biu,true,HIGH,https://zipcodes.ng/biu/
603232,BO,Borno,Biu,Biu,Biu,Biu,true,HIGH,https://zipcodes.ng/biu/
603241,BO,Borno,Biu,Biu,Biu,Biu,true,HIGH,https://zipcodes.ng/biu/
603242,BO,Borno,Biu,Biu,Biu,Biu,true,HIGH,https://zipcodes.ng/biu/
603251,BO,Borno,Biu,Biu,Biu,Biu,true,HIGH,https://zipcodes.ng/biu/
603252,BO,Borno,Biu,Biu,Biu,Biu,true,HIGH,https://zipcodes.ng/biu/
603253,BO,Borno,Biu,Biu,Biu,Biu,true,HIGH,https://zipcodes.ng/biu/
610104,BO,Borno,Konduga,Konduga,Konduga,Konduga,true,HIGH,https://zipcodes.ng/konduga/
610106,BO,Borno,Gwoza,Gwoza,Gwoza,Gwoza,true,HIGH,https://zipcodes.ng/gwoza/
610111,BO,Borno,Konduga,Konduga,Konduga,Konduga,true,HIGH,https://zipcodes.ng/konduga/
610232,BO,Borno,Bama,Bama,Bama,Bama,true,HIGH,https://zipcodes.ng/bama-2/
611101,BO,Borno,Dikwa,Dikwa,Dikwa,Dikwa,true,HIGH,https://zipcodes.ng/dikwa/
611102,BO,Borno,Ngala,Gamboru Ngala,Gamboru Ngala,Gamboru Ngala,true,HIGH,https://zipcodes.ng/ngala/
611104,BO,Borno,Mafa,Mafa,Mafa,Mafa,true,HIGH,https://zipcodes.ng/mafa/
611105,BO,Borno,Marte,Marte,Marte,Marte,true,HIGH,https://zipcodes.ng/marte/
611106,BO,Borno,Dikwa,Dikwa,Dikwa,Dikwa,true,HIGH,https://zipcodes.ng/dikwa/
611107,BO,Borno,Ngala,Gamboru Ngala,Gamboru Ngala,Gamboru Ngala,true,HIGH,https://zipcodes.ng/ngala/
612101,BO,Borno,Monguno,Monguno,Monguno,Monguno,true,HIGH,https://zipcodes.ng/monguno/
612103,BO,Borno,Nganzai,Gajiganna,Gajiganna,Gajiganna,true,HIGH,https://zipcodes.ng/nganzai/
612104,BO,Borno,Guzamala,Gajiram,Gajiram,Gajiram,true,HIGH,https://zipcodes.ng/guzamala/
620102,YO,Yobe,Tarmuwa,Tarmuwa,Tarmuwa,Tarmuwa,true,HIGH,https://zipcodes.ng/tarmuwa/
620212,YO,Yobe,Damaturu,Damaturu,Damaturu,Damaturu,false,HIGH,https://zipcodes.ng/damaturu-town/
620221,YO,Yobe,Damaturu,Damaturu,Damaturu,Damaturu,false,HIGH,https://zipcodes.ng/damaturu-town/
620222,YO,Yobe,Damaturu,Damaturu,Damaturu,Damaturu,false,HIGH,https://zipcodes.ng/damaturu-town/
620231,YO,Yobe,Damaturu,Damaturu,Damaturu,Damaturu,false,HIGH,https://zipcodes.ng/damaturu-town/
620232,YO,Yobe,Damaturu,Damaturu,Damaturu,Damaturu,false,HIGH,https://zipcodes.ng/damaturu-town/
620233,YO,Yobe,Damaturu,Damaturu,Damaturu,Damaturu,false,HIGH,https://zipcodes.ng/damaturu-town/
620234,YO,Yobe,Damaturu,Damaturu,Damaturu,Damaturu,false,HIGH,https://zipcodes.ng/damaturu-town/
620241,YO,Yobe,Damaturu,Damaturu,Damaturu,Damaturu,false,HIGH,https://zipcodes.ng/damaturu-town/
620242,YO,Yobe,Damaturu,Damaturu,Damaturu,Damaturu,false,HIGH,https://zipcodes.ng/damaturu-town/
620252,YO,Yobe,Damaturu,Damaturu,Damaturu,Damaturu,false,HIGH,https://zipcodes.ng/damaturu-town/
620253,YO,Yobe,Damaturu,Damaturu,Damaturu,Damaturu,false,HIGH,https://zipcodes.ng/damaturu-town/
620261,YO,Yobe,Damaturu,Damaturu,Damaturu,Damaturu,false,HIGH,https://zipcodes.ng/damaturu-town/
621101,YO,Yobe,Gujba,Buni Yadi,Buni Yadi,Buni Yadi,true,HIGH,https://zipcodes.ng/gujba/
621102,YO,Yobe,Gulani,Gulani,Gulani,Gulani,true,HIGH,https://zipcodes.ng/gulani/
622101,YO,Yobe,Potiskum,Potiskum,Potiskum,Potiskum,true,HIGH,https://zipcodes.ng/potiskum/
622102,YO,Yobe,Nangere,Nangere,Nangere,Nangere,true,HIGH,https://zipcodes.ng/nangere-lga-zip-codes/
622103,YO,Yobe,Nangere,Nangere,Nangere,Nangere,true,HIGH,https://zipcodes.ng/nangere-lga-zip-codes/
622104,YO,Yobe,Fika,Potiskum,Potiskum,Potiskum,true,HIGH,https://zipcodes.ng/fika-lga-zip-codes/
622105,YO,Yobe,Fune,Damagum,Damagum,Damagum,true,HIGH,https://zipcodes.ng/fune/
630102,YO,Yobe,Machina,Machina,Machina,Machina,true,HIGH,https://zipcodes.ng/machina/
630103,YO,Yobe,Karasuwa,Karasuwa,Karasuwa,Karasuwa,true,HIGH,https://zipcodes.ng/karasuwa/
630211,YO,Yobe,Nguru,Nguru,Nguru,Nguru,true,HIGH,https://zipcodes.ng/nguru/
630221,YO,Yobe,Nguru,Nguru,Nguru,Nguru,true,HIGH,https://zipcodes.ng/nguru/
630231,YO,Yobe,Nguru,Nguru,Nguru,Nguru,true,HIGH,https://zipcodes.ng/nguru/
630251,YO,Yobe,Nguru,Nguru,Nguru,Nguru,true,HIGH,https://zipcodes.ng/nguru/
630261,YO,Yobe,Nguru,Nguru,Nguru,Nguru,true,HIGH,https://zipcodes.ng/nguru/
630271,YO,Yobe,Nguru,Nguru,Nguru,Nguru,true,HIGH,https://zipcodes.ng/nguru/
630281,YO,Yobe,Nguru,Nguru,Nguru,Nguru,true,HIGH,https://zipcodes.ng/nguru/
631101,YO,Yobe,Bade,Gashua,Gashua,Gashua,true,HIGH,https://zipcodes.ng/bade-lga-zip-codes/
631102,YO,Yobe,Jakusko,Jakusko,Jakusko,Jakusko,true,HIGH,https://zipcodes.ng/jakusko/
631103,YO,Yobe,Yusufari,Yusufari,Yusufari,Yusufari,true,HIGH,https://zipcodes.ng/yusufari/
632102,YO,Yobe,Yunusari,Yunusari,Yunusari,Yunusari,true,MEDIUM,https://zipcodes.ng/yunusa/
640101,AD,Adamawa,Yola South,Yola,Yola,Yola,false,HIGH,https://zipcodes.ng/yola-south-l-g-a-zip-codes/
640102,AD,Adamawa,Yola South,Yola,Yola,Yola,false,HIGH,https://zipcodes.ng/yola-south-l-g-a-zip-codes/
640107,AD,Adamawa,Fufore,Fufore,Fufore,Fufore,true,MEDIUM,https://nigeriapostal.com/location/NG-Adamawa/Fufore
641101,AD,Adamawa,Mayo-Belwa,Mayo-Belwa,Mayo-Belwa,Mayo-Belwa,true,HIGH,https://zipcodes.ng/mayo-belwa/
641102,AD,Adamawa,Mayo-Belwa,Mayo-Belwa,Mayo-Belwa,Mayo-Belwa,true,HIGH,https://zipcodes.ng/mayo-belwa/
641103,AD,Adamawa,Mayo-Belwa,Mayo-Belwa,Mayo-Belwa,Mayo-Belwa,true,HIGH,https://zipcodes.ng/mayo-belwa/
641107,AD,Adamawa,Jada,Jada,Jada,Jada,true,HIGH,https://zipcodes.ng/jada/
641108,AD,Adamawa,Jada,Jada,Jada,Jada,true,HIGH,https://zipcodes.ng/jada/
641109,AD,Adamawa,Jada,Jada,Jada,Jada,true,HIGH,https://zipcodes.ng/jada/
641111,AD,Adamawa,Ganye,Ganye,Ganye,Ganye,true,HIGH,https://zipcodes.ng/ganye/
641112,AD,Adamawa,Ganye,Ganye,Ganye,Ganye,true,HIGH,https://zipcodes.ng/ganye/
641113,AD,Adamawa,Ganye,Ganye,Ganye,Ganye,true,HIGH,https://zipcodes.ng/ganye/
641117,AD,Adamawa,Toungo,Toungo,Toungo,Toungo,true,HIGH,https://zipcodes.ng/toungo/
641118,AD,Adamawa,Toungo,Toungo,Toungo,Toungo,true,HIGH,https://zipcodes.ng/toungo/
641119,AD,Adamawa,Toungo,Toungo,Toungo,Toungo,true,HIGH,https://zipcodes.ng/toungo/
641122,AD,Adamawa,Jada,Jada,Jada,Jada,true,HIGH,https://zipcodes.ng/jada/
641123,AD,Adamawa,Jada,Jada,Jada,Jada,true,HIGH,https://zipcodes.ng/jada/
641124,AD,Adamawa,Jada,Jada,Jada,Jada,true,HIGH,https://zipcodes.ng/jada/
641125,AD,Adamawa,Jada,Jada,Jada,Jada,true,HIGH,https://zipcodes.ng/jada/
641126,AD,Adamawa,Jada,Jada,Jada,Jada,true,HIGH,https://zipcodes.ng/jada/
641127,AD,Adamawa,Jada,Jada,Jada,Jada,true,HIGH,https://zipcodes.ng/jada/
642101,AD,Adamawa,Numan,Numan,Numan,Numan,true,HIGH,https://zipcodes.ng/numan/
642102,AD,Adamawa,Demsa,Demsa,Demsa,Demsa,true,HIGH,https://zipcodes.ng/demsa/
642103,AD,Adamawa,Demsa,Demsa,Demsa,Demsa,true,HIGH,https://zipcodes.ng/demsa/
642104,AD,Adamawa,Lamurde,Lafiya,Lafiya,Lafiya,true,HIGH,https://zipcodes.ng/lamurde/
642105,AD,Adamawa,Demsa,Demsa,Demsa,Demsa,true,HIGH,https://zipcodes.ng/demsa/
642107,AD,Adamawa,Demsa,Demsa,Demsa,Demsa,true,HIGH,https://zipcodes.ng/demsa/
642108,AD,Adamawa,Demsa,Demsa,Demsa,Demsa,true,HIGH,https://zipcodes.ng/demsa/
642109,AD,Adamawa,Demsa,Demsa,Demsa,Demsa,true,HIGH,https://zipcodes.ng/demsa/
642110,AD,Adamawa,Demsa,Demsa,Demsa,Demsa,true,HIGH,https://zipcodes.ng/demsa/
642111,AD,Adamawa,Numan,Numan,Numan,Numan,true,HIGH,https://zipcodes.ng/numan/
642112,AD,Adamawa,Numan,Numan,Numan,Numan,true,HIGH,https://zipcodes.ng/numan/
642117,AD,Adamawa,Lamurde,Lafiya,Lafiya,Lafiya,true,HIGH,https://zipcodes.ng/lamurde/
642120,AD,Adamawa,Mayo-Belwa,Mayo-Belwa,Mayo-Belwa,Mayo-Belwa,true,HIGH,https://zipcodes.ng/mayo-belwa/
642121,AD,Adamawa,Mayo-Belwa,Mayo-Belwa,Mayo-Belwa,Mayo-Belwa,true,HIGH,https://zipcodes.ng/mayo-belwa/
643103,AD,Adamawa,Numan,Numan,Numan,Numan,true,HIGH,https://zipcodes.ng/numan/
643104,AD,Adamawa,Numan,Numan,Numan,Numan,true,HIGH,https://zipcodes.ng/numan/
643105,AD,Adamawa,Numan,Numan,Numan,Numan,true,HIGH,https://zipcodes.ng/numan/
643106,AD,Adamawa,Numan,Numan,Numan,Numan,true,HIGH,https://zipcodes.ng/numan/
650001,AD,Adamawa,Mubi South,Mubi,Mubi,Mubi,true,MEDIUM,https://nigeriapostal.com/location/NG-Adamawa/Mubi%20South
650101,AD,Adamawa,Mubi North,Mubi,Mubi,Mubi,true,MEDIUM,https://zipcodes.ng/mubi-north-south/
650102,AD,Adamawa,Mubi North,Mubi,Mubi,Mubi,true,MEDIUM,https://zipcodes.ng/mubi-north-south/
650107,AD,Adamawa,Hong,Hong,Hong,Hong,true,HIGH,https://zipcodes.ng/hong/
650108,AD,Adamawa,Hong,Hong,Hong,Hong,true,HIGH,https://zipcodes.ng/hong/
650109,AD,Adamawa,Hong,Hong,Hong,Hong,true,HIGH,https://zipcodes.ng/hong/
650110,AD,Adamawa,Hong,Hong,Hong,Hong,true,HIGH,https://zipcodes.ng/hong/
650111,AD,Adamawa,Hong,Hong,Hong,Hong,true,HIGH,https://zipcodes.ng/hong/
650112,AD,Adamawa,Mubi North,Mubi,Mubi,Mubi,true,MEDIUM,https://zipcodes.ng/mubi-north-south/
650113,AD,Adamawa,Mubi North,Mubi,Mubi,Mubi,true,MEDIUM,https://zipcodes.ng/mubi-north-south/
650212,AD,Adamawa,Mubi North,Mubi,Mubi,Mubi,true,MEDIUM,https://zipcodes.ng/mubi-north-south/
650221,AD,Adamawa,Mubi North,Mubi,Mubi,Mubi,true,MEDIUM,https://zipcodes.ng/mubi-north-south/
650231,AD,Adamawa,Mubi North,Mubi,Mubi,Mubi,true,MEDIUM,https://zipcodes.ng/mubi-north-south/
650232,AD,Adamawa,Mubi North,Mubi,Mubi,Mubi,true,MEDIUM,https://zipcodes.ng/mubi-north-south/
650241,AD,Adamawa,Mubi North,Mubi,Mubi,Mubi,true,MEDIUM,https://zipcodes.ng/mubi-north-south/
650251,AD,Adamawa,Mubi North,Mubi,Mubi,Mubi,true,MEDIUM,https://zipcodes.ng/mubi-north-south/
650261,AD,Adamawa,Mubi North,Mubi,Mubi,Mubi,true,MEDIUM,https://zipcodes.ng/mubi-north-south/
650272,AD,Adamawa,Mubi North,Mubi,Mubi,Mubi,true,MEDIUM,https://zipcodes.ng/mubi-north-south/
651102,AD,Adamawa,Madagali,Gulak,Gulak,Gulak,true,HIGH,https://zipcodes.ng/madagali/
651103,AD,Adamawa,Michika,Michika,Michika,Michika,true,HIGH,https://zipcodes.ng/michika/
651104,AD,Adamawa,Michika,Michika,Michika,Michika,true,HIGH,https://zipcodes.ng/michika/
651105,AD,Adamawa,Michika,Michika,Michika,Michika,true,HIGH,https://zipcodes.ng/michika/
651106,AD,Adamawa,Michika,Michika,Michika,Michika,true,HIGH,https://zipcodes.ng/michika/
651107,AD,Adamawa,Michika,Michika,Michika,Michika,true,HIGH,https://zipcodes.ng/michika/
651110,AD,Adamawa,Madagali,Gulak,Gulak,Gulak,true,HIGH,https://zipcodes.ng/madagali/
651111,AD,Adamawa,Madagali,Gulak,Gulak,Gulak,true,HIGH,https://zipcodes.ng/madagali/
651112,AD,Adamawa,Madagali,Gulak,Gulak,Gulak,true,HIGH,https://zipcodes.ng/madagali/
651113,AD,Adamawa,Madagali,Gulak,Gulak,Gulak,true,HIGH,https://zipcodes.ng/madagali/
652001,AD,Adamawa,Song,Song,Song,Song,true,MEDIUM,https://nigeriapostal.com/location/NG-Adamawa/Song
652102,AD,Adamawa,Song,Song,Song,Song,true,MEDIUM,https://nigeriapostal.com/location/NG-Adamawa/Song
652103,AD,Adamawa,Song,Song,Song,Song,true,MEDIUM,https://nigeriapostal.com/location/NG-Adamawa/Song
652104,AD,Adamawa,Song,Song,Song,Song,true,MEDIUM,https://nigeriapostal.com/location/NG-Adamawa/Song
652106,AD,Adamawa,Song,Song,Song,Song,true,MEDIUM,https://nigeriapostal.com/location/NG-Adamawa/Song
652107,AD,Adamawa,Song,Song,Song,Song,true,MEDIUM,https://nigeriapostal.com/location/NG-Adamawa/Song
657101,AD,Adamawa,Michika,Michika,Michika,Michika,true,HIGH,https://zipcodes.ng/michika/
657108,AD,Adamawa,Michika,Michika,Michika,Michika,true,HIGH,https://zipcodes.ng/michika/
660211,TA,Taraba,Jalingo,Jalingo,Jalingo,Jalingo,false,HIGH,https://zipcodes.ng/jalingo/
660213,TA,Taraba,Jalingo,Jalingo,Jalingo,Jalingo,false,HIGH,https://zipcodes.ng/jalingo/
660221,TA,Taraba,Jalingo,Jalingo,Jalingo,Jalingo,false,HIGH,https://zipcodes.ng/jalingo/
660222,TA,Taraba,Jalingo,Jalingo,Jalingo,Jalingo,false,HIGH,https://zipcodes.ng/jalingo/
660223,TA,Taraba,Jalingo,Jalingo,Jalingo,Jalingo,false,HIGH,https://zipcodes.ng/jalingo/
660224,TA,Taraba,Jalingo,Jalingo,Jalingo,Jalingo,false,HIGH,https://zipcodes.ng/jalingo/
660241,TA,Taraba,Jalingo,Jalingo,Jalingo,Jalingo,false,HIGH,https://zipcodes.ng/jalingo/
660242,TA,Taraba,Jalingo,Jalingo,Jalingo,Jalingo,false,HIGH,https://zipcodes.ng/jalingo/
660243,TA,Taraba,Jalingo,Jalingo,Jalingo,Jalingo,false,HIGH,https://zipcodes.ng/jalingo/
660271,TA,Taraba,Jalingo,Jalingo,Jalingo,Jalingo,false,HIGH,https://zipcodes.ng/jalingo/
661002,TA,Taraba,Yorro,Yorro,Yorro,Yorro,true,MEDIUM,https://nigeriapostal.com/location/NG-Taraba/Yorro
661003,TA,Taraba,Zing,Zing,Zing,Zing,true,MEDIUM,https://nigeriapostal.com/location/NG-Taraba/Zing
662002,TA,Taraba,Karim Lamido,Karim Lamido,Karim Lamido,Karim Lamido,true,MEDIUM,https://nigeriapostal.com/location/NG-Taraba/Karim%20Lamido
663001,TA,Taraba,Gashaka,Bambur,Bambur,Bambur,true,MEDIUM,https://nigeriapostal.com/location/NG-Taraba/Gashaka
670001,TA,Taraba,Wukari,Wukari,Wukari,Wukari,true,MEDIUM,https://nigeriapostal.com/location/NG-Taraba/Wukari
670002,TA,Taraba,Ibi,Ibi,Ibi,Ibi,true,MEDIUM,https://nigeriapostal.com/location/NG-Taraba/Ibi
671001,TA,Taraba,Donga,Donga,Donga,Donga,true,MEDIUM,https://nigeriapostal.com/location/NG-Taraba/Donga
671002,TA,Taraba,Takum,Takum,Takum,Takum,true,MEDIUM,https://nigeriapostal.com/location/NG-Taraba/Takum
671004,TA,Taraba,Kurmi,Jibu,Jibu,Jibu,true,MEDIUM,https://nigeriapostal.com/location/NG-Taraba/Kurmi
672001,TA,Taraba,Bali,Bali,Bali,Bali,true,MEDIUM,https://nigeriapostal.com/location/NG-Taraba/Bali
700001,KN,Kano,Nassarawa,Nassarawa,Nassarawa,Nassarawa,true,MEDIUM,https://nigeriapostal.com/location/NG-Kano/Nassarawa
700003,KN,Kano,Nassarawa,Nassarawa,Nassarawa,Nassarawa,true,MEDIUM,https://nigeriapostal.com/location/NG-Kano/Nassarawa
700101,KN,Kano,Tarauni,Tarauni,Tarauni,Tarauni,true,HIGH,https://zipcodes.ng/tarauni/
700102,KN,Kano,Tarauni,Tarauni,Tarauni,Tarauni,true,HIGH,https://zipcodes.ng/tarauni/
700103,KN,Kano,Gwale,Gwale,Gwale,Gwale,true,HIGH,https://zipcodes.ng/gwale/
700104,KN,Kano,Kumbotso,Kumbotso,Kumbotso,Kumbotso,true,HIGH,https://zipcodes.ng/kumbotso-l-g-a-zip-codes/
700105,KN,Kano,Ungogo,Ungogo,Ungogo,Ungogo,true,HIGH,https://zipcodes.ng/ungogo/
700211,KN,Kano,Kano Municipal,Kano,Kano,Kano,false,HIGH,https://zipcodes.ng/kano-municipal/
700212,KN,Kano,Kano Municipal,Kano,Kano,Kano,false,HIGH,https://zipcodes.ng/kano-municipal/
700214,KN,Kano,Kano Municipal,Kano,Kano,Kano,false,HIGH,https://zipcodes.ng/kano-municipal/
700221,KN,Kano,Kano Municipal,Kano,Kano,Kano,false,HIGH,https://zipcodes.ng/kano-municipal/
700222,KN,Kano,Kano Municipal,Kano,Kano,Kano,false,HIGH,https://zipcodes.ng/kano-municipal/
700223,KN,Kano,Kano Municipal,Kano,Kano,Kano,false,HIGH,https://zipcodes.ng/kano-municipal/
700224,KN,Kano,Kano Municipal,Kano,Kano,Kano,false,HIGH,https://zipcodes.ng/kano-municipal/
700225,KN,Kano,Kano Municipal,Kano,Kano,Kano,false,HIGH,https://zipcodes.ng/kano-municipal/
700231,KN,Kano,Kano Municipal,Kano,Kano,Kano,false,HIGH,https://zipcodes.ng/kano-municipal/
700233,KN,Kano,Kano Municipal,Kano,Kano,Kano,false,HIGH,https://zipcodes.ng/kano-municipal/
700234,KN,Kano,Kano Municipal,Kano,Kano,Kano,false,HIGH,https://zipcodes.ng/kano-municipal/
700241,KN,Kano,Kano Municipal,Kano,Kano,Kano,false,HIGH,https://zipcodes.ng/kano-municipal/
700251,KN,Kano,Kano Municipal,Kano,Kano,Kano,false,HIGH,https://zipcodes.ng/kano-municipal/
700252,KN,Kano,Kano Municipal,Kano,Kano,Kano,false,HIGH,https://zipcodes.ng/kano-municipal/
700271,KN,Kano,Kano Municipal,Kano,Kano,Kano,false,HIGH,https://zipcodes.ng/kano-municipal/
700281,KN,Kano,Kano Municipal,Kano,Kano,Kano,false,HIGH,https://zipcodes.ng/kano-municipal/
701101,KN,Kano,Dawakin Tofa,Dawakin Tofa,Dawakin Tofa,Dawakin Tofa,true,HIGH,https://zipcodes.ng/dawakin-tofa-l-g-a-zip-code/
701102,KN,Kano,Rimin Gado,Rimin Gado,Rimin Gado,Rimin Gado,true,HIGH,https://zipcodes.ng/rimin-gado/
701103,KN,Kano,Tofa,Tofa,Tofa,Tofa,true,HIGH,https://zipcodes.ng/tofa/
701104,KN,Kano,Bagwai,Bagwai,Bagwai,Bagwai,true,HIGH,https://zipcodes.ng/bagwai/
702101,KN,Kano,Gezawa,Gezawa,Gezawa,Gezawa,true,HIGH,https://zipcodes.ng/gezawa/
702102,KN,Kano,Gabasawa,Gabasawa,Gabasawa,Gabasawa,true,HIGH,https://zipcodes.ng/gabasawa/
702103,KN,Kano,Minjibir,Minjibir,Minjibir,Minjibir,true,HIGH,https://zipcodes.ng/minjibir/
702105,KN,Kano,Makoda,Makoda,Makoda,Makoda,true,HIGH,https://zipcodes.ng/makoda/
703101,KN,Kano,Bichi,Bichi,Bichi,Bichi,true,HIGH,https://zipcodes.ng/bichi/
703102,KN,Kano,Tsanyawa,Tsanyawa,Tsanyawa,Tsanyawa,true,HIGH,https://zipcodes.ng/tsanyawa/
703103,KN,Kano,Kunchi,Kunchi,Kunchi,Kunchi,true,HIGH,https://zipcodes.ng/kunchi/
704101,KN,Kano,Gwarzo,Gwarzo,Gwarzo,Gwarzo,true,HIGH,https://zipcodes.ng/gwarzo/
704102,KN,Kano,Shanono,Shanono,Shanono,Shanono,true,HIGH,https://zipcodes.ng/shanono/
704103,KN,Kano,Kabo,Kabo,Kabo,Kabo,true,HIGH,https://zipcodes.ng/kabo/
704104,KN,Kano,Karaye,Karaye,Karaye,Karaye,true,HIGH,https://zipcodes.ng/karaye/
704105,KN,Kano,Rogo,Rogo,Rogo,Rogo,true,HIGH,https://zipcodes.ng/rogo/
705101,JI,Jigawa,Kazaure,Kazaure,Kazaure,Kazaure,true,HIGH,https://zipcodes.ng/kazaure-l-g-a-zip-codes/
705102,JI,Jigawa,Yankwashi,Yankwashi,Yankwashi,Yankwashi,true,HIGH,https://zipcodes.ng/yankwashi/
705103,JI,Jigawa,Roni,Roni,Roni,Roni,true,HIGH,https://zipcodes.ng/roni/
705104,JI,Jigawa,Roni,Roni,Roni,Roni,true,HIGH,https://zipcodes.ng/roni/
705105,JI,Jigawa,Gwiwa,Gwiwa,Gwiwa,Gwiwa,true,HIGH,https://zipcodes.ng/gwiwa/
710101,KN,Kano,Rano,Rano,Rano,Rano,true,HIGH,https://zipcodes.ng/rano/
710102,KN,Kano,Kibiya,Kibiya,Kibiya,Kibiya,true,HIGH,https://zipcodes.ng/kibiya/
710103,KN,Kano,Bunkure,Bunkure,Bunkure,Bunkure,true,HIGH,https://zipcodes.ng/bunkure/
710104,KN,Kano,Tundun Wada,Tundun Wada,Tundun Wada,Tundun Wada,true,MEDIUM,https://zipcodes.ng/tudun-wada/
710105,KN,Kano,Doguwa,Doguwa,Doguwa,Doguwa,true,HIGH,https://zipcodes.ng/doguwa/
711101,KN,Kano,Kura,Kura,Kura,Kura,true,HIGH,https://zipcodes.ng/kura/
711102,KN,Kano,Madobi,Madobi,Madobi,Madobi,true,HIGH,https://zipcodes.ng/madobi/
711104,KN,Kano,Bebeji,Bebeji,Bebeji,Bebeji,true,HIGH,https://zipcodes.ng/bebeji/
711105,KN,Kano,Kiru,Kiru,Kiru,Kiru,true,HIGH,https://zipcodes.ng/kiru/
712101,KN,Kano,Garko,Garko,Garko,Garko,true,HIGH,https://zipcodes.ng/garko/
712102,KN,Kano,Sumaila,Sumaila,Sumaila,Sumaila,true,HIGH,https://zipcodes.ng/sumaila/
712103,KN,Kano,Takai,Takai,Takai,Takai,true,HIGH,https://zipcodes.ng/takai-l-a-g-zip-codes/
712104,KN,Kano,Albasu,Albasu,Albasu,Albasu,true,HIGH,https://zipcodes.ng/albasu/
713101,KN,Kano,Wudil,Wudil,Wudil,Wudil,true,HIGH,https://zipcodes.ng/wudil-2/
713102,KN,Kano,Gaya,Gaya,Gaya,Gaya,true,HIGH,https://zipcodes.ng/gaya/
713103,KN,Kano,Ajingi,Ajingi,Ajingi,Ajingi,true,HIGH,https://zipcodes.ng/ajingi/
713104,KN,Kano,Dawakin Kudu,Dawakin Kudu,Dawakin Kudu,Dawakin Kudu,true,MEDIUM,https://zipcodes.ng/dawaki-kudu/
713105,KN,Kano,Warawa,Warawa,Warawa,Warawa,true,HIGH,https://zipcodes.ng/warawa/
720004,JI,Jigawa,Jahun,Jahun,Jahun,Jahun,true,MEDIUM,https://nigeriapostal.com/location/NG-Jigawa/Jahun
720103,JI,Jigawa,Jahun,Jahun,Jahun,Jahun,true,MEDIUM,https://nigeriapostal.com/location/NG-Jigawa/Jahun
720104,JI,Jigawa,Jahun,Jahun,Jahun,Jahun,true,MEDIUM,https://nigeriapostal.com/location/NG-Jigawa/Jahun
720105,JI,Jigawa,Miga,Miga,Miga,Miga,true,HIGH,https://zipcodes.ng/miga/
720211,JI,Jigawa,Dutse,Dutse,Dutse,Dutse,false,HIGH,https://zipcodes.ng/dutse/
720212,JI,Jigawa,Dutse,Dutse,Dutse,Dutse,false,HIGH,https://zipcodes.ng/dutse/
720221,JI,Jigawa,Dutse,Dutse,Dutse,Dutse,false,HIGH,https://zipcodes.ng/dutse/
720222,JI,Jigawa,Dutse,Dutse,Dutse,Dutse,false,HIGH,https://zipcodes.ng/dutse/
720223,JI,Jigawa,Dutse,Dutse,Dutse,Dutse,false,HIGH,https://zipcodes.ng/dutse/
720231,JI,Jigawa,Dutse,Dutse,Dutse,Dutse,false,HIGH,https://zipcodes.ng/dutse/
720232,JI,Jigawa,Dutse,Dutse,Dutse,Dutse,false,HIGH,https://zipcodes.ng/dutse/
720241,JI,Jigawa,Dutse,Dutse,Dutse,Dutse,false,HIGH,https://zipcodes.ng/dutse/
720281,JI,Jigawa,Dutse,Dutse,Dutse,Dutse,false,HIGH,https://zipcodes.ng/dutse/
721101,JI,Jigawa,Birnin Kudu,Birnin Kudu,Birnin Kudu,Birnin Kudu,true,HIGH,https://zipcodes.ng/birnin-kudu/
721102,JI,Jigawa,Gwaram,Gwaram,Gwaram,Gwaram,true,HIGH,https://zipcodes.ng/gwaram/
721103,JI,Jigawa,Buji,Gantsa,Gantsa,Gantsa,true,HIGH,https://zipcodes.ng/buji/
730101,JI,Jigawa,Malam Madori,Malam Madori,Malam Madori,Malam Madori,true,HIGH,https://zipcodes.ng/malam-madori/
730102,JI,Jigawa,Kaugama,Kaugama,Kaugama,Kaugama,true,HIGH,https://zipcodes.ng/kaugama/
731102,JI,Jigawa,Kafin Hausa,Kafin Hausa,Kafin Hausa,Kafin Hausa,true,HIGH,https://zipcodes.ng/kafin-hausa-l-g-a-zip-codes/
731104,JI,Jigawa,Kirikasamma,Kirikasamma,Kirikasamma,Kirikasamma,true,MEDIUM,https://zipcodes.ng/kiri-kasamma-l-g-a-zip-codes/
731105,JI,Jigawa,Guri,Guri,Guri,Guri,true,HIGH,https://zipcodes.ng/guri-l-g-a-zip-codes/
731106,JI,Jigawa,Biriniwa,Biriniwa,Biriniwa,Biriniwa,true,MEDIUM,https://zipcodes.ng/birniwa/
731107,JI,Jigawa,Auyo,Auyo,Auyo,Auyo,true,HIGH,https://zipcodes.ng/auyo/
731211,JI,Jigawa,Hadejia,Hadejia,Hadejia,Hadejia,true,HIGH,https://zipcodes.ng/hadejia/
731212,JI,Jigawa,Hadejia,Hadejia,Hadejia,Hadejia,true,HIGH,https://zipcodes.ng/hadejia/
731221,JI,Jigawa,Hadejia,Hadejia,Hadejia,Hadejia,true,HIGH,https://zipcodes.ng/hadejia/
731222,JI,Jigawa,Hadejia,Hadejia,Hadejia,Hadejia,true,HIGH,https://zipcodes.ng/hadejia/
731231,JI,Jigawa,Hadejia,Hadejia,Hadejia,Hadejia,true,HIGH,https://zipcodes.ng/hadejia/
731241,JI,Jigawa,Hadejia,Hadejia,Hadejia,Hadejia,true,HIGH,https://zipcodes.ng/hadejia/
731251,JI,Jigawa,Hadejia,Hadejia,Hadejia,Hadejia,true,HIGH,https://zipcodes.ng/hadejia/
731252,JI,Jigawa,Hadejia,Hadejia,Hadejia,Hadejia,true,HIGH,https://zipcodes.ng/hadejia/
731261,JI,Jigawa,Hadejia,Hadejia,Hadejia,Hadejia,true,HIGH,https://zipcodes.ng/hadejia/
731262,JI,Jigawa,Hadejia,Hadejia,Hadejia,Hadejia,true,HIGH,https://zipcodes.ng/hadejia/
731271,JI,Jigawa,Hadejia,Hadejia,Hadejia,Hadejia,true,HIGH,https://zipcodes.ng/hadejia/
731281,JI,Jigawa,Hadejia,Hadejia,Hadejia,Hadejia,true,HIGH,https://zipcodes.ng/hadejia/
732001,JI,Jigawa,Gumel,Gumel,Gumel,Gumel,true,MEDIUM,https://nigeriapostal.com/location/NG-Jigawa/Gumel
732101,JI,Jigawa,Gumel,Gumel,Gumel,Gumel,true,MEDIUM,https://nigeriapostal.com/location/NG-Jigawa/Gumel
732102,JI,Jigawa,Gumel,Gumel,Gumel,Gumel,true,MEDIUM,https://nigeriapostal.com/location/NG-Jigawa/Gumel
732103,JI,Jigawa,Gagarawa,Gagarawa,Gagarawa,Gagarawa,true,HIGH,https://zipcodes.ng/gagarawa/
732104,JI,Jigawa,Babura,Babura,Babura,Babura,true,MEDIUM,https://zipcodes.ng/babur/
732105,JI,Jigawa,Maigatari,Maigatari,Maigatari,Maigatari,true,HIGH,https://zipcodes.ng/maigatari/
732106,JI,Jigawa,Sule Tankarkar,Sule Tankarkar,Sule Tankarkar,Sule Tankarkar,true,HIGH,https://zipcodes.ng/sule-tankarkar/
733101,JI,Jigawa,Garki,Garki,Garki,Garki,true,HIGH,https://zipcodes.ng/garki/
733102,JI,Jigawa,Ringim,Ringim,Ringim,Ringim,true,HIGH,https://zipcodes.ng/ringim/
733103,JI,Jigawa,Taura,Taura,Taura,Taura,true,HIGH,https://zipcodes.ng/taura/
740101,BA,Bauchi,Bauchi,Bauchi,Bauchi,Bauchi,false,HIGH,https://zipcodes.ng/bauchi/
740102,BA,Bauchi,Bauchi,Bauchi,Bauchi,Bauchi,false,HIGH,https://zipcodes.ng/bauchi/
740103,BA,Bauchi,Toro,Toro,Toro,Toro,true,HIGH,https://zipcodes.ng/toro/
740104,BA,Bauchi,Toro,Toro,Toro,Toro,true,HIGH,https://zipcodes.ng/toro/
740105,BA,Bauchi,Toro,Toro,Toro,Toro,true,HIGH,https://zipcodes.ng/toro/
740106,BA,Bauchi,Toro,Toro,Toro,Toro,true,HIGH,https://zipcodes.ng/toro/
740107,BA,Bauchi,Toro,Toro,Toro,Toro,true,HIGH,https://zipcodes.ng/toro/
740108,BA,Bauchi,Toro,Toro,Toro,Toro,true,HIGH,https://zipcodes.ng/toro/
740109,BA,Bauchi,Toro,Toro,Toro,Toro,true,HIGH,https://zipcodes.ng/toro/
740110,BA,Bauchi,Toro,Toro,Toro,Toro,true,HIGH,https://zipcodes.ng/toro/
740111,BA,Bauchi,Toro,Toro,Toro,Toro,true,HIGH,https://zipcodes.ng/toro/
740112,BA,Bauchi,Toro,Toro,Toro,Toro,true,HIGH,https://zipcodes.ng/toro/
740113,BA,Bauchi,Toro,Toro,Toro,Toro,true,HIGH,https://zipcodes.ng/toro/
740115,BA,Bauchi,Toro,Toro,Toro,Toro,true,HIGH,https://zipcodes.ng/toro/
740116,BA,Bauchi,Toro,Toro,Toro,Toro,true,HIGH,https://zipcodes.ng/toro/
740117,BA,Bauchi,Toro,Toro,Toro,Toro,true,HIGH,https://zipcodes.ng/toro/
740118,BA,Bauchi,Toro,Toro,Toro,Toro,true,HIGH,https://zipcodes.ng/toro/
741101,BA,Bauchi,Dass,Dass,Dass,Dass,true,HIGH,https://zipcodes.ng/dass/
741102,BA,Bauchi,Tafawa Balewa,Tafawa Balewa,Tafawa Balewa,Tafawa Balewa,true,HIGH,https://zipcodes.ng/tafawa-balewa/
741104,BA,Bauchi,Bogoro,Bogoro,Bogoro,Bogoro,true,HIGH,https://zipcodes.ng/bogoro/
742101,BA,Bauchi,Ningi,Ningi,Ningi,Ningi,true,HIGH,https://zipcodes.ng/ningi/
742102,BA,Bauchi,Ningi,Ningi,Ningi,Ningi,true,HIGH,https://zipcodes.ng/ningi/
742103,BA,Bauchi,Warji,Warji,Warji,Warji,true,HIGH,https://zipcodes.ng/warji/
742104,BA,Bauchi,Ganjuwa,Kafin Madaki,Kafin Madaki,Kafin Madaki,true,MEDIUM,https://nigeriapostal.com/location/NG-Bauchi/Ganjuwa
743101,BA,Bauchi,Alkaleri,Alkaleri,Alkaleri,Alkaleri,true,HIGH,https://zipcodes.ng/alkaleri/
743102,BA,Bauchi,Alkaleri,Alkaleri,Alkaleri,Alkaleri,true,HIGH,https://zipcodes.ng/alkaleri/
743103,BA,Bauchi,Alkaleri,Alkaleri,Alkaleri,Alkaleri,true,HIGH,https://zipcodes.ng/alkaleri/
743104,BA,Bauchi,Kirfi,Kirfi,Kirfi,Kirfi,true,HIGH,https://zipcodes.ng/kirfi/
750001,BA,Bauchi,Misau,Misau,Misau,Misau,true,MEDIUM,https://nigeriapostal.com/location/NG-Bauchi/Misau
750101,BA,Bauchi,Misau,Misau,Misau,Misau,true,MEDIUM,https://nigeriapostal.com/location/NG-Bauchi/Misau
750103,BA,Bauchi,Shira,Shira,Shira,Shira,true,HIGH,https://zipcodes.ng/shira/
750104,BA,Bauchi,Shira,Shira,Shira,Shira,true,HIGH,https://zipcodes.ng/shira/
750105,BA,Bauchi,Giade,Giade,Giade,Giade,true,HIGH,https://zipcodes.ng/giade-l-g-a-zip-codes/
750106,BA,Bauchi,Darazo,Darazo,Darazo,Darazo,true,HIGH,https://zipcodes.ng/darazo/
750107,BA,Bauchi,Darazo,Darazo,Darazo,Darazo,true,HIGH,https://zipcodes.ng/darazo/
750108,BA,Bauchi,Darazo,Darazo,Darazo,Darazo,true,HIGH,https://zipcodes.ng/darazo/
750109,BA,Bauchi,Darazo,Darazo,Darazo,Darazo,true,HIGH,https://zipcodes.ng/darazo/
750110,BA,Bauchi,Darazo,Darazo,Darazo,Darazo,true,HIGH,https://zipcodes.ng/darazo/
750111,BA,Bauchi,Darazo,Darazo,Darazo,Darazo,true,HIGH,https://zipcodes.ng/darazo/
750112,BA,Bauchi,Darazo,Darazo,Darazo,Darazo,true,HIGH,https://zipcodes.ng/darazo/
750113,BA,Bauchi,Darazo,Darazo,Darazo,Darazo,true,HIGH,https://zipcodes.ng/darazo/
750114,BA,Bauchi,Darazo,Darazo,Darazo,Darazo,true,HIGH,https://zipcodes.ng/darazo/
750115,BA,Bauchi,Darazo,Darazo,Darazo,Darazo,true,HIGH,https://zipcodes.ng/darazo/
750116,BA,Bauchi,Darazo,Darazo,Darazo,Darazo,true,HIGH,https://zipcodes.ng/darazo/
751101,BA,Bauchi,Katagum,Azare,Azare,Azare,true,HIGH,https://zipcodes.ng/katagum/
751102,BA,Bauchi,Katagum,Azare,Azare,Azare,true,HIGH,https://zipcodes.ng/katagum/
751104,BA,Bauchi,Giade,Giade,Giade,Giade,true,HIGH,https://zipcodes.ng/giade-l-g-a-zip-codes/
751105,BA,Bauchi,Itas/Gadau,Itas,Itas,Itas,true,MEDIUM,https://zipcodes.ng/gadau/
751106,BA,Bauchi,Jama’are,Jama’are,Jama’are,Jama’are,true,HIGH,https://zipcodes.ng/jamaare/
751107,BA,Bauchi,Jama’are,Jama’are,Jama’are,Jama’are,true,HIGH,https://zipcodes.ng/jamaare/
751108,BA,Bauchi,Jama’are,Jama’are,Jama’are,Jama’are,true,HIGH,https://zipcodes.ng/jamaare/
751109,BA,Bauchi,Jama’are,Jama’are,Jama’are,Jama’are,true,HIGH,https://zipcodes.ng/jamaare/
751110,BA,Bauchi,Jama’are,Jama’are,Jama’are,Jama’are,true,HIGH,https://zipcodes.ng/jamaare/
752106,BA,Bauchi,Gamawa,Gamawa,Gamawa,Gamawa,true,HIGH,https://zipcodes.ng/gamawa/
752107,BA,Bauchi,Gamawa,Gamawa,Gamawa,Gamawa,true,HIGH,https://zipcodes.ng/gamawa/
760102,GO,Gombe,Kwami,Kwami,Kwami,Kwami,true,HIGH,https://zipcodes.ng/kwami/
760103,GO,Gombe,Kwami,Kwami,Kwami,Kwami,true,HIGH,https://zipcodes.ng/kwami/
760104,GO,Gombe,Dukku,Dukku,Dukku,Dukku,true,HIGH,https://zipcodes.ng/dukku-l-g-a-zip-codes/
760105,GO,Gombe,Dukku,Dukku,Dukku,Dukku,true,HIGH,https://zipcodes.ng/dukku-l-g-a-zip-codes/
760106,GO,Gombe,Dukku,Dukku,Dukku,Dukku,true,HIGH,https://zipcodes.ng/dukku-l-g-a-zip-codes/
760211,GO,Gombe,Gombe,Gombe,Gombe,Gombe,false,HIGH,https://zipcodes.ng/gombe/
760212,GO,Gombe,Gombe,Gombe,Gombe,Gombe,false,HIGH,https://zipcodes.ng/gombe/
760213,GO,Gombe,Gombe,Gombe,Gombe,Gombe,false,HIGH,https://zipcodes.ng/gombe/
760214,GO,Gombe,Gombe,Gombe,Gombe,Gombe,false,HIGH,https://zipcodes.ng/gombe/
760221,GO,Gombe,Gombe,Gombe,Gombe,Gombe,false,HIGH,https://zipcodes.ng/gombe/
760222,GO,Gombe,Gombe,Gombe,Gombe,Gombe,false,HIGH,https://zipcodes.ng/gombe/
760231,GO,Gombe,Gombe,Gombe,Gombe,Gombe,false,HIGH,https://zipcodes.ng/gombe/
760232,GO,Gombe,Gombe,Gombe,Gombe,Gombe,false,HIGH,https://zipcodes.ng/gombe/
760233,GO,Gombe,Gombe,Gombe,Gombe,Gombe,false,HIGH,https://zipcodes.ng/gombe/
760234,GO,Gombe,Gombe,Gombe,Gombe,Gombe,false,HIGH,https://zipcodes.ng/gombe/
760242,GO,Gombe,Gombe,Gombe,Gombe,Gombe,false,HIGH,https://zipcodes.ng/gombe/
760251,GO,Gombe,Gombe,Gombe,Gombe,Gombe,false,HIGH,https://zipcodes.ng/gombe/
760252,GO,Gombe,Gombe,Gombe,Gombe,Gombe,false,HIGH,https://zipcodes.ng/gombe/
760253,GO,Gombe,Gombe,Gombe,Gombe,Gombe,false,HIGH,https://zipcodes.ng/gombe/
761101,GO,Gombe,Yamaltu/Deba,Deba,Deba,Deba,true,HIGH,https://zipcodes.ng/yamaltu-deba/
761102,GO,Gombe,Yamaltu/Deba,Deba,Deba,Deba,true,HIGH,https://zipcodes.ng/yamaltu-deba/
761104,GO,Gombe,Balanga,Balanga,Balanga,Balanga,true,HIGH,https://zipcodes.ng/balanga/
761105,GO,Gombe,Balanga,Balanga,Balanga,Balanga,true,HIGH,https://zipcodes.ng/balanga/
761107,GO,Gombe,Yamaltu/Deba,Deba,Deba,Deba,true,HIGH,https://zipcodes.ng/yamaltu-deba/
761108,GO,Gombe,Balanga,Balanga,Balanga,Balanga,true,HIGH,https://zipcodes.ng/balanga/
761109,GO,Gombe,Balanga,Balanga,Balanga,Balanga,true,HIGH,https://zipcodes.ng/balanga/
761110,GO,Gombe,Balanga,Balanga,Balanga,Balanga,true,HIGH,https://zipcodes.ng/balanga/
761111,GO,Gombe,Balanga,Balanga,Balanga,Balanga,true,HIGH,https://zipcodes.ng/balanga/
761112,GO,Gombe,Balanga,Balanga,Balanga,Balanga,true,HIGH,https://zipcodes.ng/balanga/
761113,GO,Gombe,Balanga,Balanga,Balanga,Balanga,true,HIGH,https://zipcodes.ng/balanga/
761115,GO,Gombe,Balanga,Balanga,Balanga,Balanga,true,HIGH,https://zipcodes.ng/balanga/
761116,GO,Gombe,Balanga,Balanga,Balanga,Balanga,true,HIGH,https://zipcodes.ng/balanga/
761117,GO,Gombe,Balanga,Balanga,Balanga,Balanga,true,HIGH,https://zipcodes.ng/balanga/
761118,GO,Gombe,Balanga,Balanga,Balanga,Balanga,true,HIGH,https://zipcodes.ng/balanga/
761119,GO,Gombe,Balanga,Balanga,Balanga,Balanga,true,HIGH,https://zipcodes.ng/balanga/
761120,GO,Gombe,Balanga,Balanga,Balanga,Balanga,true,HIGH,https://zipcodes.ng/balanga/
761121,GO,Gombe,Balanga,Balanga,Balanga,Balanga,true,HIGH,https://zipcodes.ng/balanga/
761124,GO,Gombe,Balanga,Balanga,Balanga,Balanga,true,HIGH,https://zipcodes.ng/balanga/
761126,GO,Gombe,Balanga,Balanga,Balanga,Balanga,true,HIGH,https://zipcodes.ng/balanga/
762101,GO,Gombe,Funakaye,Bajoga,Bajoga,Bajoga,true,HIGH,https://zipcodes.ng/funakaya/
762102,GO,Gombe,Funakaye,Bajoga,Bajoga,Bajoga,true,HIGH,https://zipcodes.ng/funakaya/
762103,GO,Gombe,Nafada,Nafada,Nafada,Nafada,true,HIGH,https://zipcodes.ng/nafada/
770001,GO,Gombe,Kaltungo,Kaltungo,Kaltungo,Kaltungo,true,MEDIUM,https://nigeriapostal.com/location/NG-Gombe/Kaltungo
770102,GO,Gombe,Shongom,Shongom,Shongom,Shongom,true,HIGH,https://zipcodes.ng/shongom/
770103,GO,Gombe,Shongom,Shongom,Shongom,Shongom,true,HIGH,https://zipcodes.ng/shongom/
770104,GO,Gombe,Shongom,Shongom,Shongom,Shongom,true,HIGH,https://zipcodes.ng/shongom/
770105,GO,Gombe,Shongom,Shongom,Shongom,Shongom,true,HIGH,https://zipcodes.ng/shongom/
770106,GO,Gombe,Shongom,Shongom,Shongom,Shongom,true,HIGH,https://zipcodes.ng/shongom/
770107,GO,Gombe,Shongom,Shongom,Shongom,Shongom,true,HIGH,https://zipcodes.ng/shongom/
770108,GO,Gombe,Shongom,Shongom,Shongom,Shongom,true,HIGH,https://zipcodes.ng/shongom/
770109,AD,Adamawa,Toungo,Toungo,Toungo,Toungo,true,HIGH,https://zipcodes.ng/toungo/
770112,AD,Adamawa,Toungo,Toungo,Toungo,Toungo,true,HIGH,https://zipcodes.ng/toungo/
771101,GO,Gombe,Billiri,Billiri,Billiri,Billiri,true,HIGH,https://zipcodes.ng/billiri/
771102,GO,Gombe,Akko,Kumo,Kumo,Kumo,true,HIGH,https://zipcodes.ng/akko-l-g-a-zip-codes/
771103,GO,Gombe,Akko,Kumo,Kumo,Kumo,true,HIGH,https://zipcodes.ng/akko-l-g-a-zip-codes/
771104,GO,Gombe,Akko,Kumo,Kumo,Kumo,true,HIGH,https://zipcodes.ng/akko-l-g-a-zip-codes/
800002,KD,Kaduna,Kaduna South,Makera,Makera,Makera,false,MEDIUM,https://nigeriapostal.com/location/NG-Kaduna/KADUNA%20SOUTH
800005,KD,Kaduna,Kaduna South,Makera,Makera,Makera,false,MEDIUM,https://nigeriapostal.com/location/NG-Kaduna/KADUNA%20SOUTH
800006,KD,Kaduna,Kaduna South,Makera,Makera,Makera,false,MEDIUM,https://nigeriapostal.com/location/NG-Kaduna/KADUNA%20SOUTH
800101,KD,Kaduna,Igabi,Turunku,Turunku,Turunku,true,HIGH,https://zipcodes.ng/lgabi-l-g-a-zip-codes/
800102,KD,Kaduna,Igabi,Turunku,Turunku,Turunku,true,HIGH,https://zipcodes.ng/lgabi-l-g-a-zip-codes/
800103,KD,Kaduna,Igabi,Turunku,Turunku,Turunku,true,HIGH,https://zipcodes.ng/lgabi-l-g-a-zip-codes/
800104,KD,Kaduna,Chikun,Kujama,Kujama,Kujama,true,HIGH,https://zipcodes.ng/chikun/
800105,KD,Kaduna,Kajuru,Kajuru,Kajuru,Kajuru,true,HIGH,https://zipcodes.ng/kajuru/
800106,KD,Kaduna,Chikun,Kujama,Kujama,Kujama,true,HIGH,https://zipcodes.ng/chikun/
800107,KD,Kaduna,Chikun,Kujama,Kujama,Kujama,true,HIGH,https://zipcodes.ng/chikun/
800108,KD,Kaduna,Birnin Gwari,Birnin Gwari,Birnin Gwari,Birnin Gwari,true,HIGH,https://zipcodes.ng/birnin-gwari/
800109,KD,Kaduna,Birnin Gwari,Birnin Gwari,Birnin Gwari,Birnin Gwari,true,HIGH,https://zipcodes.ng/birnin-gwari/
800110,KD,Kaduna,Birnin Gwari,Birnin Gwari,Birnin Gwari,Birnin Gwari,true,HIGH,https://zipcodes.ng/birnin-gwari/
800111,KD,Kaduna,Birnin Gwari,Birnin Gwari,Birnin Gwari,Birnin Gwari,true,HIGH,https://zipcodes.ng/birnin-gwari/
800112,KD,Kaduna,Birnin Gwari,Birnin Gwari,Birnin Gwari,Birnin Gwari,true,HIGH,https://zipcodes.ng/birnin-gwari/
800114,KD,Kaduna,Birnin Gwari,Birnin Gwari,Birnin Gwari,Birnin Gwari,true,HIGH,https://zipcodes.ng/birnin-gwari/
800115,KD,Kaduna,Birnin Gwari,Birnin Gwari,Birnin Gwari,Birnin Gwari,true,HIGH,https://zipcodes.ng/birnin-gwari/
800116,KD,Kaduna,Birnin Gwari,Birnin Gwari,Birnin Gwari,Birnin Gwari,true,HIGH,https://zipcodes.ng/birnin-gwari/
800117,KD,Kaduna,Birnin Gwari,Birnin Gwari,Birnin Gwari,Birnin Gwari,true,HIGH,https://zipcodes.ng/birnin-gwari/
800118,KD,Kaduna,Birnin Gwari,Birnin Gwari,Birnin Gwari,Birnin Gwari,true,HIGH,https://zipcodes.ng/birnin-gwari/
800119,KD,Kaduna,Birnin Gwari,Birnin Gwari,Birnin Gwari,Birnin Gwari,true,HIGH,https://zipcodes.ng/birnin-gwari/
800120,KD,Kaduna,Birnin Gwari,Birnin Gwari,Birnin Gwari,Birnin Gwari,true,HIGH,https://zipcodes.ng/birnin-gwari/
800211,KD,Kaduna,Kaduna North,Doka,Doka,Doka,false,MEDIUM,https://zipcodes.ng/kaduna-north-and-south-lga/
800212,KD,Kaduna,Kaduna North,Doka,Doka,Doka,false,MEDIUM,https://zipcodes.ng/kaduna-north-and-south-lga/
800213,KD,Kaduna,Kaduna North,Doka,Doka,Doka,false,MEDIUM,https://zipcodes.ng/kaduna-north-and-south-lga/
800214,KD,Kaduna,Kaduna North,Doka,Doka,Doka,false,MEDIUM,https://zipcodes.ng/kaduna-north-and-south-lga/
800221,KD,Kaduna,Kaduna North,Doka,Doka,Doka,false,MEDIUM,https://zipcodes.ng/kaduna-north-and-south-lga/
800241,KD,Kaduna,Kaduna North,Doka,Doka,Doka,false,MEDIUM,https://zipcodes.ng/kaduna-north-and-south-lga/
800242,KD,Kaduna,Kaduna North,Doka,Doka,Doka,false,MEDIUM,https://zipcodes.ng/kaduna-north-and-south-lga/
800243,KD,Kaduna,Kaduna North,Doka,Doka,Doka,false,MEDIUM,https://zipcodes.ng/kaduna-north-and-south-lga/
800244,KD,Kaduna,Kaduna North,Doka,Doka,Doka,false,MEDIUM,https://zipcodes.ng/kaduna-north-and-south-lga/
800245,KD,Kaduna,Kaduna North,Doka,Doka,Doka,false,MEDIUM,https://zipcodes.ng/kaduna-north-and-south-lga/
800247,KD,Kaduna,Kaduna North,Doka,Doka,Doka,false,MEDIUM,https://zipcodes.ng/kaduna-north-and-south-lga/
800251,KD,Kaduna,Kaduna North,Doka,Doka,Doka,false,MEDIUM,https://zipcodes.ng/kaduna-north-and-south-lga/
800252,KD,Kaduna,Kaduna North,Doka,Doka,Doka,false,MEDIUM,https://zipcodes.ng/kaduna-north-and-south-lga/
800261,KD,Kaduna,Kaduna North,Doka,Doka,Doka,false,MEDIUM,https://zipcodes.ng/kaduna-north-and-south-lga/
800262,KD,Kaduna,Kaduna North,Doka,Doka,Doka,false,MEDIUM,https://zipcodes.ng/kaduna-north-and-south-lga/
800264,KD,Kaduna,Kaduna North,Doka,Doka,Doka,false,MEDIUM,https://zipcodes.ng/kaduna-north-and-south-lga/
800266,KD,Kaduna,Kaduna North,Doka,Doka,Doka,false,MEDIUM,https://zipcodes.ng/kaduna-north-and-south-lga/
800271,KD,Kaduna,Kaduna North,Doka,Doka,Doka,false,MEDIUM,https://zipcodes.ng/kaduna-north-and-south-lga/
800272,KD,Kaduna,Kaduna North,Doka,Doka,Doka,false,MEDIUM,https://zipcodes.ng/kaduna-north-and-south-lga/
800273,KD,Kaduna,Kaduna North,Doka,Doka,Doka,false,MEDIUM,https://zipcodes.ng/kaduna-north-and-south-lga/
800281,KD,Kaduna,Kaduna North,Doka,Doka,Doka,false,MEDIUM,https://zipcodes.ng/kaduna-north-and-south-lga/
800283,KD,Kaduna,Kaduna North,Doka,Doka,Doka,false,MEDIUM,https://zipcodes.ng/kaduna-north-and-south-lga/
801102,KD,Kaduna,Jema’A,Kafancahn,Kafancahn,Kafancahn,true,HIGH,https://zipcodes.ng/jemaa/
801103,KD,Kaduna,Jema’A,Kafancahn,Kafancahn,Kafancahn,true,HIGH,https://zipcodes.ng/jemaa/
801104,KD,Kaduna,Jema’A,Kafancahn,Kafancahn,Kafancahn,true,HIGH,https://zipcodes.ng/jemaa/
801105,KD,Kaduna,Sanga,Gwantu,Gwantu,Gwantu,true,HIGH,https://zipcodes.ng/sanga/
801106,KD,Kaduna,Sanga,Gwantu,Gwantu,Gwantu,true,HIGH,https://zipcodes.ng/sanga/
801107,KD,Kaduna,Sanga,Gwantu,Gwantu,Gwantu,true,HIGH,https://zipcodes.ng/sanga/
801108,KD,Kaduna,Sanga,Gwantu,Gwantu,Gwantu,true,HIGH,https://zipcodes.ng/sanga/
801110,KD,Kaduna,Jaba,Kwoi,Kwoi,Kwoi,true,HIGH,https://zipcodes.ng/jaba/
801111,KD,Kaduna,Jaba,Kwoi,Kwoi,Kwoi,true,HIGH,https://zipcodes.ng/jaba/
801112,KD,Kaduna,Jema’A,Kafancahn,Kafancahn,Kafancahn,true,HIGH,https://zipcodes.ng/jemaa/
801117,KD,Kaduna,Kaura,Kaura,Kaura,Kaura,true,HIGH,https://zipcodes.ng/kaura/
801118,KD,Kaduna,Kaura,Kaura,Kaura,Kaura,true,HIGH,https://zipcodes.ng/kaura/
801119,KD,Kaduna,Sanga,Gwantu,Gwantu,Gwantu,true,HIGH,https://zipcodes.ng/sanga/
801121,KD,Kaduna,Sanga,Gwantu,Gwantu,Gwantu,true,HIGH,https://zipcodes.ng/sanga/
801122,KD,Kaduna,Sanga,Gwantu,Gwantu,Gwantu,true,HIGH,https://zipcodes.ng/sanga/
801124,KD,Kaduna,Sanga,Gwantu,Gwantu,Gwantu,true,HIGH,https://zipcodes.ng/sanga/
801125,KD,Kaduna,Sanga,Gwantu,Gwantu,Gwantu,true,HIGH,https://zipcodes.ng/sanga/
801126,KD,Kaduna,Sanga,Gwantu,Gwantu,Gwantu,true,HIGH,https://zipcodes.ng/sanga/
801127,KD,Kaduna,Sanga,Gwantu,Gwantu,Gwantu,true,HIGH,https://zipcodes.ng/sanga/
801128,KD,Kaduna,Sanga,Gwantu,Gwantu,Gwantu,true,HIGH,https://zipcodes.ng/sanga/
801129,KD,Kaduna,Sanga,Gwantu,Gwantu,Gwantu,true,HIGH,https://zipcodes.ng/sanga/
801130,KD,Kaduna,Sanga,Gwantu,Gwantu,Gwantu,true,HIGH,https://zipcodes.ng/sanga/
801131,KD,Kaduna,Sanga,Gwantu,Gwantu,Gwantu,true,HIGH,https://zipcodes.ng/sanga/
801132,KD,Kaduna,Kaura,Kaura,Kaura,Kaura,true,HIGH,https://zipcodes.ng/kaura/
801136,KD,Kaduna,Jema’A,Kafancahn,Kafancahn,Kafancahn,true,HIGH,https://zipcodes.ng/jemaa/
801138,KD,Kaduna,Jema’A,Kafancahn,Kafancahn,Kafancahn,true,HIGH,https://zipcodes.ng/jemaa/
801139,KD,Kaduna,Jema’A,Kafancahn,Kafancahn,Kafancahn,true,HIGH,https://zipcodes.ng/jemaa/
801140,KD,Kaduna,Jema’A,Kafancahn,Kafancahn,Kafancahn,true,HIGH,https://zipcodes.ng/jemaa/
801141,KD,Kaduna,Jema’A,Kafancahn,Kafancahn,Kafancahn,true,HIGH,https://zipcodes.ng/jemaa/
801142,KD,Kaduna,Jema’A,Kafancahn,Kafancahn,Kafancahn,true,HIGH,https://zipcodes.ng/jemaa/
801143,KD,Kaduna,Jema’A,Kafancahn,Kafancahn,Kafancahn,true,HIGH,https://zipcodes.ng/jemaa/
801144,KD,Kaduna,Jema’A,Kafancahn,Kafancahn,Kafancahn,true,HIGH,https://zipcodes.ng/jemaa/
801147,KD,Kaduna,Jema’A,Kafancahn,Kafancahn,Kafancahn,true,HIGH,https://zipcodes.ng/jemaa/
801148,KD,Kaduna,Jema’A,Kafancahn,Kafancahn,Kafancahn,true,HIGH,https://zipcodes.ng/jemaa/
801149,KD,Kaduna,Jema’A,Kafancahn,Kafancahn,Kafancahn,true,HIGH,https://zipcodes.ng/jemaa/
801150,KD,Kaduna,Jema’A,Kafancahn,Kafancahn,Kafancahn,true,HIGH,https://zipcodes.ng/jemaa/
801153,KD,Kaduna,Kaura,Kaura,Kaura,Kaura,true,HIGH,https://zipcodes.ng/kaura/
801156,KD,Kaduna,Kaura,Kaura,Kaura,Kaura,true,HIGH,https://zipcodes.ng/kaura/
801157,KD,Kaduna,Kaura,Kaura,Kaura,Kaura,true,HIGH,https://zipcodes.ng/kaura/
802101,KD,Kaduna,Kachia,Kachia,Kachia,Kachia,true,HIGH,https://zipcodes.ng/kachia/
802102,KD,Kaduna,Kachia,Kachia,Kachia,Kachia,true,HIGH,https://zipcodes.ng/kachia/
802103,KD,Kaduna,Kagarko,Kagarko,Kagarko,Kagarko,true,HIGH,https://zipcodes.ng/kagarko/
802104,KD,Kaduna,Kagarko,Kagarko,Kagarko,Kagarko,true,HIGH,https://zipcodes.ng/kagarko/
802109,KD,Kaduna,Kagarko,Kagarko,Kagarko,Kagarko,true,HIGH,https://zipcodes.ng/kagarko/
802110,KD,Kaduna,Kagarko,Kagarko,Kagarko,Kagarko,true,HIGH,https://zipcodes.ng/kagarko/
802111,KD,Kaduna,Kagarko,Kagarko,Kagarko,Kagarko,true,HIGH,https://zipcodes.ng/kagarko/
802112,KD,Kaduna,Kagarko,Kagarko,Kagarko,Kagarko,true,HIGH,https://zipcodes.ng/kagarko/
802113,KD,Kaduna,Kagarko,Kagarko,Kagarko,Kagarko,true,HIGH,https://zipcodes.ng/kagarko/
802114,KD,Kaduna,Kagarko,Kagarko,Kagarko,Kagarko,true,HIGH,https://zipcodes.ng/kagarko/
802115,KD,Kaduna,Kagarko,Kagarko,Kagarko,Kagarko,true,HIGH,https://zipcodes.ng/kagarko/
802116,KD,Kaduna,Kagarko,Kagarko,Kagarko,Kagarko,true,HIGH,https://zipcodes.ng/kagarko/
802117,KD,Kaduna,Kachia,Kachia,Kachia,Kachia,true,HIGH,https://zipcodes.ng/kachia/
802118,KD,Kaduna,Kachia,Kachia,Kachia,Kachia,true,HIGH,https://zipcodes.ng/kachia/
802119,KD,Kaduna,Zangon Kataf,Zonkwa,Zonkwa,Zonkwa,true,HIGH,https://zipcodes.ng/zangon/
802120,KD,Kaduna,Zangon Kataf,Zonkwa,Zonkwa,Zonkwa,true,HIGH,https://zipcodes.ng/zangon/
802121,KD,Kaduna,Zangon Kataf,Zonkwa,Zonkwa,Zonkwa,true,HIGH,https://zipcodes.ng/zangon/
802122,KD,Kaduna,Zangon Kataf,Zonkwa,Zonkwa,Zonkwa,true,HIGH,https://zipcodes.ng/zangon/
802123,KD,Kaduna,Zangon Kataf,Zonkwa,Zonkwa,Zonkwa,true,HIGH,https://zipcodes.ng/zangon/
802124,KD,Kaduna,Zangon Kataf,Zonkwa,Zonkwa,Zonkwa,true,HIGH,https://zipcodes.ng/zangon/
802125,KD,Kaduna,Zangon Kataf,Zonkwa,Zonkwa,Zonkwa,true,HIGH,https://zipcodes.ng/zangon/
802126,KD,Kaduna,Zangon Kataf,Zonkwa,Zonkwa,Zonkwa,true,HIGH,https://zipcodes.ng/zangon/
802127,KD,Kaduna,Zangon Kataf,Zonkwa,Zonkwa,Zonkwa,true,HIGH,https://zipcodes.ng/zangon/
802128,KD,Kaduna,Zangon Kataf,Zonkwa,Zonkwa,Zonkwa,true,HIGH,https://zipcodes.ng/zangon/
802129,KD,Kaduna,Zangon Kataf,Zonkwa,Zonkwa,Zonkwa,true,HIGH,https://zipcodes.ng/zangon/
802130,KD,Kaduna,Zangon Kataf,Zonkwa,Zonkwa,Zonkwa,true,HIGH,https://zipcodes.ng/zangon/
802131,KD,Kaduna,Zangon Kataf,Zonkwa,Zonkwa,Zonkwa,true,HIGH,https://zipcodes.ng/zangon/
802132,KD,Kaduna,Zangon Kataf,Zonkwa,Zonkwa,Zonkwa,true,HIGH,https://zipcodes.ng/zangon/
802134,KD,Kaduna,Zangon Kataf,Zonkwa,Zonkwa,Zonkwa,true,HIGH,https://zipcodes.ng/zangon/
802137,KD,Kaduna,Zangon Kataf,Zonkwa,Zonkwa,Zonkwa,true,HIGH,https://zipcodes.ng/zangon/
802138,KD,Kaduna,Zangon Kataf,Zonkwa,Zonkwa,Zonkwa,true,HIGH,https://zipcodes.ng/zangon/
802139,KD,Kaduna,Zangon Kataf,Zonkwa,Zonkwa,Zonkwa,true,HIGH,https://zipcodes.ng/zangon/
802140,KD,Kaduna,Zangon Kataf,Zonkwa,Zonkwa,Zonkwa,true,HIGH,https://zipcodes.ng/zangon/
802141,KD,Kaduna,Zangon Kataf,Zonkwa,Zonkwa,Zonkwa,true,HIGH,https://zipcodes.ng/zangon/
802142,KD,Kaduna,Zangon Kataf,Zonkwa,Zonkwa,Zonkwa,true,HIGH,https://zipcodes.ng/zangon/
802143,KD,Kaduna,Zangon Kataf,Zonkwa,Zonkwa,Zonkwa,true,HIGH,https://zipcodes.ng/zangon/
802144,KD,Kaduna,Zangon Kataf,Zonkwa,Zonkwa,Zonkwa,true,HIGH,https://zipcodes.ng/zangon/
802145,KD,Kaduna,Zangon Kataf,Zonkwa,Zonkwa,Zonkwa,true,HIGH,https://zipcodes.ng/zangon/
802146,KD,Kaduna,Zangon Kataf,Zonkwa,Zonkwa,Zonkwa,true,HIGH,https://zipcodes.ng/zangon/
802147,KD,Kaduna,Zangon Kataf,Zonkwa,Zonkwa,Zonkwa,true,HIGH,https://zipcodes.ng/zangon/
802148,KD,Kaduna,Zangon Kataf,Zonkwa,Zonkwa,Zonkwa,true,HIGH,https://zipcodes.ng/zangon/
802149,KD,Kaduna,Zangon Kataf,Zonkwa,Zonkwa,Zonkwa,true,HIGH,https://zipcodes.ng/zangon/
802150,KD,Kaduna,Zangon Kataf,Zonkwa,Zonkwa,Zonkwa,true,HIGH,https://zipcodes.ng/zangon/
802151,KD,Kaduna,Zangon Kataf,Zonkwa,Zonkwa,Zonkwa,true,HIGH,https://zipcodes.ng/zangon/
802152,KD,Kaduna,Zangon Kataf,Zonkwa,Zonkwa,Zonkwa,true,HIGH,https://zipcodes.ng/zangon/
802153,KD,Kaduna,Zangon Kataf,Zonkwa,Zonkwa,Zonkwa,true,HIGH,https://zipcodes.ng/zangon/
802155,KD,Kaduna,Kachia,Kachia,Kachia,Kachia,true,HIGH,https://zipcodes.ng/kachia/
802156,KD,Kaduna,Kachia,Kachia,Kachia,Kachia,true,HIGH,https://zipcodes.ng/kachia/
802157,KD,Kaduna,Kachia,Kachia,Kachia,Kachia,true,HIGH,https://zipcodes.ng/kachia/
810101,KD,Kaduna,Soba,Maigana,Maigana,Maigana,true,HIGH,https://zipcodes.ng/soba/
810102,KD,Kaduna,Soba,Maigana,Maigana,Maigana,true,HIGH,https://zipcodes.ng/soba/
810103,KD,Kaduna,Sabon Gari,Dogarawa,Dogarawa,Dogarawa,true,HIGH,https://zipcodes.ng/sabon-gari/
810104,KD,Kaduna,Giwa,Giwa,Giwa,Giwa,true,HIGH,https://zipcodes.ng/giwa/
810105,KD,Kaduna,Giwa,Giwa,Giwa,Giwa,true,HIGH,https://zipcodes.ng/giwa/
810106,KD,Kaduna,Sabon Gari,Dogarawa,Dogarawa,Dogarawa,true,HIGH,https://zipcodes.ng/sabon-gari/
810107,KD,Kaduna,Sabon Gari,Dogarawa,Dogarawa,Dogarawa,true,HIGH,https://zipcodes.ng/sabon-gari/
810211,KD,Kaduna,Zaria,Zaria,Zaria,Zaria,true,HIGH,https://zipcodes.ng/zaria/
810212,KD,Kaduna,Zaria,Zaria,Zaria,Zaria,true,HIGH,https://zipcodes.ng/zaria/
810221,KD,Kaduna,Zaria,Zaria,Zaria,Zaria,true,HIGH,https://zipcodes.ng/zaria/
810222,KD,Kaduna,Zaria,Zaria,Zaria,Zaria,true,HIGH,https://zipcodes.ng/zaria/
810223,KD,Kaduna,Zaria,Zaria,Zaria,Zaria,true,HIGH,https://zipcodes.ng/zaria/
810224,KD,Kaduna,Zaria,Zaria,Zaria,Zaria,true,HIGH,https://zipcodes.ng/zaria/
810225,KD,Kaduna,Zaria,Zaria,Zaria,Zaria,true,HIGH,https://zipcodes.ng/zaria/
810231,KD,Kaduna,Zaria,Zaria,Zaria,Zaria,true,HIGH,https://zipcodes.ng/zaria/
810232,KD,Kaduna,Zaria,Zaria,Zaria,Zaria,true,HIGH,https://zipcodes.ng/zaria/
810241,KD,Kaduna,Zaria,Zaria,Zaria,Zaria,true,HIGH,https://zipcodes.ng/zaria/
810251,KD,Kaduna,Zaria,Zaria,Zaria,Zaria,true,HIGH,https://zipcodes.ng/zaria/
810253,KD,Kaduna,Zaria,Zaria,Zaria,Zaria,true,HIGH,https://zipcodes.ng/zaria/
810254,KD,Kaduna,Zaria,Zaria,Zaria,Zaria,true,HIGH,https://zipcodes.ng/zaria/
810281,KD,Kaduna,Zaria,Zaria,Zaria,Zaria,true,HIGH,https://zipcodes.ng/zaria/
810282,KD,Kaduna,Zaria,Zaria,Zaria,Zaria,true,HIGH,https://zipcodes.ng/zaria/
811109,KD,Kaduna,Ikara,Ikara,Ikara,Ikara,true,HIGH,https://zipcodes.ng/ikara/
811110,KD,Kaduna,Ikara,Ikara,Ikara,Ikara,true,HIGH,https://zipcodes.ng/ikara/
812001,ON,Ondo,Akoko North-East,Ikare,Ikare,Ikare,true,MEDIUM,https://nigeriapostal.com/location/NG-Ondo/Ikare
812002,KD,Kaduna,Makarfi,Makarfi,Makarfi,Makarfi,true,MEDIUM,https://nigeriapostal.com/location/NG-Kaduna/MAKARFI
812103,KD,Kaduna,Makarfi,Makarfi,Makarfi,Makarfi,true,MEDIUM,https://nigeriapostal.com/location/NG-Kaduna/MAKARFI
812104,KD,Kaduna,Kudan,Hunkuyi,Hunkuyi,Hunkuyi,true,HIGH,https://zipcodes.ng/kudan/
820001,KT,Katsina,Katsina,Katsina,Katsina,Katsina,false,MEDIUM,https://nigeriapostal.com/location/NG-Katsina/Katsina
820101,KT,Katsina,Katsina,Katsina,Katsina,Katsina,false,MEDIUM,https://nigeriapostal.com/location/NG-Katsina/Katsina
820102,KT,Katsina,Batagarawa,Batagarawa,Batagarawa,Batagarawa,true,HIGH,https://zipcodes.ng/bata-garawa/
820103,KT,Katsina,Kaita,Kaita,Kaita,Kaita,true,HIGH,https://zipcodes.ng/kaita/
820211,KT,Katsina,Katsina,Katsina,Katsina,Katsina,false,MEDIUM,https://nigeriapostal.com/location/NG-Katsina/Katsina
820212,KT,Katsina,Katsina,Katsina,Katsina,Katsina,false,MEDIUM,https://nigeriapostal.com/location/NG-Katsina/Katsina
821101,KT,Katsina,Dutsin-Ma,Dutsin-Ma,Dutsin-Ma,Dutsin-Ma,true,HIGH,https://zipcodes.ng/dutsi-ma/
821104,KT,Katsina,Dan Musa,Dan Musa,Dan Musa,Dan Musa,true,HIGH,https://zipcodes.ng/dan-musa/
822102,KT,Katsina,Kusada,Kusada,Kusada,Kusada,true,HIGH,https://zipcodes.ng/kusada/
822103,KT,Katsina,Rimi,Rimi,Rimi,Rimi,true,HIGH,https://zipcodes.ng/rimi/
822104,KT,Katsina,Charanchi,Charanchi,Charanchi,Charanchi,true,HIGH,https://zipcodes.ng/charanchi/
822105,KT,Katsina,Bindawa,Bindawa,Bindawa,Bindawa,true,HIGH,https://zipcodes.ng/bindawa/
823101,KT,Katsina,Mani,Mani,Mani,Mani,true,MEDIUM,https://nigeriapostal.com/location/NG-Katsina/Mani
823102,KT,Katsina,Mashi,Mashi,Mashi,Mashi,true,HIGH,https://zipcodes.ng/mashi/
823103,KT,Katsina,Dutsi,Dutsi,Dutsi,Dutsi,true,HIGH,https://zipcodes.ng/dutsi/
823104,KT,Katsina,Ingawa,Ingawa,Ingawa,Ingawa,true,HIGH,https://zipcodes.ng/ingawa/
824101,KT,Katsina,Daura,Daura,Daura,Daura,true,HIGH,https://zipcodes.ng/daura-2/
824102,KT,Katsina,Mai’Adua,Mai’Adua,Mai’Adua,Mai’Adua,true,HIGH,https://zipcodes.ng/mai-adua/
824103,KT,Katsina,Sandamu,Sandamu,Sandamu,Sandamu,true,HIGH,https://zipcodes.ng/sandamu/
824104,KT,Katsina,Zango,Zango,Zango,Zango,true,HIGH,https://zipcodes.ng/zango/
824105,KT,Katsina,Baure,Baure,Baure,Baure,true,HIGH,https://zipcodes.ng/baure/
824211,KT,Katsina,Kankia,Kankia,Kankia,Kankia,true,HIGH,https://zipcodes.ng/kankia/
824212,KT,Katsina,Kankia,Kankia,Kankia,Kankia,true,HIGH,https://zipcodes.ng/kankia/
825002,KT,Katsina,Mani,Mani,Mani,Mani,true,MEDIUM,https://nigeriapostal.com/location/NG-Katsina/Mani
830101,KT,Katsina,Funtua,Funtua,Funtua,Funtua,true,HIGH,https://zipcodes.ng/funtua-lga/
830102,KT,Katsina,Faskari,Faskari,Faskari,Faskari,true,HIGH,https://zipcodes.ng/faskari/
830103,KT,Katsina,Dandume,Dandume,Dandume,Dandume,true,HIGH,https://zipcodes.ng/dandume/
830104,KT,Katsina,Sabuwa,Sabuwa,Sabuwa,Sabuwa,true,HIGH,https://zipcodes.ng/sabuwa/
830211,KT,Katsina,Funtua,Funtua,Funtua,Funtua,true,HIGH,https://zipcodes.ng/funtua-lga/
830212,KT,Katsina,Funtua,Funtua,Funtua,Funtua,true,HIGH,https://zipcodes.ng/funtua-lga/
830213,KT,Katsina,Funtua,Funtua,Funtua,Funtua,true,HIGH,https://zipcodes.ng/funtua-lga/
830221,KT,Katsina,Funtua,Funtua,Funtua,Funtua,true,HIGH,https://zipcodes.ng/funtua-lga/
830223,KT,Katsina,Funtua,Funtua,Funtua,Funtua,true,HIGH,https://zipcodes.ng/funtua-lga/
830224,KT,Katsina,Funtua,Funtua,Funtua,Funtua,true,HIGH,https://zipcodes.ng/funtua-lga/
830225,KT,Katsina,Funtua,Funtua,Funtua,Funtua,true,HIGH,https://zipcodes.ng/funtua-lga/
830232,KT,Katsina,Kankia,Kankia,Kankia,Kankia,true,HIGH,https://zipcodes.ng/kankia/
830261,KT,Katsina,Kankia,Kankia,Kankia,Kankia,true,HIGH,https://zipcodes.ng/kankia/
830262,KT,Katsina,Funtua,Funtua,Funtua,Funtua,true,HIGH,https://zipcodes.ng/funtua-lga/
830266,KT,Katsina,Funtua,Funtua,Funtua,Funtua,true,HIGH,https://zipcodes.ng/funtua-lga/
830273,KT,Katsina,Funtua,Funtua,Funtua,Funtua,true,HIGH,https://zipcodes.ng/funtua-lga/
830274,KT,Katsina,Funtua,Funtua,Funtua,Funtua,true,HIGH,https://zipcodes.ng/funtua-lga/
830282,KT,Katsina,Funtua,Funtua,Funtua,Funtua,true,HIGH,https://zipcodes.ng/funtua-lga/
831101,KT,Katsina,Bakori,Bakori,Bakori,Bakori,true,HIGH,https://zipcodes.ng/bakori/
831102,KT,Katsina,Danja,Danja,Danja,Danja,true,HIGH,https://zipcodes.ng/danja/
831266,KT,Katsina,Funtua,Funtua,Funtua,Funtua,true,HIGH,https://zipcodes.ng/funtua-lga/
831267,KT,Katsina,Kankia,Kankia,Kankia,Kankia,true,HIGH,https://zipcodes.ng/kankia/
832101,KT,Katsina,Malumfashi,Malumfashi,Malumfashi,Malumfashi,true,HIGH,https://zipcodes.ng/malumfashi/
832102,KT,Katsina,Kankara,Kankara,Kankara,Kankara,true,HIGH,https://zipcodes.ng/kankara/
832103,KT,Katsina,Kafur,Kafur,Kafur,Kafur,true,HIGH,https://zipcodes.ng/kafur/
833101,KT,Katsina,Musawa,Musawa,Musawa,Musawa,true,HIGH,https://zipcodes.ng/musawa/
833102,KT,Katsina,Matazu,Matazu,Matazu,Matazu,true,HIGH,https://zipcodes.ng/matazu/
840004,SO,Sokoto,Wamakko,Wamakko,Wamakko,Wamakko,true,MEDIUM,https://nigeriapostal.com/location/NG-Sokoto/Wamakko
841101,SO,Sokoto,Tangaza,Tangaza,Tangaza,Tangaza,true,HIGH,https://zipcodes.ng/tangaza/
841102,SO,Sokoto,Gudu,Gudu,Gudu,Gudu,true,HIGH,https://zipcodes.ng/gudu/
841103,SO,Sokoto,Kware,Kware,Kware,Kware,true,HIGH,https://zipcodes.ng/kware/
841104,SO,Sokoto,Kware,Kware,Kware,Kware,true,HIGH,https://zipcodes.ng/kware/
841105,SO,Sokoto,Kware,Kware,Kware,Kware,true,HIGH,https://zipcodes.ng/kware/
841106,SO,Sokoto,Kware,Kware,Kware,Kware,true,HIGH,https://zipcodes.ng/kware/
841107,SO,Sokoto,Kware,Kware,Kware,Kware,true,HIGH,https://zipcodes.ng/kware/
842101,SO,Sokoto,Wurno,Wurno,Wurno,Wurno,true,HIGH,https://zipcodes.ng/wurno/
842102,SO,Sokoto,Wurno,Wurno,Wurno,Wurno,true,HIGH,https://zipcodes.ng/wurno/
842103,SO,Sokoto,Rabah,Rabah,Rabah,Rabah,true,HIGH,https://zipcodes.ng/rabah/
842104,SO,Sokoto,Rabah,Rabah,Rabah,Rabah,true,HIGH,https://zipcodes.ng/rabah/
842105,SO,Sokoto,Goronyo,Goronyo,Goronyo,Goronyo,true,HIGH,https://zipcodes.ng/goronyo/
842106,SO,Sokoto,Sabon Birni,Sabon Birni,Sabon Birni,Sabon Birni,true,HIGH,https://zipcodes.ng/sabon-birni/
842110,EB,Ebonyi,Ezza North,Ezzamgbo,Ezzamgbo,Ezzamgbo,true,HIGH,https://zipcodes.ng/ezza-north/
843101,SO,Sokoto,Illela,Illela,Illela,Illela,true,HIGH,https://zipcodes.ng/illela/
843102,SO,Sokoto,Gada,Gada,Gada,Gada,true,HIGH,https://zipcodes.ng/gada/
843103,SO,Sokoto,Gwadabawa,Gwadabawa,Gwadabawa,Gwadabawa,true,HIGH,https://zipcodes.ng/gwadabawa/
850105,SO,Sokoto,Kebbe,Kebbe,Kebbe,Kebbe,true,HIGH,https://zipcodes.ng/kebbe/
850211,SO,Sokoto,Tambuwal,Tambuwal,Tambuwal,Tambuwal,true,HIGH,https://zipcodes.ng/tambuwal/
850221,SO,Sokoto,Tambuwal,Tambuwal,Tambuwal,Tambuwal,true,HIGH,https://zipcodes.ng/tambuwal/
850222,SO,Sokoto,Tambuwal,Tambuwal,Tambuwal,Tambuwal,true,HIGH,https://zipcodes.ng/tambuwal/
850232,SO,Sokoto,Tambuwal,Tambuwal,Tambuwal,Tambuwal,true,HIGH,https://zipcodes.ng/tambuwal/
850251,SO,Sokoto,Tambuwal,Tambuwal,Tambuwal,Tambuwal,true,HIGH,https://zipcodes.ng/tambuwal/
850261,SO,Sokoto,Tambuwal,Tambuwal,Tambuwal,Tambuwal,true,HIGH,https://zipcodes.ng/tambuwal/
851101,SO,Sokoto,Yabo,Yabo,Yabo,Yabo,true,HIGH,https://zipcodes.ng/yabo/
851102,SO,Sokoto,Yabo,Yabo,Yabo,Yabo,true,HIGH,https://zipcodes.ng/yabo/
851103,SO,Sokoto,Shagari,Shagari,Shagari,Shagari,true,HIGH,https://zipcodes.ng/shagari/
852101,SO,Sokoto,Bodinga,Bodinga,Bodinga,Bodinga,true,HIGH,https://zipcodes.ng/bodinga/
852103,SO,Sokoto,Bodinga,Bodinga,Bodinga,Bodinga,true,HIGH,https://zipcodes.ng/bodinga/
852106,SO,Sokoto,Dange-Shuni,Dange,Dange,Dange,true,HIGH,https://zipcodes.ng/dange/
852211,ZA,Zamfara,Kaura Namoda,Kaura Namoda,Kaura Namoda,Kaura Namoda,true,HIGH,https://zipcodes.ng/kaura-namoda/
853101,SO,Sokoto,Binji,Binji,Binji,Binji,true,HIGH,https://zipcodes.ng/binji/
853102,SO,Sokoto,Silame,Silame,Silame,Silame,true,HIGH,https://zipcodes.ng/silame/
853104,SO,Sokoto,Bodinga,Bodinga,Bodinga,Bodinga,true,HIGH,https://zipcodes.ng/bodinga/
860102,KE,Kebbi,Gwandu,Gwandu,Gwandu,Gwandu,true,HIGH,https://zipcodes.ng/gwandu/
860103,KE,Kebbi,Gwandu,Gwandu,Gwandu,Gwandu,true,HIGH,https://zipcodes.ng/gwandu/
860104,KE,Kebbi,Gwandu,Gwandu,Gwandu,Gwandu,true,HIGH,https://zipcodes.ng/gwandu/
860241,ZA,Zamfara,Gusau,Gusau,Gusau,Gusau,false,HIGH,https://zipcodes.ng/gusau/
860242,ZA,Zamfara,Gusau,Gusau,Gusau,Gusau,false,HIGH,https://zipcodes.ng/gusau/
860271,ZA,Zamfara,Gusau,Gusau,Gusau,Gusau,false,HIGH,https://zipcodes.ng/gusau/
860272,ZA,Zamfara,Gusau,Gusau,Gusau,Gusau,false,HIGH,https://zipcodes.ng/gusau/
861104,KE,Kebbi,Augie,Augie,Augie,Augie,true,HIGH,https://zipcodes.ng/augie/
861105,KE,Kebbi,Augie,Augie,Augie,Augie,true,HIGH,https://zipcodes.ng/augie/
861106,KE,Kebbi,Arewa Dandi,Kangiwa,Kangiwa,Kangiwa,true,MEDIUM,https://zipcodes.ng/arewa/
861107,KE,Kebbi,Arewa Dandi,Kangiwa,Kangiwa,Kangiwa,true,MEDIUM,https://zipcodes.ng/arewa/
861214,KE,Kebbi,Argungu,Argungu,Argungu,Argungu,true,HIGH,https://zipcodes.ng/argungu-town/
861231,KE,Kebbi,Argungu,Argungu,Argungu,Argungu,true,HIGH,https://zipcodes.ng/argungu-town/
861241,KE,Kebbi,Argungu,Argungu,Argungu,Argungu,true,HIGH,https://zipcodes.ng/argungu-town/
861261,KE,Kebbi,Argungu,Argungu,Argungu,Argungu,true,HIGH,https://zipcodes.ng/argungu-town/
861271,KE,Kebbi,Argungu,Argungu,Argungu,Argungu,true,HIGH,https://zipcodes.ng/argungu-town/
861281,KE,Kebbi,Argungu,Argungu,Argungu,Argungu,true,HIGH,https://zipcodes.ng/argungu-town/
862001,KE,Kebbi,Dandi,Dandi,Dandi,Dandi,true,MEDIUM,https://nigeriapostal.com/location/NG-Kebbi/Dandi
862101,KE,Kebbi,Bunza,Bunza,Bunza,Bunza,true,HIGH,https://zipcodes.ng/bunza/
862102,KE,Kebbi,Bunza,Bunza,Bunza,Bunza,true,HIGH,https://zipcodes.ng/bunza/
862103,KE,Kebbi,Bunza,Bunza,Bunza,Bunza,true,HIGH,https://zipcodes.ng/bunza/
862104,KE,Kebbi,Kalgo,Kalgo,Kalgo,Kalgo,true,MEDIUM,https://nigeriapostal.com/location/NG-Kebbi/Kalgo
862106,KE,Kebbi,Suru,Suru,Suru,Suru,true,HIGH,https://zipcodes.ng/suru/
862107,KE,Kebbi,Suru,Suru,Suru,Suru,true,HIGH,https://zipcodes.ng/suru/
862108,KE,Kebbi,Suru,Suru,Suru,Suru,true,HIGH,https://zipcodes.ng/suru/
863101,KE,Kebbi,Jega,Jega,Jega,Jega,true,HIGH,https://zipcodes.ng/jega/
863102,KE,Kebbi,Jega,Jega,Jega,Jega,true,HIGH,https://zipcodes.ng/jega/
863103,KE,Kebbi,Maiyama,Maiyama,Maiyama,Maiyama,true,HIGH,https://zipcodes.ng/maiyama/
870103,KE,Kebbi,Ngaski,Ngaski,Ngaski,Ngaski,true,HIGH,https://zipcodes.ng/ngaski/
870104,KE,Kebbi,Ngaski,Ngaski,Ngaski,Ngaski,true,HIGH,https://zipcodes.ng/ngaski/
870105,KE,Kebbi,Shanga,Shanga,Shanga,Shanga,true,HIGH,https://zipcodes.ng/shanga/
870106,KE,Kebbi,Shanga,Shanga,Shanga,Shanga,true,HIGH,https://zipcodes.ng/shanga/
870211,KE,Kebbi,Yauri,Yauri,Yauri,Yauri,true,HIGH,https://zipcodes.ng/yauri/
870212,KE,Kebbi,Yauri,Yauri,Yauri,Yauri,true,HIGH,https://zipcodes.ng/yauri/
870223,KE,Kebbi,Yauri,Yauri,Yauri,Yauri,true,HIGH,https://zipcodes.ng/yauri/
870231,KE,Kebbi,Yauri,Yauri,Yauri,Yauri,true,HIGH,https://zipcodes.ng/yauri/
870241,KE,Kebbi,Yauri,Yauri,Yauri,Yauri,true,HIGH,https://zipcodes.ng/yauri/
870251,KE,Kebbi,Yauri,Yauri,Yauri,Yauri,true,HIGH,https://zipcodes.ng/yauri/
870261,KE,Kebbi,Yauri,Yauri,Yauri,Yauri,true,HIGH,https://zipcodes.ng/yauri/
870271,KE,Kebbi,Yauri,Yauri,Yauri,Yauri,true,HIGH,https://zipcodes.ng/yauri/
871101,KE,Kebbi,Bagudo,Bagudo,Bagudo,Bagudo,true,HIGH,https://zipcodes.ng/bagudo/
871102,KE,Kebbi,Bagudo,Bagudo,Bagudo,Bagudo,true,HIGH,https://zipcodes.ng/bagudo/
871103,KE,Kebbi,Bagudo,Bagudo,Bagudo,Bagudo,true,HIGH,https://zipcodes.ng/bagudo/
871104,KE,Kebbi,Bagudo,Bagudo,Bagudo,Bagudo,true,HIGH,https://zipcodes.ng/bagudo/
871105,KE,Kebbi,Koko Besse,Koko Besse,Koko Besse,Koko Besse,true,HIGH,https://zipcodes.ng/koko-besse/
871106,KE,Kebbi,Koko Besse,Koko Besse,Koko Besse,Koko Besse,true,HIGH,https://zipcodes.ng/koko-besse/
872102,KE,Kebbi,Fakai,Fakai,Fakai,Fakai,true,HIGH,https://zipcodes.ng/fakai/
872103,KE,Kebbi,Danko Wasagu,Danko,Danko,Danko,true,HIGH,https://zipcodes.ng/danko/
872104,KE,Kebbi,Danko Wasagu,Danko,Danko,Danko,true,HIGH,https://zipcodes.ng/danko/
872105,KE,Kebbi,Sakaba,Sakaba,Sakaba,Sakaba,true,HIGH,https://zipcodes.ng/sakaba/
872211,KE,Kebbi,Zuru,Zuru,Zuru,Zuru,true,HIGH,https://zipcodes.ng/zuru-town/
872212,KE,Kebbi,Zuru,Zuru,Zuru,Zuru,true,HIGH,https://zipcodes.ng/zuru-town/
872213,KE,Kebbi,Zuru,Zuru,Zuru,Zuru,true,HIGH,https://zipcodes.ng/zuru-town/
872214,KE,Kebbi,Zuru,Zuru,Zuru,Zuru,true,HIGH,https://zipcodes.ng/zuru-town/
872215,KE,Kebbi,Zuru,Zuru,Zuru,Zuru,true,HIGH,https://zipcodes.ng/zuru-town/
872231,KE,Kebbi,Zuru,Zuru,Zuru,Zuru,true,HIGH,https://zipcodes.ng/zuru-town/
872232,KE,Kebbi,Zuru,Zuru,Zuru,Zuru,true,HIGH,https://zipcodes.ng/zuru-town/
872251,KE,Kebbi,Zuru,Zuru,Zuru,Zuru,true,HIGH,https://zipcodes.ng/zuru-town/
872252,KE,Kebbi,Zuru,Zuru,Zuru,Zuru,true,HIGH,https://zipcodes.ng/zuru-town/
872271,KE,Kebbi,Zuru,Zuru,Zuru,Zuru,true,HIGH,https://zipcodes.ng/zuru-town/
872281,KE,Kebbi,Zuru,Zuru,Zuru,Zuru,true,HIGH,https://zipcodes.ng/zuru-town/
881001,ZA,Zamfara,Bungudu,Bungudu,Bungudu,Bungudu,true,MEDIUM,https://nigeriapostal.com/location/NG-Zamfara/Bungudu
882212,ZA,Zamfara,Kaura Namoda,Kaura Namoda,Kaura Namoda,Kaura Namoda,true,HIGH,https://zipcodes.ng/kaura-namoda/
882214,ZA,Zamfara,Kaura Namoda,Kaura Namoda,Kaura Namoda,Kaura Namoda,true,HIGH,https://zipcodes.ng/kaura-namoda/
882221,ZA,Zamfara,Kaura Namoda,Kaura Namoda,Kaura Namoda,Kaura Namoda,true,HIGH,https://zipcodes.ng/kaura-namoda/
882231,ZA,Zamfara,Kaura Namoda,Kaura Namoda,Kaura Namoda,Kaura Namoda,true,HIGH,https://zipcodes.ng/kaura-namoda/
882241,ZA,Zamfara,Kaura Namoda,Kaura Namoda,Kaura Namoda,Kaura Namoda,true,HIGH,https://zipcodes.ng/kaura-namoda/
882261,ZA,Zamfara,Kaura Namoda,Kaura Namoda,Kaura Namoda,Kaura Namoda,true,HIGH,https://zipcodes.ng/kaura-namoda/
882271,ZA,Zamfara,Kaura Namoda,Kaura Namoda,Kaura Namoda,Kaura Namoda,true,HIGH,https://zipcodes.ng/kaura-namoda/
882281,ZA,Zamfara,Kaura Namoda,Kaura Namoda,Kaura Namoda,Kaura Namoda,true,HIGH,https://zipcodes.ng/kaura-namoda/
882282,ZA,Zamfara,Kaura Namoda,Kaura Namoda,Kaura Namoda,Kaura Namoda,true,HIGH,https://zipcodes.ng/kaura-namoda/
882283,ZA,Zamfara,Kaura Namoda,Kaura Namoda,Kaura Namoda,Kaura Namoda,true,HIGH,https://zipcodes.ng/kaura-namoda/
882284,ZA,Zamfara,Kaura Namoda,Kaura Namoda,Kaura Namoda,Kaura Namoda,true,HIGH,https://zipcodes.ng/kaura-namoda/
882285,ZA,Zamfara,Kaura Namoda,Kaura Namoda,Kaura Namoda,Kaura Namoda,true,HIGH,https://zipcodes.ng/kaura-namoda/
883002,ZA,Zamfara,Shinkafi,Shinkafi,Shinkafi,Shinkafi,true,MEDIUM,https://nigeriapostal.com/location/NG-Zamfara/Shinkafi
883101,SO,Sokoto,Isa,Isa,Isa,Isa,true,MEDIUM,https://nigeriapostal.com/location/NG-Sokoto/Isa
890001,ZA,Zamfara,Anka,Anka,Anka,Anka,true,MEDIUM,https://nigeriapostal.com/location/NG-Zamfara/Anka
890002,ZA,Zamfara,Maru,Maru,Maru,Maru,true,MEDIUM,https://nigeriapostal.com/location/NG-Zamfara/Maru
891001,ZA,Zamfara,Gummi,Gummi,Gummi,Gummi,true,MEDIUM,https://nigeriapostal.com/location/NG-Zamfara/Gummi
900211,FC,FCT,Abuja Municipal,"Area 11, Garki, Abuja","Area 11, Garki, Abuja","Area 11, Garki, Abuja",false,MEDIUM,https://zipcodes.ng/abuja/
900221,FC,FCT,Abuja Municipal,"Area 11, Garki, Abuja","Area 11, Garki, Abuja","Area 11, Garki, Abuja",false,MEDIUM,https://zipcodes.ng/abuja/
900231,FC,FCT,Abuja Municipal,"Area 11, Garki, Abuja","Area 11, Garki, Abuja","Area 11, Garki, Abuja",false,MEDIUM,https://zipcodes.ng/abuja/
900242,FC,FCT,Abuja Municipal,"Area 11, Garki, Abuja","Area 11, Garki, Abuja","Area 11, Garki, Abuja",false,MEDIUM,https://zipcodes.ng/abuja/
900245,FC,FCT,Abuja Municipal,"Area 11, Garki, Abuja","Area 11, Garki, Abuja","Area 11, Garki, Abuja",false,MEDIUM,https://zipcodes.ng/abuja/
900246,FC,FCT,Abuja Municipal,"Area 11, Garki, Abuja","Area 11, Garki, Abuja","Area 11, Garki, Abuja",false,MEDIUM,https://zipcodes.ng/abuja/
900247,FC,FCT,Abuja Municipal,"Area 11, Garki, Abuja","Area 11, Garki, Abuja","Area 11, Garki, Abuja",false,MEDIUM,https://zipcodes.ng/abuja/
900271,FC,FCT,Abuja Municipal,"Area 11, Garki, Abuja","Area 11, Garki, Abuja","Area 11, Garki, Abuja",false,MEDIUM,https://zipcodes.ng/abuja/
900281,FC,FCT,Abuja Municipal,"Area 11, Garki, Abuja","Area 11, Garki, Abuja","Area 11, Garki, Abuja",false,MEDIUM,https://zipcodes.ng/abuja/
900285,FC,FCT,Abuja Municipal,"Area 11, Garki, Abuja","Area 11, Garki, Abuja","Area 11, Garki, Abuja",false,MEDIUM,https://zipcodes.ng/abuja/
900286,FC,FCT,Abuja Municipal,"Area 11, Garki, Abuja","Area 11, Garki, Abuja","Area 11, Garki, Abuja",false,MEDIUM,https://zipcodes.ng/abuja/
900287,FC,FCT,Abuja Municipal,"Area 11, Garki, Abuja","Area 11, Garki, Abuja","Area 11, Garki, Abuja",false,MEDIUM,https://zipcodes.ng/abuja/
900288,FC,FCT,Abuja Municipal,"Area 11, Garki, Abuja","Area 11, Garki, Abuja","Area 11, Garki, Abuja",false,MEDIUM,https://zipcodes.ng/abuja/
901101,FC,FCT,Bwari,Bwari,Bwari,Bwari,true,HIGH,https://zipcodes.ng/bwari-l-g-a-zip-codes/
902101,FC,FCT,Gwagwalada,Gwagwalada,Gwagwalada,Gwagwalada,true,HIGH,https://zipcodes.ng/gwaywalada/
903101,FC,FCT,Kuje,Kuje,Kuje,Kuje,true,HIGH,https://zipcodes.ng/kuje/
903102,FC,FCT,Kuje,Kuje,Kuje,Kuje,true,HIGH,https://zipcodes.ng/kuje/
904101,FC,FCT,Kwali,Kwali,Kwali,Kwali,true,HIGH,https://zipcodes.ng/kwali/
904102,FC,FCT,Kwali,Kwali,Kwali,Kwali,true,HIGH,https://zipcodes.ng/kwali/
904103,FC,FCT,Kwali,Kwali,Kwali,Kwali,true,HIGH,https://zipcodes.ng/kwali/
904104,FC,FCT,Kwali,Kwali,Kwali,Kwali,true,HIGH,https://zipcodes.ng/kwali/
904105,FC,FCT,Kwali,Kwali,Kwali,Kwali,true,HIGH,https://zipcodes.ng/kwali/
904106,FC,FCT,Kwali,Kwali,Kwali,Kwali,true,HIGH,https://zipcodes.ng/kwali/
904107,FC,FCT,Kwali,Kwali,Kwali,Kwali,true,HIGH,https://zipcodes.ng/kwali/
904108,FC,FCT,Kwali,Kwali,Kwali,Kwali,true,HIGH,https://zipcodes.ng/kwali/
904109,FC,FCT,Kwali,Kwali,Kwali,Kwali,true,HIGH,https://zipcodes.ng/kwali/
905101,FC,FCT,Abaji,Abaji,Abaji,Abaji,true,HIGH,https://zipcodes.ng/abaji/
905102,FC,FCT,Abaji,Abaji,Abaji,Abaji,true,HIGH,https://zipcodes.ng/abaji/
910101,NI,Niger,Suleja,Suleja,Suleja,Suleja,true,HIGH,https://zipcodes.ng/suleja-l-g-a-zip-codes/
910102,NI,Niger,Gurara,Sarkin Noma,Sarkin Noma,Sarkin Noma,true,HIGH,https://zipcodes.ng/gurara-l-g-a-zip-codes/
911101,NI,Niger,Lapai,Lapai,Lapai,Lapai,true,HIGH,https://zipcodes.ng/lapai/
911102,NI,Niger,Lapai,Lapai,Lapai,Lapai,true,HIGH,https://zipcodes.ng/lapai/
911104,NI,Niger,Agaie,Agaie,Agaie,Agaie,true,HIGH,https://zipcodes.ng/agaie/
911105,NI,Niger,Agaie,Agaie,Agaie,Agaie,true,HIGH,https://zipcodes.ng/agaie/
912102,NI,Niger,Gbako,Katcha,Katcha,Katcha,true,HIGH,https://zipcodes.ng/gbako/
912103,NI,Niger,Gbako,Katcha,Katcha,Katcha,true,HIGH,https://zipcodes.ng/gbako/
912105,NI,Niger,Borgu,New Bussa,New Bussa,New Bussa,true,MEDIUM,https://nigeriapostal.com/location/NG-Niger/Borgu
912211,NI,Niger,Bida,Bida,Bida,Bida,true,HIGH,https://zipcodes.ng/bida-town/
912212,NI,Niger,Bida,Bida,Bida,Bida,true,HIGH,https://zipcodes.ng/bida-town/
912221,NI,Niger,Bida,Bida,Bida,Bida,true,HIGH,https://zipcodes.ng/bida-town/
912231,NI,Niger,Bida,Bida,Bida,Bida,true,HIGH,https://zipcodes.ng/bida-town/
912232,NI,Niger,Bida,Bida,Bida,Bida,true,HIGH,https://zipcodes.ng/bida-town/
912241,NI,Niger,Bida,Bida,Bida,Bida,true,HIGH,https://zipcodes.ng/bida-town/
913103,NI,Niger,Mokwa,Mokwa,Mokwa,Mokwa,true,HIGH,https://zipcodes.ng/mokwa/
913104,NI,Niger,Mokwa,Mokwa,Mokwa,Mokwa,true,HIGH,https://zipcodes.ng/mokwa/
920102,NI,Niger,Bosso,Paiko,Paiko,Paiko,true,HIGH,https://zipcodes.ng/bosso/
920103,NI,Niger,Paikoro,Tegina,Tegina,Tegina,true,HIGH,https://zipcodes.ng/paikoro/
920104,NI,Niger,Paikoro,Tegina,Tegina,Tegina,true,HIGH,https://zipcodes.ng/paikoro/
920211,NI,Niger,Chanchaga,Minna,Minna,Minna,false,HIGH,https://zipcodes.ng/minna/
920212,NI,Niger,Chanchaga,Minna,Minna,Minna,false,HIGH,https://zipcodes.ng/minna/
920221,NI,Niger,Chanchaga,Minna,Minna,Minna,false,HIGH,https://zipcodes.ng/minna/
920222,NI,Niger,Chanchaga,Minna,Minna,Minna,false,HIGH,https://zipcodes.ng/minna/
920231,NI,Niger,Chanchaga,Minna,Minna,Minna,false,HIGH,https://zipcodes.ng/minna/
920232,NI,Niger,Chanchaga,Minna,Minna,Minna,false,HIGH,https://zipcodes.ng/minna/
920241,NI,Niger,Chanchaga,Minna,Minna,Minna,false,HIGH,https://zipcodes.ng/minna/
920242,NI,Niger,Chanchaga,Minna,Minna,Minna,false,HIGH,https://zipcodes.ng/minna/
920252,NI,Niger,Chanchaga,Minna,Minna,Minna,false,HIGH,https://zipcodes.ng/minna/
920262,NI,Niger,Chanchaga,Minna,Minna,Minna,false,HIGH,https://zipcodes.ng/minna/
920271,NI,Niger,Chanchaga,Minna,Minna,Minna,false,HIGH,https://zipcodes.ng/minna/
920272,NI,Niger,Chanchaga,Minna,Minna,Minna,false,HIGH,https://zipcodes.ng/minna/
920281,NI,Niger,Chanchaga,Minna,Minna,Minna,false,HIGH,https://zipcodes.ng/minna/
920282,NI,Niger,Chanchaga,Minna,Minna,Minna,false,HIGH,https://zipcodes.ng/minna/
921101,NI,Niger,Shiroro,Kuta,Kuta,Kuta,true,HIGH,https://zipcodes.ng/shiroro/
921102,NI,Niger,Shiroro,Kuta,Kuta,Kuta,true,HIGH,https://zipcodes.ng/shiroro/
921103,NI,Niger,Munya,Sarkin Pawa,Sarkin Pawa,Sarkin Pawa,true,HIGH,https://zipcodes.ng/munya/
922101,NI,Niger,Rafi,Kagara,Kagara,Kagara,true,HIGH,https://zipcodes.ng/rafi/
922102,NI,Niger,Rafi,Kagara,Kagara,Kagara,true,HIGH,https://zipcodes.ng/rafi/
922103,NI,Niger,Rafi,Kagara,Kagara,Kagara,true,HIGH,https://zipcodes.ng/rafi/
922104,NI,Niger,Rafi,Kagara,Kagara,Kagara,true,HIGH,https://zipcodes.ng/rafi/
922105,NI,Niger,Mariga,Bangi,Bangi,Bangi,true,HIGH,https://zipcodes.ng/mariga/
922106,NI,Niger,Mariga,Bangi,Bangi,Bangi,true,HIGH,https://zipcodes.ng/mariga/
923101,NI,Niger,Kontagora,Kontagora,Kontagora,Kontagora,true,HIGH,https://zipcodes.ng/kontagora/
923102,NI,Niger,Mashegu,Mashegu,Mashegu,Mashegu,true,HIGH,https://zipcodes.ng/mashegu/
923103,NI,Niger,Mashegu,Mashegu,Mashegu,Mashegu,true,HIGH,https://zipcodes.ng/mashegu/
923104,NI,Niger,Rijau,Rijau,Rijau,Rijau,true,HIGH,https://zipcodes.ng/rijau/
923105,NI,Niger,Magama,Magama,Magama,Magama,true,HIGH,https://zipcodes.ng/magama/
923106,NI,Niger,Magama,Magama,Magama,Magama,true,HIGH,https://zipcodes.ng/magama/
923107,NI,Niger,Agwara,Agwara,Agwara,Agwara,true,HIGH,https://zipcodes.ng/agwara/
930101,PL,Plateau,Jos South,Jos,Jos,Jos,false,HIGH,https://zipcodes.ng/jos-south/
930102,PL,Plateau,Jos South,Jos,Jos,Jos,false,HIGH,https://zipcodes.ng/jos-south/
930103,PL,Plateau,Jos South,Jos,Jos,Jos,false,HIGH,https://zipcodes.ng/jos-south/
930104,PL,Plateau,Jos South,Jos,Jos,Jos,false,HIGH,https://zipcodes.ng/jos-south/
930105,PL,Plateau,Jos North,Bukuru,Bukuru,Bukuru,false,HIGH,https://zipcodes.ng/jos-north/
930106,PL,Plateau,Jos East,Angware,Angware,Angware,true,HIGH,https://zipcodes.ng/jos-east/
930107,PL,Plateau,Jos East,Angware,Angware,Angware,true,HIGH,https://zipcodes.ng/jos-east/
930108,PL,Plateau,Jos East,Angware,Angware,Angware,true,HIGH,https://zipcodes.ng/jos-east/
930109,PL,Plateau,Jos East,Angware,Angware,Angware,true,HIGH,https://zipcodes.ng/jos-east/
930111,PL,Plateau,Bassa,Bassa,Bassa,Bassa,true,MEDIUM,https://zipcodes.ng/bassa-west/
930112,PL,Plateau,Bassa,Bassa,Bassa,Bassa,true,MEDIUM,https://zipcodes.ng/bassa-west/
930113,PL,Plateau,Bassa,Bassa,Bassa,Bassa,true,MEDIUM,https://zipcodes.ng/bassa-west/
930114,PL,Plateau,Bassa,Bassa,Bassa,Bassa,true,MEDIUM,https://zipcodes.ng/bassa-west/
930115,PL,Plateau,Bassa,Bassa,Bassa,Bassa,true,MEDIUM,https://zipcodes.ng/bassa-west/
930116,PL,Plateau,Bassa,Bassa,Bassa,Bassa,true,MEDIUM,https://zipcodes.ng/bassa-west/
930117,PL,Plateau,Bassa,Bassa,Bassa,Bassa,true,MEDIUM,https://zipcodes.ng/bassa-west/
930118,PL,Plateau,Bassa,Bassa,Bassa,Bassa,true,MEDIUM,https://zipcodes.ng/bassa-west/
930211,PL,Plateau,Jos North,Bukuru,Bukuru,Bukuru,false,HIGH,https://zipcodes.ng/jos-north/
930212,PL,Plateau,Jos North,Bukuru,Bukuru,Bukuru,false,HIGH,https://zipcodes.ng/jos-north/
930213,PL,Plateau,Jos North,Bukuru,Bukuru,Bukuru,false,HIGH,https://zipcodes.ng/jos-north/
930214,PL,Plateau,Jos North,Bukuru,Bukuru,Bukuru,false,HIGH,https://zipcodes.ng/jos-north/
930221,PL,Plateau,Jos North,Bukuru,Bukuru,Bukuru,false,HIGH,https://zipcodes.ng/jos-north/
930222,PL,Plateau,Jos North,Bukuru,Bukuru,Bukuru,false,HIGH,https://zipcodes.ng/jos-north/
930232,PL,Plateau,Jos North,Bukuru,Bukuru,Bukuru,false,HIGH,https://zipcodes.ng/jos-north/
930241,PL,Plateau,Jos North,Bukuru,Bukuru,Bukuru,false,HIGH,https://zipcodes.ng/jos-north/
930242,PL,Plateau,Jos North,Bukuru,Bukuru,Bukuru,false,HIGH,https://zipcodes.ng/jos-north/
930251,PL,Plateau,Jos North,Bukuru,Bukuru,Bukuru,false,HIGH,https://zipcodes.ng/jos-north/
930252,PL,Plateau,Jos North,Bukuru,Bukuru,Bukuru,false,HIGH,https://zipcodes.ng/jos-north/
930253,PL,Plateau,Jos North,Bukuru,Bukuru,Bukuru,false,HIGH,https://zipcodes.ng/jos-north/
930261,PL,Plateau,Jos North,Bukuru,Bukuru,Bukuru,false,HIGH,https://zipcodes.ng/jos-north/
930262,PL,Plateau,Jos North,Bukuru,Bukuru,Bukuru,false,HIGH,https://zipcodes.ng/jos-north/
930271,PL,Plateau,Jos North,Bukuru,Bukuru,Bukuru,false,HIGH,https://zipcodes.ng/jos-north/
930272,PL,Plateau,Jos North,Bukuru,Bukuru,Bukuru,false,HIGH,https://zipcodes.ng/jos-north/
930281,PL,Plateau,Jos North,Bukuru,Bukuru,Bukuru,false,HIGH,https://zipcodes.ng/jos-north/
931102,PL,Plateau,Barkin Ladi,Barkin Ladi,Barkin Ladi,Barkin Ladi,true,HIGH,https://zipcodes.ng/barkin-ladi/
931103,PL,Plateau,Barkin Ladi,Barkin Ladi,Barkin Ladi,Barkin Ladi,true,HIGH,https://zipcodes.ng/barkin-ladi/
931104,PL,Plateau,Barkin Ladi,Barkin Ladi,Barkin Ladi,Barkin Ladi,true,HIGH,https://zipcodes.ng/barkin-ladi/
931105,PL,Plateau,Barkin Ladi,Barkin Ladi,Barkin Ladi,Barkin Ladi,true,HIGH,https://zipcodes.ng/barkin-ladi/
931107,PL,Plateau,Riyom,Riyom,Riyom,Riyom,true,HIGH,https://zipcodes.ng/riyom/
931108,PL,Plateau,Riyom,Riyom,Riyom,Riyom,true,HIGH,https://zipcodes.ng/riyom/
932101,PL,Plateau,Mangu,Mangu,Mangu,Mangu,true,HIGH,https://zipcodes.ng/mangu/
932102,PL,Plateau,Mangu,Mangu,Mangu,Mangu,true,HIGH,https://zipcodes.ng/mangu/
932103,PL,Plateau,Mangu,Mangu,Mangu,Mangu,true,HIGH,https://zipcodes.ng/mangu/
932104,PL,Plateau,Mangu,Mangu,Mangu,Mangu,true,HIGH,https://zipcodes.ng/mangu/
932105,PL,Plateau,Mangu,Mangu,Mangu,Mangu,true,HIGH,https://zipcodes.ng/mangu/
932106,PL,Plateau,Mangu,Mangu,Mangu,Mangu,true,HIGH,https://zipcodes.ng/mangu/
932107,PL,Plateau,Mangu,Mangu,Mangu,Mangu,true,HIGH,https://zipcodes.ng/mangu/
932108,PL,Plateau,Mangu,Mangu,Mangu,Mangu,true,HIGH,https://zipcodes.ng/mangu/
932109,PL,Plateau,Bokkos,Bokkos,Bokkos,Bokkos,true,HIGH,https://zipcodes.ng/bokkos/
932110,PL,Plateau,Bokkos,Bokkos,Bokkos,Bokkos,true,HIGH,https://zipcodes.ng/bokkos/
932111,PL,Plateau,Bokkos,Bokkos,Bokkos,Bokkos,true,HIGH,https://zipcodes.ng/bokkos/
932112,PL,Plateau,Bokkos,Bokkos,Bokkos,Bokkos,true,HIGH,https://zipcodes.ng/bokkos/
932113,PL,Plateau,Bokkos,Bokkos,Bokkos,Bokkos,true,HIGH,https://zipcodes.ng/bokkos/
932114,PL,Plateau,Bokkos,Bokkos,Bokkos,Bokkos,true,HIGH,https://zipcodes.ng/bokkos/
932115,PL,Plateau,Bokkos,Bokkos,Bokkos,Bokkos,true,HIGH,https://zipcodes.ng/bokkos/
932116,PL,Plateau,Bokkos,Bokkos,Bokkos,Bokkos,true,HIGH,https://zipcodes.ng/bokkos/
933101,PL,Plateau,Pankshin,Pankshin,Pankshin,Pankshin,true,HIGH,https://zipcodes.ng/pankshin/
933102,PL,Plateau,Pankshin,Pankshin,Pankshin,Pankshin,true,HIGH,https://zipcodes.ng/pankshin/
933103,PL,Plateau,Pankshin,Pankshin,Pankshin,Pankshin,true,HIGH,https://zipcodes.ng/pankshin/
933104,PL,Plateau,Pankshin,Pankshin,Pankshin,Pankshin,true,HIGH,https://zipcodes.ng/pankshin/
933105,PL,Plateau,Pankshin,Pankshin,Pankshin,Pankshin,true,HIGH,https://zipcodes.ng/pankshin/
933106,PL,Plateau,Pankshin,Pankshin,Pankshin,Pankshin,true,HIGH,https://zipcodes.ng/pankshin/
933107,PL,Plateau,Kanke,Kanke,Kanke,Kanke,true,HIGH,https://zipcodes.ng/kanke/
933108,PL,Plateau,Kanke,Kanke,Kanke,Kanke,true,HIGH,https://zipcodes.ng/kanke/
933109,PL,Plateau,Kanke,Kanke,Kanke,Kanke,true,HIGH,https://zipcodes.ng/kanke/
933110,PL,Plateau,Kanke,Kanke,Kanke,Kanke,true,HIGH,https://zipcodes.ng/kanke/
933111,PL,Plateau,Kanke,Kanke,Kanke,Kanke,true,HIGH,https://zipcodes.ng/kanke/
933112,PL,Plateau,Kanke,Kanke,Kanke,Kanke,true,HIGH,https://zipcodes.ng/kanke/
940101,PL,Plateau,Shendam,Shendam,Shendam,Shendam,true,HIGH,https://zipcodes.ng/shendam/
940103,PL,Plateau,Shendam,Shendam,Shendam,Shendam,true,HIGH,https://zipcodes.ng/shendam/
940104,PL,Plateau,Shendam,Shendam,Shendam,Shendam,true,HIGH,https://zipcodes.ng/shendam/
940105,PL,Plateau,Mikang,Mikang,Mikang,Mikang,true,HIGH,https://zipcodes.ng/mikang/
940106,PL,Plateau,Mikang,Mikang,Mikang,Mikang,true,HIGH,https://zipcodes.ng/mikang/
940108,PL,Plateau,Mikang,Mikang,Mikang,Mikang,true,HIGH,https://zipcodes.ng/mikang/
940109,PL,Plateau,Qua’an Pan,Pankshin,Pankshin,Pankshin,true,HIGH,https://zipcodes.ng/quaan-pan/
940110,PL,Plateau,Qua’an Pan,Pankshin,Pankshin,Pankshin,true,HIGH,https://zipcodes.ng/quaan-pan/
940111,PL,Plateau,Qua’an Pan,Pankshin,Pankshin,Pankshin,true,HIGH,https://zipcodes.ng/quaan-pan/
940112,PL,Plateau,Qua’an Pan,Pankshin,Pankshin,Pankshin,true,HIGH,https://zipcodes.ng/quaan-pan/
940113,PL,Plateau,Qua’an Pan,Pankshin,Pankshin,Pankshin,true,HIGH,https://zipcodes.ng/quaan-pan/
940114,PL,Plateau,Qua’an Pan,Pankshin,Pankshin,Pankshin,true,HIGH,https://zipcodes.ng/quaan-pan/
940115,PL,Plateau,Qua’an Pan,Pankshin,Pankshin,Pankshin,true,HIGH,https://zipcodes.ng/quaan-pan/
940116,PL,Plateau,Qua’an Pan,Pankshin,Pankshin,Pankshin,true,HIGH,https://zipcodes.ng/quaan-pan/
941101,PL,Plateau,Langtang North,Mabudi,Mabudi,Mabudi,true,HIGH,https://zipcodes.ng/langtang-north/
941102,PL,Plateau,Langtang North,Mabudi,Mabudi,Mabudi,true,HIGH,https://zipcodes.ng/langtang-north/
941103,PL,Plateau,Langtang North,Mabudi,Mabudi,Mabudi,true,HIGH,https://zipcodes.ng/langtang-north/
941104,PL,Plateau,Langtang South,Shendam,Shendam,Shendam,true,HIGH,https://zipcodes.ng/langtang-south/
941105,PL,Plateau,Langtang South,Shendam,Shendam,Shendam,true,HIGH,https://zipcodes.ng/langtang-south/
941106,PL,Plateau,Langtang South,Shendam,Shendam,Shendam,true,HIGH,https://zipcodes.ng/langtang-south/
941107,PL,Plateau,Langtang South,Shendam,Shendam,Shendam,true,HIGH,https://zipcodes.ng/langtang-south/
941108,PL,Plateau,Langtang South,Shendam,Shendam,Shendam,true,HIGH,https://zipcodes.ng/langtang-south/
941109,PL,Plateau,Langtang South,Shendam,Shendam,Shendam,true,HIGH,https://zipcodes.ng/langtang-south/
941110,PL,Plateau,Langtang South,Shendam,Shendam,Shendam,true,HIGH,https://zipcodes.ng/langtang-south/
941111,PL,Plateau,Langtang South,Shendam,Shendam,Shendam,true,HIGH,https://zipcodes.ng/langtang-south/
941112,PL,Plateau,Langtang North,Mabudi,Mabudi,Mabudi,true,HIGH,https://zipcodes.ng/langtang-north/
942101,PL,Plateau,Kanam,Dengi,Dengi,Dengi,true,HIGH,https://zipcodes.ng/kanam/
942102,PL,Plateau,Kanam,Dengi,Dengi,Dengi,true,HIGH,https://zipcodes.ng/kanam/
942103,PL,Plateau,Kanam,Dengi,Dengi,Dengi,true,HIGH,https://zipcodes.ng/kanam/
942104,PL,Plateau,Kanam,Dengi,Dengi,Dengi,true,HIGH,https://zipcodes.ng/kanam/
942105,PL,Plateau,Wase,Wase,Wase,Wase,true,HIGH,https://zipcodes.ng/wase/
942106,PL,Plateau,Wase,Wase,Wase,Wase,true,HIGH,https://zipcodes.ng/wase/
942107,PL,Plateau,Wase,Wase,Wase,Wase,true,HIGH,https://zipcodes.ng/wase/
942108,PL,Plateau,Wase,Wase,Wase,Wase,true,HIGH,https://zipcodes.ng/wase/
950101,NA,Nasarawa,Lafia,Lafia,Lafia,Lafia,false,HIGH,https://zipcodes.ng/lafia/
950102,NA,Nasarawa,Lafia,Lafia,Lafia,Lafia,false,HIGH,https://zipcodes.ng/lafia/
950103,NA,Nasarawa,Doma,Doma,Doma,Doma,true,HIGH,https://zipcodes.ng/doma/
950104,NA,Nasarawa,Doma,Doma,Doma,Doma,true,HIGH,https://zipcodes.ng/doma/
950105,NA,Nasarawa,Doma,Doma,Doma,Doma,true,HIGH,https://zipcodes.ng/doma/
950106,NA,Nasarawa,Doma,Doma,Doma,Doma,true,HIGH,https://zipcodes.ng/doma/
950107,NA,Nasarawa,Doma,Doma,Doma,Doma,true,HIGH,https://zipcodes.ng/doma/
950108,NA,Nasarawa,Lafia,Lafia,Lafia,Lafia,false,HIGH,https://zipcodes.ng/lafia/
951101,NA,Nasarawa,Obi,Obi,Obi,Obi,true,HIGH,https://zipcodes.ng/obi/
951102,NA,Nasarawa,Obi,Obi,Obi,Obi,true,HIGH,https://zipcodes.ng/obi/
951103,NA,Nasarawa,Awe,Awe,Awe,Awe,true,HIGH,https://zipcodes.ng/awe/
951104,NA,Nasarawa,Awe,Awe,Awe,Awe,true,HIGH,https://zipcodes.ng/awe/
951105,NA,Nasarawa,Awe,Awe,Awe,Awe,true,HIGH,https://zipcodes.ng/awe/
951106,NA,Nasarawa,Keana,Keana,Keana,Keana,true,HIGH,https://zipcodes.ng/keana/
951107,NA,Nasarawa,Keana,Keana,Keana,Keana,true,HIGH,https://zipcodes.ng/keana/
951108,NA,Nasarawa,Keana,Keana,Keana,Keana,true,HIGH,https://zipcodes.ng/keana/
951109,NA,Nasarawa,Keana,Keana,Keana,Keana,true,HIGH,https://zipcodes.ng/keana/
960101,NA,Nasarawa,Akwanga,Akwanga,Akwanga,Akwanga,true,HIGH,https://zipcodes.ng/akwanga/
960102,NA,Nasarawa,Akwanga,Akwanga,Akwanga,Akwanga,true,HIGH,https://zipcodes.ng/akwanga/
960103,NA,Nasarawa,Akwanga,Akwanga,Akwanga,Akwanga,true,HIGH,https://zipcodes.ng/akwanga/
960104,NA,Nasarawa,Akwanga,Akwanga,Akwanga,Akwanga,true,HIGH,https://zipcodes.ng/akwanga/
960105,NA,Nasarawa,Akwanga,Akwanga,Akwanga,Akwanga,true,HIGH,https://zipcodes.ng/akwanga/
960106,NA,Nasarawa,Akwanga,Akwanga,Akwanga,Akwanga,true,HIGH,https://zipcodes.ng/akwanga/
960107,NA,Nasarawa,Akwanga,Akwanga,Akwanga,Akwanga,true,HIGH,https://zipcodes.ng/akwanga/
960108,NA,Nasarawa,Akwanga,Akwanga,Akwanga,Akwanga,true,HIGH,https://zipcodes.ng/akwanga/
960109,NA,Nasarawa,Akwanga,Akwanga,Akwanga,Akwanga,true,HIGH,https://zipcodes.ng/akwanga/
960110,NA,Nasarawa,Akwanga,Akwanga,Akwanga,Akwanga,true,HIGH,https://zipcodes.ng/akwanga/
960111,NA,Nasarawa,Akwanga,Akwanga,Akwanga,Akwanga,true,HIGH,https://zipcodes.ng/akwanga/
960134,NA,Nasarawa,Wamba,Wamba,Wamba,Wamba,true,HIGH,https://zipcodes.ng/wamba/
960135,NA,Nasarawa,Wamba,Wamba,Wamba,Wamba,true,HIGH,https://zipcodes.ng/wamba/
960167,NA,Nasarawa,Nasarawa-Eggon,Nasarawa-Eggon,Nasarawa-Eggon,Nasarawa-Eggon,true,HIGH,https://zipcodes.ng/nasarawa-eggon/
960168,NA,Nasarawa,Nasarawa-Eggon,Nasarawa-Eggon,Nasarawa-Eggon,Nasarawa-Eggon,true,HIGH,https://zipcodes.ng/nasarawa-eggon/
960169,NA,Nasarawa,Nasarawa-Eggon,Nasarawa-Eggon,Nasarawa-Eggon,Nasarawa-Eggon,true,HIGH,https://zipcodes.ng/nasarawa-eggon/
961101,NA,Nasarawa,Keffi,Keffi,Keffi,Keffi,true,HIGH,https://zipcodes.ng/keffi/
961102,NA,Nasarawa,Kokona,Kokona,Kokona,Kokona,true,HIGH,https://zipcodes.ng/kokona/
961103,NA,Nasarawa,Karu,Karu,Karu,Karu,true,HIGH,https://zipcodes.ng/karu/
961104,NA,Nasarawa,Karu,Karu,Karu,Karu,true,HIGH,https://zipcodes.ng/karu/
961105,NA,Nasarawa,Karu,Karu,Karu,Karu,true,HIGH,https://zipcodes.ng/karu/
961106,NA,Nasarawa,Karu,Karu,Karu,Karu,true,HIGH,https://zipcodes.ng/karu/
962101,NA,Nasarawa,Nasarawa,Nasarawa,Nasarawa,Nasarawa,true,HIGH,https://zipcodes.ng/nasarawa/
962102,NA,Nasarawa,Nasarawa,Nasarawa,Nasarawa,Nasarawa,true,HIGH,https://zipcodes.ng/nasarawa/
962103,NA,Nasarawa,Nasarawa,Nasarawa,Nasarawa,Nasarawa,true,HIGH,https://zipcodes.ng/nasarawa/
962104,NA,Nasarawa,Toto,Toto,Toto,Toto,true,HIGH,https://zipcodes.ng/toto/
962105,NA,Nasarawa,Toto,Toto,Toto,Toto,true,HIGH,https://zipcodes.ng/toto/
962106,NA,Nasarawa,Toto,Toto,Toto,Toto,true,HIGH,https://zipcodes.ng/toto/
970101,BE,Benue,Makurdi,Makurdi,Makurdi,Makurdi,false,HIGH,https://zipcodes.ng/makurdi/
970102,BE,Benue,Guma,Gbajimba,Gbajimba,Gbajimba,true,HIGH,https://zipcodes.ng/guma-l-g-a-zip-code/
970103,BE,Benue,Guma,Gbajimba,Gbajimba,Gbajimba,true,HIGH,https://zipcodes.ng/guma-l-g-a-zip-code/
970104,BE,Benue,Guma,Gbajimba,Gbajimba,Gbajimba,true,HIGH,https://zipcodes.ng/guma-l-g-a-zip-code/
970105,BE,Benue,Guma,Gbajimba,Gbajimba,Gbajimba,true,HIGH,https://zipcodes.ng/guma-l-g-a-zip-code/
971101,BE,Benue,Gwer East,Aliade,Aliade,Aliade,true,MEDIUM,https://zipcodes.ng/gwer-east-west/
971102,BE,Benue,Gwer East,Aliade,Aliade,Aliade,true,MEDIUM,https://zipcodes.ng/gwer-east-west/
971103,BE,Benue,Gwer East,Aliade,Aliade,Aliade,true,MEDIUM,https://zipcodes.ng/gwer-east-west/
971104,BE,Benue,Gwer East,Aliade,Aliade,Aliade,true,MEDIUM,https://zipcodes.ng/gwer-east-west/
971105,BE,Benue,Gwer East,Aliade,Aliade,Aliade,true,MEDIUM,https://zipcodes.ng/gwer-east-west/
971109,BE,Benue,Konshisha,Tse-Agberagba,Tse-Agberagba,Tse-Agberagba,true,HIGH,https://zipcodes.ng/konshisha/
971110,BE,Benue,Konshisha,Tse-Agberagba,Tse-Agberagba,Tse-Agberagba,true,HIGH,https://zipcodes.ng/konshisha/
972103,BE,Benue,Ohimini,Otukpa,Otukpa,Otukpa,true,HIGH,https://zipcodes.ng/ohimin/
972104,BE,Benue,Ohimini,Otukpa,Otukpa,Otukpa,true,HIGH,https://zipcodes.ng/ohimin/
972105,BE,Benue,Ohimini,Otukpa,Otukpa,Otukpa,true,HIGH,https://zipcodes.ng/ohimin/
972106,BE,Benue,Ohimini,Otukpa,Otukpa,Otukpa,true,HIGH,https://zipcodes.ng/ohimin/
972107,BE,Benue,Apa,Otukpo,Otukpo,Otukpo,true,HIGH,https://zipcodes.ng/apa/
972108,BE,Benue,Agatu,Obagaji,Obagaji,Obagaji,true,HIGH,https://zipcodes.ng/agatu/
972211,BE,Benue,Otukpo,Otukpo,Otukpo,Otukpo,true,HIGH,https://zipcodes.ng/otukpo/
972212,BE,Benue,Otukpo,Otukpo,Otukpo,Otukpo,true,HIGH,https://zipcodes.ng/otukpo/
972214,BE,Benue,Otukpo,Otukpo,Otukpo,Otukpo,true,HIGH,https://zipcodes.ng/otukpo/
972221,BE,Benue,Otukpo,Otukpo,Otukpo,Otukpo,true,HIGH,https://zipcodes.ng/otukpo/
972222,BE,Benue,Otukpo,Otukpo,Otukpo,Otukpo,true,HIGH,https://zipcodes.ng/otukpo/
972223,BE,Benue,Otukpo,Otukpo,Otukpo,Otukpo,true,HIGH,https://zipcodes.ng/otukpo/
972224,BE,Benue,Otukpo,Otukpo,Otukpo,Otukpo,true,HIGH,https://zipcodes.ng/otukpo/
972231,BE,Benue,Otukpo,Otukpo,Otukpo,Otukpo,true,HIGH,https://zipcodes.ng/otukpo/
972232,BE,Benue,Otukpo,Otukpo,Otukpo,Otukpo,true,HIGH,https://zipcodes.ng/otukpo/
972233,BE,Benue,Otukpo,Otukpo,Otukpo,Otukpo,true,HIGH,https://zipcodes.ng/otukpo/
972241,BE,Benue,Otukpo,Otukpo,Otukpo,Otukpo,true,HIGH,https://zipcodes.ng/otukpo/
972242,BE,Benue,Otukpo,Otukpo,Otukpo,Otukpo,true,HIGH,https://zipcodes.ng/otukpo/
972251,BE,Benue,Otukpo,Otukpo,Otukpo,Otukpo,true,HIGH,https://zipcodes.ng/otukpo/
972252,BE,Benue,Otukpo,Otukpo,Otukpo,Otukpo,true,HIGH,https://zipcodes.ng/otukpo/
972261,BE,Benue,Otukpo,Otukpo,Otukpo,Otukpo,true,HIGH,https://zipcodes.ng/otukpo/
973101,BE,Benue,Okpokwu,Okpoga,Okpoga,Okpoga,true,HIGH,https://zipcodes.ng/okpokwu/
973102,BE,Benue,Okpokwu,Okpoga,Okpoga,Okpoga,true,HIGH,https://zipcodes.ng/okpokwu/
973103,BE,Benue,Okpokwu,Okpoga,Okpoga,Okpoga,true,HIGH,https://zipcodes.ng/okpokwu/
973104,BE,Benue,Okpokwu,Okpoga,Okpoga,Okpoga,true,HIGH,https://zipcodes.ng/okpokwu/
973105,BE,Benue,Okpokwu,Okpoga,Okpoga,Okpoga,true,HIGH,https://zipcodes.ng/okpokwu/
973106,BE,Benue,Okpokwu,Okpoga,Okpoga,Okpoga,true,HIGH,https://zipcodes.ng/okpokwu/
973107,BE,Benue,Ado,Igumale,Igumale,Igumale,true,HIGH,https://zipcodes.ng/ado-2/
973108,BE,Benue,Ado,Igumale,Igumale,Igumale,true,HIGH,https://zipcodes.ng/ado-2/
973109,BE,Benue,Ado,Igumale,Igumale,Igumale,true,HIGH,https://zipcodes.ng/ado-2/
973110,BE,Benue,Ado,Igumale,Igumale,Igumale,true,HIGH,https://zipcodes.ng/ado-2/
980101,BE,Benue,Logo,Ugba,Ugba,Ugba,true,HIGH,https://zipcodes.ng/logo/
980102,BE,Benue,Logo,Ugba,Ugba,Ugba,true,HIGH,https://zipcodes.ng/logo/
980103,BE,Benue,Logo,Ugba,Ugba,Ugba,true,HIGH,https://zipcodes.ng/logo/
980104,BE,Benue,Logo,Ugba,Ugba,Ugba,true,HIGH,https://zipcodes.ng/logo/
980105,BE,Benue,Logo,Ugba,Ugba,Ugba,true,HIGH,https://zipcodes.ng/logo/
980106,BE,Benue,Logo,Ugba,Ugba,Ugba,true,HIGH,https://zipcodes.ng/logo/
980107,BE,Benue,Logo,Ugba,Ugba,Ugba,true,HIGH,https://zipcodes.ng/logo/
980108,BE,Benue,Logo,Ugba,Ugba,Ugba,true,HIGH,https://zipcodes.ng/logo/
980109,BE,Benue,Logo,Ugba,Ugba,Ugba,true,HIGH,https://zipcodes.ng/logo/
980110,BE,Benue,Logo,Ugba,Ugba,Ugba,true,HIGH,https://zipcodes.ng/logo/
981101,BE,Benue,Gboko,Gboko,Gboko,Gboko,true,HIGH,https://zipcodes.ng/gboko/
981102,BE,Benue,Gboko,Gboko,Gboko,Gboko,true,HIGH,https://zipcodes.ng/gboko/
981103,BE,Benue,Buruku,Buruku,Buruku,Buruku,true,HIGH,https://zipcodes.ng/buruku/
981105,BE,Benue,Buruku,Buruku,Buruku,Buruku,true,HIGH,https://zipcodes.ng/buruku/
981107,BE,Benue,Buruku,Buruku,Buruku,Buruku,true,HIGH,https://zipcodes.ng/buruku/
981108,BE,Benue,Buruku,Buruku,Buruku,Buruku,true,HIGH,https://zipcodes.ng/buruku/
981114,BE,Benue,Ushongo,Tsambe,Tsambe,Tsambe,true,HIGH,https://zipcodes.ng/ushongo/
981115,BE,Benue,Ushongo,Tsambe,Tsambe,Tsambe,true,HIGH,https://zipcodes.ng/ushongo/
981116,BE,Benue,Ushongo,Tsambe,Tsambe,Tsambe,true,HIGH,https://zipcodes.ng/ushongo/
981117,BE,Benue,Ushongo,Tsambe,Tsambe,Tsambe,true,HIGH,https://zipcodes.ng/ushongo/
981118,BE,Benue,Ushongo,Tsambe,Tsambe,Tsambe,true,HIGH,https://zipcodes.ng/ushongo/
982101,BE,Benue,Kwande,Adikpo,Adikpo,Adikpo,true,HIGH,https://zipcodes.ng/kwande/
982102,BE,Benue,Kwande,Adikpo,Adikpo,Adikpo,true,HIGH,https://zipcodes.ng/kwande/
982103,BE,Benue,Kwande,Adikpo,Adikpo,Adikpo,true,HIGH,https://zipcodes.ng/kwande/
982104,BE,Benue,Kwande,Adikpo,Adikpo,Adikpo,true,HIGH,https://zipcodes.ng/kwande/
982105,BE,Benue,Vandeikya,Vandeikya,Vandeikya,Vandeikya,true,HIGH,https://zipcodes.ng/vandeikya/
982106,BE,Benue,Vandeikya,Vandeikya,Vandeikya,Vandeikya,true,HIGH,https://zipcodes.ng/vandeikya/
982107,BE,Benue,Vandeikya,Vandeikya,Vandeikya,Vandeikya,true,HIGH,https://zipcodes.ng/vandeikya/
982108,BE,Benue,Vandeikya,Vandeikya,Vandeikya,Vandeikya,true,HIGH,https://zipcodes.ng/vandeikya/
982109,BE,Benue,Vandeikya,Vandeikya,Vandeikya,Vandeikya,true,HIGH,https://zipcodes.ng/vandeikya/
982110,BE,Benue,Vandeikya,Vandeikya,Vandeikya,Vandeikya,true,HIGH,https://zipcodes.ng/vandeikya/
982111,BE,Benue,Vandeikya,Vandeikya,Vandeikya,Vandeikya,true,HIGH,https://zipcodes.ng/vandeikya/
982112,BE,Benue,Vandeikya,Vandeikya,Vandeikya,Vandeikya,true,HIGH,https://zipcodes.ng/vandeikya/
